record_id,calling_number,called_number,start_time,duration_seconds,call_type
CDR-000001,916665802686,916729640279,2025-01-01T00:07:05+05:30,0,sms
CDR-000002,919647323963,916641395672,2025-01-01T00:37:41+05:30,22,voice
CDR-000003,917989228447,916912523398,2025-01-01T04:23:04+05:30,33,voice
CDR-000004,916309630372,916022038739,2025-01-01T06:26:21+05:30,85,voice
CDR-000005,918525720621,918524624102,2025-01-01T06:46:50+05:30,45,voice
CDR-000006,918437653138,916812873288,2025-01-01T06:53:59+05:30,11,voice
CDR-000007,918485143212,916479900999,2025-01-01T06:56:31+05:30,69,voice
CDR-000008,918332441743,919342059358,2025-01-01T07:58:35+05:30,12,voice
CDR-000009,917545969696,917837617691,2025-01-01T08:02:09+05:30,13,voice
CDR-000010,918525720621,919772591901,2025-01-01T08:17:11+05:30,372,voice
CDR-000011,916849321768,917876457943,2025-01-01T08:19:10+05:30,0,sms
CDR-000012,919571619646,916641395672,2025-01-01T08:48:46+05:30,41,voice
CDR-000013,916082251340,917630871663,2025-01-01T09:23:53+05:30,27,voice
CDR-000014,919797302867,916424188799,2025-01-01T09:26:04+05:30,129,voice
CDR-000015,918452335165,917545969696,2025-01-01T09:37:03+05:30,19,voice
CDR-000016,917388520357,917952549560,2025-01-01T09:45:37+05:30,88,voice
CDR-000017,916026997648,918766270784,2025-01-01T09:52:37+05:30,128,voice
CDR-000018,917837617691,916665802686,2025-01-01T10:12:20+05:30,300,voice
CDR-000019,919415717273,918829009322,2025-01-01T10:13:27+05:30,13,voice
CDR-000020,916997171985,917876457943,2025-01-01T10:18:42+05:30,0,sms
CDR-000021,916665802686,918851286499,2025-01-01T10:27:53+05:30,0,sms
CDR-000022,918547024696,917545969696,2025-01-01T10:39:29+05:30,115,voice
CDR-000023,918600238302,918680810632,2025-01-01T10:54:54+05:30,0,sms
CDR-000024,919744215949,916770012075,2025-01-01T11:06:20+05:30,107,voice
CDR-000025,918065255396,917616371951,2025-01-01T11:27:09+05:30,91,voice
CDR-000026,916787800822,916665802686,2025-01-01T12:07:09+05:30,91,voice
CDR-000027,916017179896,919747267016,2025-01-01T12:19:03+05:30,44,voice
CDR-000028,919371826549,916931872820,2025-01-01T13:03:17+05:30,30,voice
CDR-000029,918238710435,918829009322,2025-01-01T13:35:54+05:30,5,voice
CDR-000030,919688936655,919153442407,2025-01-01T14:30:12+05:30,0,sms
CDR-000031,917556372626,916543832315,2025-01-01T15:24:35+05:30,57,voice
CDR-000032,918829009322,916729640279,2025-01-01T15:43:55+05:30,72,voice
CDR-000033,916367453616,916424188799,2025-01-01T15:44:44+05:30,14,voice
CDR-000034,918251165584,917914834602,2025-01-01T15:45:51+05:30,52,voice
CDR-000035,918851286499,916665802686,2025-01-01T15:52:53+05:30,5,voice
CDR-000036,917814266084,918547024696,2025-01-01T16:07:58+05:30,47,voice
CDR-000037,918437653138,916812873288,2025-01-01T16:26:24+05:30,37,voice
CDR-000038,916694321946,916082251340,2025-01-01T16:35:17+05:30,12,voice
CDR-000039,918771974035,916309630372,2025-01-01T16:53:07+05:30,35,voice
CDR-000040,917730176490,916641395672,2025-01-01T17:07:44+05:30,172,voice
CDR-000041,919797302867,916424188799,2025-01-01T17:36:53+05:30,37,voice
CDR-000042,919415717273,918829009322,2025-01-01T17:49:58+05:30,55,voice
CDR-000043,916787800822,916812873288,2025-01-01T18:00:17+05:30,46,voice
CDR-000044,916770012075,917268526587,2025-01-01T18:04:44+05:30,0,sms
CDR-000045,917545969696,917485979569,2025-01-01T18:10:27+05:30,258,voice
CDR-000046,917679658289,916876538782,2025-01-01T19:11:20+05:30,33,voice
CDR-000047,916641395672,919571619646,2025-01-01T19:30:47+05:30,30,voice
CDR-000048,917679658289,917846947792,2025-01-01T19:31:35+05:30,143,voice
CDR-000049,918845716772,916051518115,2025-01-01T19:36:53+05:30,0,sms
CDR-000050,916026997648,916876538782,2025-01-01T19:47:56+05:30,0,sms
CDR-000051,918184188031,917876457943,2025-01-01T19:53:59+05:30,501,voice
CDR-000052,916852224261,916996582331,2025-01-01T20:09:11+05:30,0,sms
CDR-000053,916641395672,919571619646,2025-01-01T20:55:21+05:30,88,voice
CDR-000054,919577944637,919415717273,2025-01-01T20:59:45+05:30,43,voice
CDR-000055,918973120296,919577944637,2025-01-01T21:02:49+05:30,174,voice
CDR-000056,918524624102,919415717273,2025-01-01T21:35:29+05:30,0,sms
CDR-000057,916424188799,916852224261,2025-01-01T22:31:39+05:30,0,sms
CDR-000058,918510841654,918973120296,2025-01-01T22:32:25+05:30,0,sms
CDR-000059,919326047954,916017179896,2025-01-01T22:38:21+05:30,93,voice
CDR-000060,916217338638,916665802686,2025-01-01T22:40:30+05:30,74,voice
CDR-000061,916641395672,917730176490,2025-01-01T22:43:04+05:30,43,voice
CDR-000062,917388520357,919747267016,2025-01-01T22:48:40+05:30,73,voice
CDR-000063,917914834602,916535545166,2025-01-01T23:11:20+05:30,150,voice
CDR-000064,918829009322,917679658289,2025-01-01T23:12:49+05:30,29,voice
CDR-000065,916275552433,916691567852,2025-01-01T23:18:59+05:30,11,voice
CDR-000066,917147613772,918184188031,2025-01-01T23:26:26+05:30,0,sms
CDR-000067,916424188799,916367453616,2025-01-01T23:35:02+05:30,97,voice
CDR-000068,918224632063,919415717273,2025-01-02T00:15:16+05:30,0,sms
CDR-000069,916424188799,919797302867,2025-01-02T05:31:33+05:30,33,voice
CDR-000070,917260443015,917556372626,2025-01-02T06:02:50+05:30,89,voice
CDR-000071,918238710435,917679658289,2025-01-02T06:31:41+05:30,10,voice
CDR-000072,919647323963,916641395672,2025-01-02T06:49:48+05:30,0,sms
CDR-000073,918452335165,917545969696,2025-01-02T06:54:28+05:30,136,voice
CDR-000074,918452335165,919690393547,2025-01-02T07:00:08+05:30,0,sms
CDR-000075,919600233059,916309630372,2025-01-02T07:28:25+05:30,42,voice
CDR-000076,918829009322,916729640279,2025-01-02T08:01:58+05:30,63,voice
CDR-000077,917888064876,916852224261,2025-01-02T08:16:55+05:30,369,voice
CDR-000078,917989228447,916555122302,2025-01-02T08:34:04+05:30,0,sms
CDR-000079,916309630372,916022038739,2025-01-02T09:10:27+05:30,76,voice
CDR-000080,918452335165,917545969696,2025-01-02T09:25:40+05:30,43,voice
CDR-000081,918829009322,916729640279,2025-01-02T09:38:33+05:30,0,sms
CDR-000082,916876538782,917679658289,2025-01-02T09:43:54+05:30,0,sms
CDR-000083,918238710435,917679658289,2025-01-02T09:44:05+05:30,0,sms
CDR-000084,916960990031,916309630372,2025-01-02T09:53:03+05:30,82,voice
CDR-000085,918973120296,918829009322,2025-01-02T10:01:22+05:30,131,voice
CDR-000086,918973120296,918829009322,2025-01-02T10:09:22+05:30,52,voice
CDR-000087,919571619646,917846947792,2025-01-02T10:15:54+05:30,0,sms
CDR-000088,916543832315,917260443015,2025-01-02T10:21:23+05:30,125,voice
CDR-000089,917952549560,919747267016,2025-01-02T10:55:39+05:30,98,voice
CDR-000090,918823052386,917888064876,2025-01-02T10:57:42+05:30,84,voice
CDR-000091,919797302867,916424188799,2025-01-02T12:12:18+05:30,85,voice
CDR-000092,919371826549,916996582331,2025-01-02T12:26:17+05:30,12,voice
CDR-000093,918510841654,916026997648,2025-01-02T12:28:27+05:30,77,voice
CDR-000094,916367453616,916424188799,2025-01-02T12:36:01+05:30,44,voice
CDR-000095,916855008436,916082251340,2025-01-02T12:43:27+05:30,21,voice
CDR-000096,916194464851,917876587248,2025-01-02T12:54:46+05:30,16,voice
CDR-000097,916694321946,918510841654,2025-01-02T12:55:29+05:30,66,voice
CDR-000098,917388520357,916051518115,2025-01-02T12:58:48+05:30,116,voice
CDR-000099,918485143212,916479900999,2025-01-02T13:10:03+05:30,33,voice
CDR-000100,917545969696,917485979569,2025-01-02T13:34:51+05:30,35,voice
CDR-000101,919744215949,919342059358,2025-01-02T14:00:41+05:30,301,voice
CDR-000102,918517802039,916637885677,2025-01-02T14:04:52+05:30,72,voice
CDR-000103,918251165584,917914834602,2025-01-02T15:06:58+05:30,29,voice
CDR-000104,917500083076,916017179896,2025-01-02T15:11:27+05:30,0,sms
CDR-000105,917260443015,916543832315,2025-01-02T15:18:08+05:30,24,voice
CDR-000106,916641395672,919647323963,2025-01-02T15:20:31+05:30,40,voice
CDR-000107,916694321946,918829009322,2025-01-02T15:33:38+05:30,22,voice
CDR-000108,918525720621,916017179896,2025-01-02T15:38:55+05:30,138,voice
CDR-000109,919797302867,916367453616,2025-01-02T15:41:25+05:30,0,sms
CDR-000110,916424188799,916852224261,2025-01-02T15:49:13+05:30,223,voice
CDR-000111,919342059358,918527357736,2025-01-02T17:01:41+05:30,159,voice
CDR-000112,918452335165,917545969696,2025-01-02T17:05:44+05:30,0,sms
CDR-000113,918238710435,918081943102,2025-01-02T17:30:14+05:30,54,voice
CDR-000114,917147613772,918184188031,2025-01-02T17:31:27+05:30,25,voice
CDR-000115,917876457943,917147613772,2025-01-02T17:40:41+05:30,0,sms
CDR-000116,917679658289,916876538782,2025-01-02T17:55:42+05:30,58,voice
CDR-000117,916937699779,916122729730,2025-01-02T18:06:26+05:30,62,voice
CDR-000118,916435668733,917260443015,2025-01-02T18:26:07+05:30,63,voice
CDR-000119,918251165584,918572218538,2025-01-02T18:40:55+05:30,114,voice
CDR-000120,916876538782,917679658289,2025-01-02T18:53:43+05:30,199,voice
CDR-000121,916665802686,916637885677,2025-01-02T18:58:43+05:30,145,voice
CDR-000122,918251165584,917914834602,2025-01-02T19:36:45+05:30,0,sms
CDR-000123,917876457943,916849321768,2025-01-02T20:46:06+05:30,71,voice
CDR-000124,916017179896,917500083076,2025-01-02T20:59:47+05:30,70,voice
CDR-000125,916694321946,916082251340,2025-01-02T21:02:56+05:30,95,voice
CDR-000126,916217338638,918547024696,2025-01-02T21:07:30+05:30,61,voice
CDR-000127,918973120296,918510841654,2025-01-02T21:07:38+05:30,162,voice
CDR-000128,919797302867,917187698223,2025-01-02T21:37:55+05:30,10,voice
CDR-000129,919384822654,916555122302,2025-01-02T22:04:02+05:30,57,voice
CDR-000130,917447202903,916637885677,2025-01-02T22:18:17+05:30,114,voice
CDR-000131,918382865694,918572218538,2025-01-02T22:23:57+05:30,45,voice
CDR-000132,918829009322,917679658289,2025-01-02T22:45:45+05:30,132,voice
CDR-000133,916309630372,918771974035,2025-01-02T23:03:55+05:30,53,voice
CDR-000134,916787800822,916665802686,2025-01-02T23:07:02+05:30,26,voice
CDR-000135,916665802686,916787800822,2025-01-02T23:16:03+05:30,65,voice
CDR-000136,916702951376,917147613772,2025-01-02T23:24:13+05:30,13,voice
CDR-000137,916051518115,916017179896,2025-01-02T23:54:01+05:30,84,voice
CDR-000138,916637885677,918437653138,2025-01-03T00:35:01+05:30,64,voice
CDR-000139,919415717273,918829009322,2025-01-03T04:10:16+05:30,231,voice
CDR-000140,916849321768,916375107792,2025-01-03T04:40:41+05:30,0,sms
CDR-000141,917187698223,919797302867,2025-01-03T07:13:06+05:30,83,voice
CDR-000142,916996582331,918227250029,2025-01-03T07:19:12+05:30,15,voice
CDR-000143,916367453616,916424188799,2025-01-03T07:39:24+05:30,11,voice
CDR-000144,916435668733,916637885677,2025-01-03T07:39:26+05:30,35,voice
CDR-000145,918332441743,919342059358,2025-01-03T07:43:39+05:30,31,voice
CDR-000146,919384822654,916309630372,2025-01-03T08:11:12+05:30,334,voice
CDR-000147,918452335165,919994738491,2025-01-03T08:20:34+05:30,66,voice
CDR-000148,916026997648,918766270784,2025-01-03T08:32:58+05:30,17,voice
CDR-000149,919747267016,918845716772,2025-01-03T09:17:04+05:30,72,voice
CDR-000150,919994738491,917837617691,2025-01-03T09:24:55+05:30,11,voice
CDR-000151,919772591901,918525720621,2025-01-03T09:40:43+05:30,120,voice
CDR-000152,916694321946,919415717273,2025-01-03T09:45:54+05:30,53,voice
CDR-000153,917187698223,919797302867,2025-01-03T09:52:40+05:30,99,voice
CDR-000154,916122729730,917268526587,2025-01-03T10:27:00+05:30,248,voice
CDR-000155,918251165584,918047654190,2025-01-03T10:28:52+05:30,58,voice
CDR-000156,917500083076,917679658289,2025-01-03T10:44:15+05:30,95,voice
CDR-000157,917970653224,919384822654,2025-01-03T11:14:49+05:30,99,voice
CDR-000158,916217338638,916812873288,2025-01-03T11:16:28+05:30,0,sms
CDR-000159,917989228447,919647323963,2025-01-03T11:37:45+05:30,0,sms
CDR-000160,918829009322,918524624102,2025-01-03T11:54:14+05:30,65,voice
CDR-000161,919384822654,916309630372,2025-01-03T12:38:47+05:30,52,voice
CDR-000162,918600238302,918680810632,2025-01-03T12:39:33+05:30,101,voice
CDR-000163,918973120296,918510841654,2025-01-03T12:46:17+05:30,0,sms
CDR-000164,917353300525,917260443015,2025-01-03T13:25:34+05:30,55,voice
CDR-000165,916637885677,918517802039,2025-01-03T13:45:27+05:30,79,voice
CDR-000166,917679658289,916876538782,2025-01-03T13:56:59+05:30,122,voice
CDR-000167,917989228447,916641395672,2025-01-03T14:08:17+05:30,74,voice
CDR-000168,919772591901,916729640279,2025-01-03T14:10:03+05:30,58,voice
CDR-000169,918547024696,918452335165,2025-01-03T14:30:04+05:30,0,sms
CDR-000170,919540149042,919136751526,2025-01-03T14:47:33+05:30,77,voice
CDR-000171,916051518115,918065255396,2025-01-03T14:54:22+05:30,273,voice
CDR-000172,917844273643,919896703780,2025-01-03T14:57:40+05:30,115,voice
CDR-000173,919415717273,916694321946,2025-01-03T15:27:15+05:30,56,voice
CDR-000174,917989228447,919647323963,2025-01-03T15:30:47+05:30,363,voice
CDR-000175,916082251340,916694321946,2025-01-03T16:11:49+05:30,0,sms
CDR-000176,916309630372,919600233059,2025-01-03T16:18:55+05:30,48,voice
CDR-000177,917970653224,918547024696,2025-01-03T16:25:46+05:30,348,voice
CDR-000178,918829009322,916729640279,2025-01-03T16:31:51+05:30,19,voice
CDR-000179,916852224261,916367453616,2025-01-03T17:31:53+05:30,14,voice
CDR-000180,917630871663,916855008436,2025-01-03T18:00:08+05:30,25,voice
CDR-000181,916217338638,916665802686,2025-01-03T18:03:08+05:30,46,voice
CDR-000182,919342059358,919744215949,2025-01-03T18:07:57+05:30,51,voice
CDR-000183,919384822654,917970653224,2025-01-03T18:41:27+05:30,651,voice
CDR-000184,916637885677,918437653138,2025-01-03T18:45:52+05:30,107,voice
CDR-000185,916960990031,916691567852,2025-01-03T18:59:08+05:30,0,sms
CDR-000186,918238710435,918829009322,2025-01-03T19:08:44+05:30,54,voice
CDR-000187,917147613772,916702951376,2025-01-03T19:12:35+05:30,280,voice
CDR-000188,917914834602,918251165584,2025-01-03T19:26:58+05:30,17,voice
CDR-000189,919371826549,916931872820,2025-01-03T19:29:04+05:30,0,sms
CDR-000190,919714540957,916122729730,2025-01-03T19:44:27+05:30,698,voice
CDR-000191,916931872820,916194464851,2025-01-03T19:54:51+05:30,79,voice
CDR-000192,916937699779,916122729730,2025-01-03T19:58:12+05:30,58,voice
CDR-000193,919415717273,918525720621,2025-01-03T20:58:04+05:30,9,voice
CDR-000194,916691567852,916960990031,2025-01-03T21:19:00+05:30,98,voice
CDR-000195,916479900999,916852224261,2025-01-03T21:28:39+05:30,220,voice
CDR-000196,918829009322,918524624102,2025-01-03T21:54:44+05:30,59,voice
CDR-000197,917989228447,916912523398,2025-01-03T21:55:37+05:30,113,voice
CDR-000198,918224632063,919415717273,2025-01-03T22:16:44+05:30,81,voice
CDR-000199,917730176490,916641395672,2025-01-03T22:18:12+05:30,102,voice
CDR-000200,916479900999,918485143212,2025-01-03T22:19:38+05:30,103,voice
CDR-000201,917545969696,916637885677,2025-01-03T22:20:29+05:30,57,voice
CDR-000202,918184188031,917147613772,2025-01-03T22:31:35+05:30,130,voice
CDR-000203,917888064876,916852224261,2025-01-03T22:54:26+05:30,0,sms
CDR-000204,916852224261,916424188799,2025-01-03T23:10:28+05:30,22,voice
CDR-000205,916849321768,919384822654,2025-01-03T23:15:30+05:30,0,sms
CDR-000206,918184188031,917844273643,2025-01-03T23:15:38+05:30,84,voice
CDR-000207,916876538782,918766270784,2025-01-03T23:19:44+05:30,70,voice
CDR-000208,918829009322,916017179896,2025-01-03T23:34:51+05:30,67,voice
CDR-000209,916217338638,916665802686,2025-01-04T00:54:07+05:30,0,sms
CDR-000210,916367453616,916424188799,2025-01-04T02:51:38+05:30,0,sms
CDR-000211,916876538782,917679658289,2025-01-04T03:05:56+05:30,48,voice
CDR-000212,916694321946,919415717273,2025-01-04T03:50:18+05:30,86,voice
CDR-000213,916637885677,917970653224,2025-01-04T03:59:42+05:30,58,voice
CDR-000214,917630871663,916509638924,2025-01-04T04:00:38+05:30,37,voice
CDR-000215,919577944637,916293377920,2025-01-04T06:24:18+05:30,57,voice
CDR-000216,917500083076,916876538782,2025-01-04T06:31:18+05:30,9,voice
CDR-000217,918332441743,918527357736,2025-01-04T06:31:48+05:30,0,sms
CDR-000218,918510841654,918973120296,2025-01-04T06:42:03+05:30,52,voice
CDR-000219,919772591901,916729640279,2025-01-04T06:44:06+05:30,21,voice
CDR-000220,919690393547,917545969696,2025-01-04T07:11:42+05:30,54,voice
CDR-000221,917260443015,917556372626,2025-01-04T07:25:13+05:30,533,voice
CDR-000222,917914834602,918251165584,2025-01-04T07:49:20+05:30,60,voice
CDR-000223,919714540957,916770012075,2025-01-04T08:14:07+05:30,65,voice
CDR-000224,916194464851,917616371951,2025-01-04T08:23:58+05:30,100,voice
CDR-000225,918680810632,918600238302,2025-01-04T08:26:13+05:30,57,voice
CDR-000226,917679658289,918829009322,2025-01-04T08:31:23+05:30,180,voice
CDR-000227,916026997648,917930732092,2025-01-04T08:32:57+05:30,86,voice
CDR-000228,916051518115,918065255396,2025-01-04T08:42:38+05:30,42,voice
CDR-000229,918772528373,916223553521,2025-01-04T08:55:10+05:30,66,voice
CDR-000230,919384822654,916309630372,2025-01-04T09:14:57+05:30,57,voice
CDR-000231,919415717273,918829009322,2025-01-04T09:27:12+05:30,30,voice
CDR-000232,917930732092,916026997648,2025-01-04T10:11:11+05:30,901,voice
CDR-000233,918332441743,918527357736,2025-01-04T10:30:41+05:30,6,voice
CDR-000234,917485979569,917545969696,2025-01-04T11:15:55+05:30,159,voice
CDR-000235,918382865694,916935101816,2025-01-04T11:18:54+05:30,101,voice
CDR-000236,916641395672,919647323963,2025-01-04T11:38:18+05:30,0,sms
CDR-000237,917914834602,918251165584,2025-01-04T12:30:04+05:30,0,sms
CDR-000238,918829009322,916729640279,2025-01-04T12:55:59+05:30,45,voice
CDR-000239,916309630372,916960990031,2025-01-04T13:06:14+05:30,0,sms
CDR-000240,916518301062,916367453616,2025-01-04T13:14:11+05:30,44,voice
CDR-000241,916641395672,917730176490,2025-01-04T13:31:22+05:30,42,voice
CDR-000242,916275552433,916691567852,2025-01-04T14:00:43+05:30,0,sms
CDR-000243,918525720621,919577944637,2025-01-04T14:01:10+05:30,61,voice
CDR-000244,918437653138,918600238302,2025-01-04T14:01:25+05:30,119,voice
CDR-000245,916935101816,916424188799,2025-01-04T14:03:00+05:30,43,voice
CDR-000246,916852224261,916424188799,2025-01-04T14:04:35+05:30,354,voice
CDR-000247,916787800822,916665802686,2025-01-04T14:21:23+05:30,23,voice
CDR-000248,917814266084,918547024696,2025-01-04T14:31:40+05:30,98,voice
CDR-000249,919384822654,916309630372,2025-01-04T14:46:39+05:30,165,voice
CDR-000250,919577944637,916729640279,2025-01-04T14:59:54+05:30,72,voice
CDR-000251,916852224261,916996582331,2025-01-04T15:41:12+05:30,56,voice
CDR-000252,916026997648,916876538782,2025-01-04T15:42:33+05:30,86,voice
CDR-000253,919577944637,919326047954,2025-01-04T16:08:57+05:30,182,voice
CDR-000254,916876538782,917630871663,2025-01-04T16:24:53+05:30,47,voice
CDR-000255,918525720621,918524624102,2025-01-04T16:26:37+05:30,33,voice
CDR-000256,916367453616,919742990720,2025-01-04T16:30:32+05:30,40,voice
CDR-000257,916729640279,916876538782,2025-01-04T17:10:42+05:30,0,sms
CDR-000258,918437653138,916637885677,2025-01-04T17:11:00+05:30,28,voice
CDR-000259,918452335165,917837617691,2025-01-04T17:22:53+05:30,238,voice
CDR-000260,916367453616,916424188799,2025-01-04T17:59:09+05:30,172,voice
CDR-000261,916479900999,919742990720,2025-01-04T18:08:04+05:30,234,voice
CDR-000262,916931872820,919371826549,2025-01-04T18:29:49+05:30,118,voice
CDR-000263,918973120296,918829009322,2025-01-04T18:35:05+05:30,60,voice
CDR-000264,916509638924,917630871663,2025-01-04T18:44:31+05:30,43,voice
CDR-000265,916641395672,919647323963,2025-01-04T18:49:43+05:30,100,voice
CDR-000266,917876457943,917844273643,2025-01-04T19:13:29+05:30,9,voice
CDR-000267,916937699779,916122729730,2025-01-04T19:35:02+05:30,0,sms
CDR-000268,918332441743,919342059358,2025-01-04T19:40:39+05:30,56,voice
CDR-000269,916051518115,919772591901,2025-01-04T19:41:28+05:30,138,voice
CDR-000270,917989228447,916912523398,2025-01-04T19:55:45+05:30,23,voice
CDR-000271,916026997648,918766270784,2025-01-04T20:14:49+05:30,14,voice
CDR-000272,918766270784,916026997648,2025-01-04T20:31:07+05:30,45,voice
CDR-000273,916051518115,918525720621,2025-01-04T20:54:00+05:30,24,voice
CDR-000274,917538776094,916996582331,2025-01-04T21:06:51+05:30,195,voice
CDR-000275,918843189740,917187698223,2025-01-04T21:14:51+05:30,0,sms
CDR-000276,917447202903,916665802686,2025-01-04T21:31:26+05:30,157,voice
CDR-000277,918572218538,917914834602,2025-01-04T21:38:29+05:30,6,voice
CDR-000278,917989228447,916555122302,2025-01-04T22:21:50+05:30,0,sms
CDR-000279,916017179896,918525720621,2025-01-04T22:22:10+05:30,53,voice
CDR-000280,917814266084,917837617691,2025-01-04T22:22:46+05:30,5,voice
CDR-000281,919772591901,919415717273,2025-01-04T22:30:00+05:30,164,voice
CDR-000282,918251165584,918572218538,2025-01-04T23:07:12+05:30,70,voice
CDR-000283,918047654190,918065255396,2025-01-04T23:15:13+05:30,71,voice
CDR-000284,916849321768,917876457943,2025-01-04T23:16:21+05:30,46,voice
CDR-000285,919797302867,916424188799,2025-01-04T23:23:12+05:30,0,sms
CDR-000286,917469027111,916479900999,2025-01-04T23:39:22+05:30,0,sms
CDR-000287,917469027111,916479900999,2025-01-04T23:39:27+05:30,33,voice
CDR-000288,919415717273,916694321946,2025-01-04T23:50:27+05:30,0,sms
CDR-000289,917930732092,919326047954,2025-01-04T23:56:01+05:30,303,voice
CDR-000290,918600238302,916435668733,2025-01-05T00:55:40+05:30,56,voice
CDR-000291,917447202903,916637885677,2025-01-05T03:47:38+05:30,124,voice
CDR-000292,919577944637,916729640279,2025-01-05T05:17:11+05:30,74,voice
CDR-000293,916424188799,919797302867,2025-01-05T06:27:24+05:30,47,voice
CDR-000294,919371826549,917538776094,2025-01-05T06:49:58+05:30,16,voice
CDR-000295,918524624102,919415717273,2025-01-05T07:17:40+05:30,75,voice
CDR-000296,918525720621,919772591901,2025-01-05T08:23:34+05:30,74,voice
CDR-000297,918680810632,918851286499,2025-01-05T08:26:31+05:30,38,voice
CDR-000298,916931872820,919797302867,2025-01-05T08:57:33+05:30,6,voice
CDR-000299,916309630372,916997171985,2025-01-05T09:06:34+05:30,0,sms
CDR-000300,919540149042,916055439146,2025-01-05T09:33:43+05:30,0,sms
CDR-000301,916540081641,917876457943,2025-01-05T09:33:55+05:30,0,sms
CDR-000302,916367453616,916424188799,2025-01-05T09:43:11+05:30,124,voice
CDR-000303,918184188031,917876457943,2025-01-05T09:53:08+05:30,47,voice
CDR-000304,918437653138,919600308487,2025-01-05T10:03:08+05:30,57,voice
CDR-000305,919577944637,916026997648,2025-01-05T10:18:43+05:30,21,voice
CDR-000306,916888840554,916960990031,2025-01-05T10:27:36+05:30,77,voice
CDR-000307,916026997648,919577944637,2025-01-05T11:11:09+05:30,220,voice
CDR-000308,918973120296,918829009322,2025-01-05T11:41:57+05:30,309,voice
CDR-000309,916849321768,916375107792,2025-01-05T11:58:46+05:30,39,voice
CDR-000310,917556372626,916812873288,2025-01-05T12:15:53+05:30,104,voice
CDR-000311,916325845808,917353300525,2025-01-05T12:17:34+05:30,439,voice
CDR-000312,917930732092,918973120296,2025-01-05T12:30:46+05:30,193,voice
CDR-000313,919744215949,919714540957,2025-01-05T12:44:42+05:30,14,voice
CDR-000314,919747267016,918973120296,2025-01-05T12:47:24+05:30,70,voice
CDR-000315,918973120296,916026997648,2025-01-05T13:23:00+05:30,12,voice
CDR-000316,916026997648,918766270784,2025-01-05T13:57:57+05:30,97,voice
CDR-000317,919747267016,918829009322,2025-01-05T14:38:03+05:30,42,voice
CDR-000318,917876457943,917844273643,2025-01-05T14:44:51+05:30,54,voice
CDR-000319,917538776094,916996582331,2025-01-05T14:53:53+05:30,76,voice
CDR-000320,916561718843,919688936655,2025-01-05T14:59:01+05:30,73,voice
CDR-000321,916960990031,916691567852,2025-01-05T15:17:44+05:30,23,voice
CDR-000322,918771974035,916309630372,2025-01-05T15:37:08+05:30,56,voice
CDR-000323,917876457943,917147613772,2025-01-05T15:37:35+05:30,46,voice
CDR-000324,917556372626,917260443015,2025-01-05T16:03:20+05:30,471,voice
CDR-000325,917469027111,918485143212,2025-01-05T16:05:22+05:30,89,voice
CDR-000326,918547024696,917970653224,2025-01-05T16:07:58+05:30,37,voice
CDR-000327,919275070531,917919104175,2025-01-05T16:09:04+05:30,0,sms
CDR-000328,917469027111,916931872820,2025-01-05T16:14:07+05:30,66,voice
CDR-000329,919577944637,917679658289,2025-01-05T16:14:25+05:30,0,sms
CDR-000330,917353300525,916812873288,2025-01-05T16:39:22+05:30,244,voice
CDR-000331,918184188031,917876457943,2025-01-05T17:07:06+05:30,7,voice
CDR-000332,917919104175,919275070531,2025-01-05T17:15:26+05:30,186,voice
CDR-000333,916424188799,916935101816,2025-01-05T17:23:58+05:30,51,voice
CDR-000334,917147613772,916849321768,2025-01-05T17:25:33+05:30,319,voice
CDR-000335,917930732092,919326047954,2025-01-05T17:27:14+05:30,9,voice
CDR-000336,919577944637,916026997648,2025-01-05T17:57:04+05:30,271,voice
CDR-000337,919600233059,916309630372,2025-01-05T18:40:05+05:30,8,voice
CDR-000338,918600238302,916435668733,2025-01-05T18:55:02+05:30,94,voice
CDR-000339,917147613772,917876457943,2025-01-05T19:15:56+05:30,156,voice
CDR-000340,917388520357,919577944637,2025-01-05T19:17:58+05:30,18,voice
CDR-000341,916935101816,916424188799,2025-01-05T19:34:15+05:30,0,sms
CDR-000342,918382865694,916518301062,2025-01-05T20:13:41+05:30,53,voice
CDR-000343,916912523398,919647323963,2025-01-05T20:16:40+05:30,0,sms
CDR-000344,917469027111,917538776094,2025-01-05T20:28:00+05:30,41,voice
CDR-000345,916852224261,916424188799,2025-01-05T20:41:37+05:30,0,sms
CDR-000346,916935101816,916424188799,2025-01-05T20:44:51+05:30,79,voice
CDR-000347,916555122302,919571619646,2025-01-05T21:43:42+05:30,96,voice
CDR-000348,919797302867,916424188799,2025-01-05T22:03:34+05:30,138,voice
CDR-000349,916937699779,919744215949,2025-01-05T22:04:29+05:30,28,voice
CDR-000350,916637885677,919690393547,2025-01-05T22:18:53+05:30,0,sms
CDR-000351,917970653224,916309630372,2025-01-05T22:21:17+05:30,62,voice
CDR-000352,916997171985,916309630372,2025-01-05T22:24:10+05:30,109,voice
CDR-000353,919647323963,916641395672,2025-01-05T22:27:12+05:30,58,voice
CDR-000354,918510841654,918973120296,2025-01-05T22:27:13+05:30,95,voice
CDR-000355,916017179896,919747267016,2025-01-05T22:28:50+05:30,226,voice
CDR-000356,919415717273,918224632063,2025-01-05T22:48:55+05:30,13,voice
CDR-000357,919415717273,916694321946,2025-01-05T22:57:05+05:30,29,voice
CDR-000358,918452335165,918547024696,2025-01-05T23:05:36+05:30,75,voice
CDR-000359,916702951376,917147613772,2025-01-05T23:30:58+05:30,50,voice
CDR-000360,919415717273,918524624102,2025-01-06T04:32:05+05:30,267,voice
CDR-000361,916876538782,917679658289,2025-01-06T04:50:14+05:30,35,voice
CDR-000362,917187698223,919136751526,2025-01-06T07:04:20+05:30,51,voice
CDR-000363,916637885677,918437653138,2025-01-06T08:36:35+05:30,23,voice
CDR-000364,919690393547,917485979569,2025-01-06T08:50:14+05:30,44,voice
CDR-000365,917930732092,917134946256,2025-01-06T09:07:08+05:30,144,voice
CDR-000366,917616371951,916194464851,2025-01-06T09:30:14+05:30,97,voice
CDR-000367,917876457943,919600233059,2025-01-06T10:44:44+05:30,89,voice
CDR-000368,917844273643,919896703780,2025-01-06T11:16:38+05:30,454,voice
CDR-000369,916849321768,916375107792,2025-01-06T11:33:16+05:30,28,voice
CDR-000370,919688936655,919153442407,2025-01-06T11:54:21+05:30,181,voice
CDR-000371,916026997648,918973120296,2025-01-06T11:55:07+05:30,40,voice
CDR-000372,917545969696,917837617691,2025-01-06T12:03:18+05:30,94,voice
CDR-000373,916082251340,916855008436,2025-01-06T12:12:19+05:30,226,voice
CDR-000374,919647323963,917989228447,2025-01-06T12:19:26+05:30,53,voice
CDR-000375,917679658289,918829009322,2025-01-06T13:35:51+05:30,59,voice
CDR-000376,917888064876,918081943102,2025-01-06T14:09:55+05:30,139,voice
CDR-000377,918973120296,919326047954,2025-01-06T15:04:41+05:30,38,voice
CDR-000378,919688936655,919153442407,2025-01-06T15:14:48+05:30,9,voice
CDR-000379,917353300525,916812873288,2025-01-06T15:24:28+05:30,575,voice
CDR-000380,917876457943,919647323963,2025-01-06T15:40:40+05:30,34,voice
CDR-000381,918524624102,917630871663,2025-01-06T15:40:58+05:30,15,voice
CDR-000382,919714540957,916223553521,2025-01-06T16:01:50+05:30,20,voice
CDR-000383,918047654190,918251165584,2025-01-06T16:14:26+05:30,332,voice
CDR-000384,918452335165,917837617691,2025-01-06T16:54:28+05:30,28,voice
CDR-000385,916702951376,917844273643,2025-01-06T17:23:54+05:30,25,voice
CDR-000386,916424188799,918843189740,2025-01-06T17:36:43+05:30,16,voice
CDR-000387,916017179896,918525720621,2025-01-06T17:51:29+05:30,74,voice
CDR-000388,917616371951,918251165584,2025-01-06T17:52:02+05:30,47,voice
CDR-000389,916812873288,917485979569,2025-01-06T17:58:36+05:30,0,sms
CDR-000390,919747267016,918829009322,2025-01-06T18:37:47+05:30,404,voice
CDR-000391,917679658289,918510841654,2025-01-06T18:44:53+05:30,33,voice
CDR-000392,916217338638,916812873288,2025-01-06T18:47:16+05:30,0,sms
CDR-000393,918766270784,916026997648,2025-01-06T19:25:35+05:30,88,voice
CDR-000394,919744215949,916937699779,2025-01-06T19:44:22+05:30,38,voice
CDR-000395,918829009322,917679658289,2025-01-06T19:49:15+05:30,82,voice
CDR-000396,918437653138,918680810632,2025-01-06T19:50:58+05:30,9,voice
CDR-000397,917989228447,919647323963,2025-01-06T19:57:49+05:30,158,voice
CDR-000398,919577944637,918973120296,2025-01-06T20:07:02+05:30,21,voice
CDR-000399,917970653224,916637885677,2025-01-06T20:10:34+05:30,43,voice
CDR-000400,917844273643,917876457943,2025-01-06T20:15:21+05:30,142,voice
CDR-000401,918437653138,916637885677,2025-01-06T20:16:13+05:30,22,voice
CDR-000402,918452335165,917545969696,2025-01-06T20:16:58+05:30,9,voice
CDR-000403,917837617691,917814266084,2025-01-06T21:27:39+05:30,0,sms
CDR-000404,916424188799,919797302867,2025-01-06T21:36:58+05:30,65,voice
CDR-000405,916518301062,916424188799,2025-01-06T22:29:34+05:30,0,sms
CDR-000406,916641395672,917989228447,2025-01-06T22:36:56+05:30,40,voice
CDR-000407,917500083076,917679658289,2025-01-06T23:09:43+05:30,109,voice
CDR-000408,918572218538,919797302867,2025-01-06T23:17:02+05:30,172,voice
CDR-000409,919326047954,918510841654,2025-01-06T23:20:43+05:30,78,voice
CDR-000410,919772591901,916729640279,2025-01-06T23:29:14+05:30,7,voice
CDR-000411,916309630372,919571619646,2025-01-06T23:39:38+05:30,59,voice
CDR-000412,917989228447,916555122302,2025-01-06T23:46:59+05:30,55,voice
CDR-000413,918600238302,918437653138,2025-01-07T03:25:44+05:30,235,voice
CDR-000414,917919104175,917846947792,2025-01-07T06:11:18+05:30,22,voice
CDR-000415,917814266084,919690393547,2025-01-07T07:07:29+05:30,105,voice
CDR-000416,916122729730,916937699779,2025-01-07T07:25:27+05:30,63,voice
CDR-000417,916729640279,919577944637,2025-01-07T08:23:53+05:30,42,voice
CDR-000418,916309630372,919896703780,2025-01-07T08:26:33+05:30,18,voice
CDR-000419,917844273643,919896703780,2025-01-07T08:36:24+05:30,0,sms
CDR-000420,917187698223,918843189740,2025-01-07T09:15:44+05:30,18,voice
CDR-000421,917147613772,917876457943,2025-01-07T09:24:16+05:30,49,voice
CDR-000422,916194464851,917876587248,2025-01-07T09:35:48+05:30,96,voice
CDR-000423,919326047954,919577944637,2025-01-07T09:37:06+05:30,222,voice
CDR-000424,918547024696,917970653224,2025-01-07T10:04:39+05:30,14,voice
CDR-000425,918680810632,917846947792,2025-01-07T10:17:38+05:30,42,voice
CDR-000426,916641395672,919647323963,2025-01-07T10:18:34+05:30,26,voice
CDR-000427,916082251340,919415717273,2025-01-07T10:23:31+05:30,9,voice
CDR-000428,919994738491,918452335165,2025-01-07T10:31:41+05:30,68,voice
CDR-000429,916026997648,918973120296,2025-01-07T10:40:54+05:30,144,voice
CDR-000430,917837617691,916665802686,2025-01-07T11:22:16+05:30,0,sms
CDR-000431,917914834602,918572218538,2025-01-07T11:23:56+05:30,14,voice
CDR-000432,916223553521,919714540957,2025-01-07T11:32:17+05:30,149,voice
CDR-000433,916026997648,919577944637,2025-01-07T12:02:05+05:30,168,voice
CDR-000434,916026997648,918766270784,2025-01-07T12:06:06+05:30,40,voice
CDR-000435,916935101816,919797302867,2025-01-07T12:17:21+05:30,293,voice
CDR-000436,919647323963,916912523398,2025-01-07T12:18:34+05:30,0,sms
CDR-000437,919384822654,916849321768,2025-01-07T12:42:44+05:30,28,voice
CDR-000438,916367453616,916424188799,2025-01-07T12:43:17+05:30,40,voice
CDR-000439,916223553521,919744215949,2025-01-07T12:50:13+05:30,15,voice
CDR-000440,919577944637,919326047954,2025-01-07T12:50:57+05:30,37,voice
CDR-000441,917989228447,917730176490,2025-01-07T13:24:30+05:30,0,sms
CDR-000442,918973120296,917930732092,2025-01-07T13:34:25+05:30,80,voice
CDR-000443,918547024696,917837617691,2025-01-07T13:38:49+05:30,82,voice
CDR-000444,917469027111,916424188799,2025-01-07T13:45:14+05:30,70,voice
CDR-000445,917147613772,917844273643,2025-01-07T13:55:31+05:30,40,voice
CDR-000446,918251165584,918047654190,2025-01-07T14:07:56+05:30,47,voice
CDR-000447,916812873288,916217338638,2025-01-07T14:18:32+05:30,41,voice
CDR-000448,917952549560,919747267016,2025-01-07T14:19:05+05:30,20,voice
CDR-000449,916543832315,917353300525,2025-01-07T14:31:10+05:30,50,voice
CDR-000450,916479900999,917469027111,2025-01-07T14:43:59+05:30,0,sms
CDR-000451,917989228447,919153442407,2025-01-07T14:50:53+05:30,20,voice
CDR-000452,919994738491,919690393547,2025-01-07T15:09:08+05:30,36,voice
CDR-000453,918547024696,917545969696,2025-01-07T15:30:15+05:30,0,sms
CDR-000454,916275552433,919896703780,2025-01-07T15:43:13+05:30,92,voice
CDR-000455,919714540957,916122729730,2025-01-07T15:46:26+05:30,99,voice
CDR-000456,919690393547,917814266084,2025-01-07T16:04:01+05:30,23,voice
CDR-000457,919415717273,918829009322,2025-01-07T16:25:34+05:30,0,sms
CDR-000458,916309630372,919571619646,2025-01-07T16:39:55+05:30,51,voice
CDR-000459,919371826549,916996582331,2025-01-07T17:05:52+05:30,234,voice
CDR-000460,919153442407,919688936655,2025-01-07T17:14:33+05:30,15,voice
CDR-000461,919600233059,916849321768,2025-01-07T17:16:14+05:30,184,voice
CDR-000462,918547024696,917545969696,2025-01-07T17:52:50+05:30,15,voice
CDR-000463,916931872820,919371826549,2025-01-07T18:17:19+05:30,67,voice
CDR-000464,918547024696,916217338638,2025-01-07T18:26:32+05:30,10,voice
CDR-000465,919326047954,919577944637,2025-01-07T18:26:35+05:30,47,voice
CDR-000466,918238710435,917679658289,2025-01-07T18:43:59+05:30,36,voice
CDR-000467,916026997648,916876538782,2025-01-07T19:15:06+05:30,25,voice
CDR-000468,916424188799,916852224261,2025-01-07T19:32:19+05:30,83,voice
CDR-000469,916691567852,916275552433,2025-01-07T19:36:10+05:30,20,voice
CDR-000470,918437653138,917485979569,2025-01-07T19:46:37+05:30,116,voice
CDR-000471,918510841654,918973120296,2025-01-07T20:02:40+05:30,150,voice
CDR-000472,916997171985,916309630372,2025-01-07T20:18:07+05:30,0,sms
CDR-000473,919415717273,916694321946,2025-01-07T20:19:30+05:30,212,voice
CDR-000474,919577944637,918766270784,2025-01-07T20:24:49+05:30,0,sms
CDR-000475,917353300525,916812873288,2025-01-07T20:32:25+05:30,62,voice
CDR-000476,919577944637,918525720621,2025-01-07T20:35:40+05:30,32,voice
CDR-000477,916435668733,918452335165,2025-01-07T20:44:12+05:30,24,voice
CDR-000478,917630871663,916855008436,2025-01-07T20:46:24+05:30,61,voice
CDR-000479,916729640279,918829009322,2025-01-07T21:01:55+05:30,37,voice
CDR-000480,918973120296,918510841654,2025-01-07T21:07:34+05:30,28,voice
CDR-000481,918224632063,917388520357,2025-01-07T21:17:14+05:30,406,voice
CDR-000482,919747267016,916017179896,2025-01-07T21:23:06+05:30,40,voice
CDR-000483,916935101816,917187698223,2025-01-07T21:25:59+05:30,95,voice
CDR-000484,917837617691,918547024696,2025-01-07T21:37:35+05:30,35,voice
CDR-000485,917388520357,919747267016,2025-01-07T21:45:58+05:30,506,voice
CDR-000486,916122729730,919342059358,2025-01-07T21:53:59+05:30,56,voice
CDR-000487,918572218538,918382865694,2025-01-07T22:00:39+05:30,129,voice
CDR-000488,919714540957,916122729730,2025-01-07T22:04:33+05:30,47,voice
CDR-000489,916017179896,917952549560,2025-01-07T22:11:13+05:30,56,voice
CDR-000490,916637885677,916665802686,2025-01-07T22:33:33+05:30,0,sms
CDR-000491,916935101816,919797302867,2025-01-07T22:47:20+05:30,41,voice
CDR-000492,916996582331,917187698223,2025-01-07T23:02:33+05:30,63,voice
CDR-000493,916518301062,916424188799,2025-01-07T23:38:13+05:30,12,voice
CDR-000494,917630871663,916855008436,2025-01-08T00:10:51+05:30,39,voice
CDR-000495,918766270784,916876538782,2025-01-08T00:57:06+05:30,35,voice
CDR-000496,918829009322,919415717273,2025-01-08T03:29:12+05:30,51,voice
CDR-000497,916509638924,917679658289,2025-01-08T04:53:41+05:30,61,voice
CDR-000498,917485979569,918437653138,2025-01-08T05:04:52+05:30,100,voice
CDR-000499,916637885677,918437653138,2025-01-08T05:08:53+05:30,164,voice
CDR-000500,916912523398,919647323963,2025-01-08T06:12:45+05:30,52,voice
CDR-000501,919577944637,918766270784,2025-01-08T06:49:16+05:30,60,voice
CDR-000502,917388520357,917952549560,2025-01-08T06:49:17+05:30,41,voice
CDR-000503,918766270784,916876538782,2025-01-08T07:18:39+05:30,131,voice
CDR-000504,917616371951,916194464851,2025-01-08T07:28:54+05:30,67,voice
CDR-000505,916641395672,918382865694,2025-01-08T07:33:17+05:30,165,voice
CDR-000506,916026997648,918766270784,2025-01-08T07:36:18+05:30,35,voice
CDR-000507,918382865694,917538776094,2025-01-08T07:56:47+05:30,0,sms
CDR-000508,918527357736,916293377920,2025-01-08T09:11:09+05:30,32,voice
CDR-000509,916082251340,919415717273,2025-01-08T09:19:14+05:30,47,voice
CDR-000510,918547024696,918452335165,2025-01-08T10:13:24+05:30,26,voice
CDR-000511,919896703780,916309630372,2025-01-08T10:19:09+05:30,86,voice
CDR-000512,917388520357,916051518115,2025-01-08T10:40:58+05:30,198,voice
CDR-000513,918510841654,916694321946,2025-01-08T10:54:35+05:30,21,voice
CDR-000514,918224632063,916293377920,2025-01-08T11:13:12+05:30,568,voice
CDR-000515,918382865694,916935101816,2025-01-08T11:49:00+05:30,42,voice
CDR-000516,918251165584,918047654190,2025-01-08T11:52:15+05:30,0,sms
CDR-000517,917616371951,916194464851,2025-01-08T11:53:25+05:30,0,sms
CDR-000518,918485143212,917469027111,2025-01-08T12:14:45+05:30,184,voice
CDR-000519,917914834602,918572218538,2025-01-08T12:25:08+05:30,34,voice
CDR-000520,916367453616,916518301062,2025-01-08T12:37:20+05:30,24,voice
CDR-000521,918843189740,918063398568,2025-01-08T12:44:32+05:30,21,voice
CDR-000522,916694321946,919415717273,2025-01-08T12:56:16+05:30,87,voice
CDR-000523,918437653138,916665802686,2025-01-08T13:15:21+05:30,0,sms
CDR-000524,916017179896,918525720621,2025-01-08T13:25:21+05:30,45,voice
CDR-000525,919647323963,916641395672,2025-01-08T13:28:46+05:30,21,voice
CDR-000526,918224632063,919415717273,2025-01-08T13:48:03+05:30,34,voice
CDR-000527,916637885677,918437653138,2025-01-08T14:17:35+05:30,69,voice
CDR-000528,916424188799,918843189740,2025-01-08T14:25:46+05:30,40,voice
CDR-000529,917485979569,918437653138,2025-01-08T14:28:27+05:30,157,voice
CDR-000530,916309630372,919384822654,2025-01-08T14:32:55+05:30,0,sms
CDR-000531,916665802686,916637885677,2025-01-08T14:34:30+05:30,43,voice
CDR-000532,917814266084,919690393547,2025-01-08T14:37:49+05:30,29,voice
CDR-000533,916729640279,919577944637,2025-01-08T14:41:54+05:30,23,voice
CDR-000534,917147613772,918184188031,2025-01-08T14:57:18+05:30,35,voice
CDR-000535,917679658289,916055439146,2025-01-08T15:10:24+05:30,0,sms
CDR-000536,919747267016,917952549560,2025-01-08T15:16:53+05:30,0,sms
CDR-000537,918829009322,919415717273,2025-01-08T15:53:58+05:30,96,voice
CDR-000538,919994738491,917814266084,2025-01-08T16:05:36+05:30,120,voice
CDR-000539,918382865694,918572218538,2025-01-08T16:24:16+05:30,57,voice
CDR-000540,919690393547,918452335165,2025-01-08T16:31:08+05:30,78,voice
CDR-000541,918452335165,917837617691,2025-01-08T16:54:26+05:30,154,voice
CDR-000542,917989228447,919571619646,2025-01-08T17:13:37+05:30,193,voice
CDR-000543,916876538782,917679658289,2025-01-08T17:49:48+05:30,53,voice
CDR-000544,916561718843,919688936655,2025-01-08T18:01:05+05:30,47,voice
CDR-000545,919747267016,916017179896,2025-01-08T18:48:48+05:30,458,voice
CDR-000546,917970653224,916309630372,2025-01-08T18:58:01+05:30,38,voice
CDR-000547,917147613772,917876457943,2025-01-08T19:29:11+05:30,42,voice
CDR-000548,916935101816,919797302867,2025-01-08T19:38:14+05:30,0,sms
CDR-000549,916935101816,916931872820,2025-01-08T20:07:08+05:30,35,voice
CDR-000550,916996582331,919371826549,2025-01-08T20:52:34+05:30,70,voice
CDR-000551,918547024696,917814266084,2025-01-08T21:00:06+05:30,0,sms
CDR-000552,919384822654,919600233059,2025-01-08T21:11:12+05:30,51,voice
CDR-000553,919690393547,916637885677,2025-01-08T22:16:31+05:30,135,voice
CDR-000554,916540081641,916702951376,2025-01-08T22:43:57+05:30,351,voice
CDR-000555,918547024696,916217338638,2025-01-08T22:49:31+05:30,16,voice
CDR-000556,917556372626,916543832315,2025-01-08T23:02:11+05:30,128,voice
CDR-000557,917630871663,916509638924,2025-01-08T23:12:01+05:30,0,sms
CDR-000558,917730176490,917989228447,2025-01-08T23:13:31+05:30,35,voice
CDR-000559,916217338638,916665802686,2025-01-09T04:33:42+05:30,0,sms
CDR-000560,919326047954,917930732092,2025-01-09T06:01:09+05:30,354,voice
CDR-000561,916275552433,919647323963,2025-01-09T07:34:09+05:30,14,voice
CDR-000562,919772591901,916729640279,2025-01-09T07:41:12+05:30,5,voice
CDR-000563,917970653224,916637885677,2025-01-09T07:45:57+05:30,33,voice
CDR-000564,916641395672,917989228447,2025-01-09T08:02:22+05:30,9,voice
CDR-000565,918572218538,918251165584,2025-01-09T08:32:40+05:30,64,voice
CDR-000566,916996582331,916367453616,2025-01-09T08:37:29+05:30,0,sms
CDR-000567,919153442407,919688936655,2025-01-09T08:38:01+05:30,37,voice
CDR-000568,917260443015,916543832315,2025-01-09T08:49:16+05:30,140,voice
CDR-000569,919415717273,917123981476,2025-01-09T08:54:16+05:30,38,voice
CDR-000570,919714540957,919744215949,2025-01-09T08:55:02+05:30,35,voice
CDR-000571,916309630372,916293377920,2025-01-09T08:57:15+05:30,23,voice
CDR-000572,916770012075,919744215949,2025-01-09T09:00:34+05:30,84,voice
CDR-000573,919577944637,918510841654,2025-01-09T09:05:24+05:30,48,voice
CDR-000574,916641395672,919571619646,2025-01-09T09:31:53+05:30,43,voice
CDR-000575,916912523398,917989228447,2025-01-09T09:42:40+05:30,125,voice
CDR-000576,917260443015,917353300525,2025-01-09T09:44:49+05:30,0,sms
CDR-000577,918843189740,916996582331,2025-01-09T10:03:06+05:30,158,voice
CDR-000578,917914834602,918251165584,2025-01-09T10:04:17+05:30,103,voice
CDR-000579,918332441743,919342059358,2025-01-09T10:24:47+05:30,0,sms
CDR-000580,917538776094,919371826549,2025-01-09T10:31:06+05:30,99,voice
CDR-000581,916367453616,916424188799,2025-01-09T11:08:40+05:30,0,sms
CDR-000582,919571619646,916641395672,2025-01-09T11:58:43+05:30,25,voice
CDR-000583,919415717273,918524624102,2025-01-09T12:05:16+05:30,48,voice
CDR-000584,917876457943,916702951376,2025-01-09T12:11:14+05:30,242,voice
CDR-000585,919415717273,918224632063,2025-01-09T12:15:52+05:30,134,voice
CDR-000586,916702951376,916375107792,2025-01-09T12:16:32+05:30,0,sms
CDR-000587,918510841654,918973120296,2025-01-09T12:25:45+05:30,73,voice
CDR-000588,917952549560,916017179896,2025-01-09T12:30:30+05:30,52,voice
CDR-000589,917353300525,917260443015,2025-01-09T12:43:34+05:30,0,sms
CDR-000590,918771974035,916309630372,2025-01-09T12:50:10+05:30,498,voice
CDR-000591,917814266084,919690393547,2025-01-09T12:51:39+05:30,89,voice
CDR-000592,919742990720,916293377920,2025-01-09T13:17:00+05:30,207,voice
CDR-000593,916543832315,917447202903,2025-01-09T13:44:32+05:30,131,voice
CDR-000594,918771974035,916309630372,2025-01-09T14:04:38+05:30,63,voice
CDR-000595,919688936655,919153442407,2025-01-09T14:09:52+05:30,0,sms
CDR-000596,919647323963,917989228447,2025-01-09T14:34:08+05:30,57,voice
CDR-000597,916017179896,919747267016,2025-01-09T14:38:56+05:30,291,voice
CDR-000598,917930732092,916026997648,2025-01-09T15:10:16+05:30,99,voice
CDR-000599,916026997648,917930732092,2025-01-09T15:18:00+05:30,0,sms
CDR-000600,916518301062,916367453616,2025-01-09T15:19:59+05:30,120,voice
CDR-000601,916702951376,916375107792,2025-01-09T15:29:40+05:30,0,sms
CDR-000602,917538776094,919371826549,2025-01-09T16:18:44+05:30,45,voice
CDR-000603,917556372626,916543832315,2025-01-09T16:30:58+05:30,18,voice
CDR-000604,917187698223,918843189740,2025-01-09T17:06:33+05:30,0,sms
CDR-000605,918510841654,916694321946,2025-01-09T17:10:28+05:30,0,sms
CDR-000606,918238710435,917679658289,2025-01-09T17:14:11+05:30,61,voice
CDR-000607,918766270784,919772591901,2025-01-09T17:14:29+05:30,107,voice
CDR-000608,918437653138,916812873288,2025-01-09T17:42:05+05:30,56,voice
CDR-000609,919326047954,918524624102,2025-01-09T17:48:07+05:30,75,voice
CDR-000610,918845716772,916855008436,2025-01-09T18:13:57+05:30,8,voice
CDR-000611,917311481954,918680810632,2025-01-09T18:23:34+05:30,295,voice
CDR-000612,918771974035,916309630372,2025-01-09T18:24:17+05:30,0,sms
CDR-000613,919896703780,916309630372,2025-01-09T18:27:49+05:30,36,voice
CDR-000614,918382865694,918572218538,2025-01-09T18:43:54+05:30,37,voice
CDR-000615,919647323963,916641395672,2025-01-09T19:21:43+05:30,78,voice
CDR-000616,917914834602,918572218538,2025-01-09T19:25:34+05:30,106,voice
CDR-000617,917989228447,919153442407,2025-01-09T19:40:40+05:30,120,voice
CDR-000618,919577944637,919326047954,2025-01-09T19:45:22+05:30,0,sms
CDR-000619,918332441743,919342059358,2025-01-09T19:59:36+05:30,140,voice
CDR-000620,916555122302,917989228447,2025-01-09T20:26:48+05:30,295,voice
CDR-000621,918680810632,917311481954,2025-01-09T20:29:31+05:30,29,voice
CDR-000622,919415717273,918829009322,2025-01-09T20:31:04+05:30,0,sms
CDR-000623,916424188799,918843189740,2025-01-09T21:09:33+05:30,147,voice
CDR-000624,919896703780,916641395672,2025-01-09T21:34:34+05:30,31,voice
CDR-000625,916375107792,916702951376,2025-01-09T21:34:53+05:30,0,sms
CDR-000626,918547024696,917545969696,2025-01-09T21:54:00+05:30,23,voice
CDR-000627,916479900999,918485143212,2025-01-09T22:05:22+05:30,0,sms
CDR-000628,916424188799,919797302867,2025-01-09T22:19:43+05:30,137,voice
CDR-000629,917545969696,917485979569,2025-01-09T22:35:41+05:30,61,voice
CDR-000630,917930732092,918973120296,2025-01-09T22:45:52+05:30,40,voice
CDR-000631,918510841654,918973120296,2025-01-09T22:55:11+05:30,61,voice
CDR-000632,916026997648,918510841654,2025-01-09T23:05:02+05:30,0,sms
CDR-000633,918527357736,917876587248,2025-01-09T23:29:32+05:30,124,voice
CDR-000634,918973120296,916026997648,2025-01-09T23:31:10+05:30,48,voice
CDR-000635,918823052386,917888064876,2025-01-09T23:52:36+05:30,74,voice
CDR-000636,916424188799,916518301062,2025-01-09T23:53:38+05:30,8,voice
CDR-000637,917353300525,917260443015,2025-01-10T06:28:02+05:30,197,voice
CDR-000638,916960990031,917288961107,2025-01-10T07:05:53+05:30,62,voice
CDR-000639,918547024696,917545969696,2025-01-10T07:29:35+05:30,69,voice
CDR-000640,919384822654,919600233059,2025-01-10T07:42:33+05:30,60,voice
CDR-000641,917630871663,916509638924,2025-01-10T08:18:15+05:30,270,voice
CDR-000642,918227250029,917187698223,2025-01-10T08:22:07+05:30,57,voice
CDR-000643,916051518115,917388520357,2025-01-10T08:32:35+05:30,0,sms
CDR-000644,917914834602,918572218538,2025-01-10T08:35:55+05:30,119,voice
CDR-000645,916509638924,917630871663,2025-01-10T09:04:21+05:30,178,voice
CDR-000646,918332441743,919342059358,2025-01-10T09:08:00+05:30,0,sms
CDR-000647,916787800822,916665802686,2025-01-10T09:39:29+05:30,81,voice
CDR-000648,917388520357,916051518115,2025-01-10T09:40:01+05:30,99,voice
CDR-000649,916435668733,918600238302,2025-01-10T10:09:12+05:30,26,voice
CDR-000650,917556372626,916543832315,2025-01-10T10:15:33+05:30,39,voice
CDR-000651,917388520357,917952549560,2025-01-10T10:44:44+05:30,0,sms
CDR-000652,917469027111,919742990720,2025-01-10T11:09:39+05:30,25,voice
CDR-000653,917260443015,916812873288,2025-01-10T11:29:25+05:30,47,voice
CDR-000654,916561718843,919688936655,2025-01-10T11:30:15+05:30,55,voice
CDR-000655,916931872820,916424188799,2025-01-10T11:32:58+05:30,271,voice
CDR-000656,918437653138,918680810632,2025-01-10T11:34:52+05:30,174,voice
CDR-000657,918572218538,919797302867,2025-01-10T11:51:04+05:30,0,sms
CDR-000658,919647323963,916912523398,2025-01-10T12:00:44+05:30,93,voice
CDR-000659,916691567852,916960990031,2025-01-10T12:16:29+05:30,183,voice
CDR-000660,916217338638,916665802686,2025-01-10T12:31:15+05:30,25,voice
CDR-000661,919690393547,916637885677,2025-01-10T12:31:50+05:30,33,voice
CDR-000662,917679658289,917846947792,2025-01-10T12:50:51+05:30,52,voice
CDR-000663,918238710435,917679658289,2025-01-10T13:40:00+05:30,135,voice
CDR-000664,917919104175,918527357736,2025-01-10T13:44:40+05:30,36,voice
CDR-000665,919994738491,918452335165,2025-01-10T14:07:24+05:30,84,voice
CDR-000666,918251165584,918047654190,2025-01-10T14:16:08+05:30,65,voice
CDR-000667,917447202903,917353300525,2025-01-10T14:46:33+05:30,107,voice
CDR-000668,917187698223,919797302867,2025-01-10T14:53:38+05:30,32,voice
CDR-000669,917919104175,916223553521,2025-01-10T14:56:28+05:30,168,voice
CDR-000670,916223553521,918772528373,2025-01-10T15:01:05+05:30,31,voice
CDR-000671,917989228447,916641395672,2025-01-10T15:02:28+05:30,36,voice
CDR-000672,919275070531,919136751526,2025-01-10T15:47:01+05:30,0,sms
CDR-000673,916665802686,916637885677,2025-01-10T16:07:13+05:30,92,voice
CDR-000674,919747267016,917952549560,2025-01-10T16:20:00+05:30,25,voice
CDR-000675,919690393547,917485979569,2025-01-10T16:37:44+05:30,22,voice
CDR-000676,918510841654,919577944637,2025-01-10T16:37:45+05:30,0,sms
CDR-000677,916641395672,917730176490,2025-01-10T16:43:28+05:30,39,voice
CDR-000678,916665802686,917447202903,2025-01-10T16:50:43+05:30,64,voice
CDR-000679,917989228447,916555122302,2025-01-10T16:59:12+05:30,0,sms
CDR-000680,917260443015,916812873288,2025-01-10T17:34:40+05:30,52,voice
CDR-000681,916997171985,916309630372,2025-01-10T17:37:15+05:30,22,voice
CDR-000682,917500083076,917679658289,2025-01-10T17:44:33+05:30,39,voice
CDR-000683,916770012075,918129866499,2025-01-10T17:45:39+05:30,29,voice
CDR-000684,916543832315,917556372626,2025-01-10T17:49:52+05:30,97,voice
CDR-000685,918600238302,916435668733,2025-01-10T18:12:24+05:30,137,voice
CDR-000686,918600238302,918437653138,2025-01-10T18:30:44+05:30,229,voice
CDR-000687,916912523398,919647323963,2025-01-10T18:41:20+05:30,129,voice
CDR-000688,916852224261,916367453616,2025-01-10T19:05:06+05:30,41,voice
CDR-000689,916309630372,918771974035,2025-01-10T19:08:31+05:30,85,voice
CDR-000690,916997171985,919688936655,2025-01-10T19:09:06+05:30,34,voice
CDR-000691,918437653138,918600238302,2025-01-10T19:25:49+05:30,70,voice
CDR-000692,918524624102,918525720621,2025-01-10T19:34:36+05:30,68,voice
CDR-000693,919571619646,916641395672,2025-01-10T19:50:05+05:30,172,voice
CDR-000694,916770012075,917268526587,2025-01-10T20:07:48+05:30,86,voice
CDR-000695,916931872820,917914834602,2025-01-10T20:15:35+05:30,138,voice
CDR-000696,919647323963,916912523398,2025-01-10T20:15:51+05:30,592,voice
CDR-000697,917538776094,916996582331,2025-01-10T20:23:06+05:30,430,voice
CDR-000698,919744215949,916937699779,2025-01-10T20:37:03+05:30,13,voice
CDR-000699,916051518115,918065255396,2025-01-10T20:39:00+05:30,96,voice
CDR-000700,916912523398,919647323963,2025-01-10T20:43:09+05:30,58,voice
CDR-000701,918829009322,919415717273,2025-01-10T21:17:00+05:30,72,voice
CDR-000702,916637885677,918437653138,2025-01-10T21:21:06+05:30,25,voice
CDR-000703,917989228447,919647323963,2025-01-10T21:29:00+05:30,737,voice
CDR-000704,917500083076,916017179896,2025-01-10T21:54:05+05:30,194,voice
CDR-000705,918845716772,916051518115,2025-01-10T21:56:18+05:30,7,voice
CDR-000706,919647323963,916555122302,2025-01-10T22:16:23+05:30,0,sms
CDR-000707,918332441743,916937699779,2025-01-10T23:04:34+05:30,271,voice
CDR-000708,917679658289,919415717273,2025-01-10T23:19:26+05:30,0,sms
CDR-000709,919772591901,916051518115,2025-01-10T23:43:23+05:30,50,voice
CDR-000710,917837617691,916543832315,2025-01-10T23:56:37+05:30,18,voice
CDR-000711,916702951376,917147613772,2025-01-11T00:07:39+05:30,25,voice
CDR-000712,919384822654,919600233059,2025-01-11T01:26:24+05:30,156,voice
CDR-000713,916665802686,916637885677,2025-01-11T01:28:24+05:30,18,voice
CDR-000714,918238710435,917679658289,2025-01-11T03:09:13+05:30,129,voice
CDR-000715,916770012075,918772528373,2025-01-11T06:05:42+05:30,51,voice
CDR-000716,916509638924,917630871663,2025-01-11T06:23:32+05:30,151,voice
CDR-000717,916937699779,919744215949,2025-01-11T06:27:32+05:30,77,voice
CDR-000718,919577944637,918973120296,2025-01-11T06:36:46+05:30,0,sms
CDR-000719,916876538782,917679658289,2025-01-11T06:37:28+05:30,0,sms
CDR-000720,916479900999,916852224261,2025-01-11T06:39:45+05:30,81,voice
CDR-000721,918238710435,918081943102,2025-01-11T06:43:40+05:30,69,voice
CDR-000722,917630871663,918524624102,2025-01-11T07:02:56+05:30,0,sms
CDR-000723,916937699779,919714540957,2025-01-11T07:13:17+05:30,53,voice
CDR-000724,916017179896,916694321946,2025-01-11T07:36:37+05:30,16,voice
CDR-000725,918065255396,918447344267,2025-01-11T07:36:38+05:30,95,voice
CDR-000726,918437653138,916435668733,2025-01-11T08:21:07+05:30,38,voice
CDR-000727,917919104175,919275070531,2025-01-11T08:47:37+05:30,67,voice
CDR-000728,917469027111,916931872820,2025-01-11T08:57:17+05:30,143,voice
CDR-000729,916026997648,918766270784,2025-01-11T08:59:14+05:30,36,voice
CDR-000730,917876457943,916702951376,2025-01-11T09:35:22+05:30,23,voice
CDR-000731,916770012075,919714540957,2025-01-11T09:48:28+05:30,84,voice
CDR-000732,919577944637,918766270784,2025-01-11T09:53:14+05:30,91,voice
CDR-000733,916509638924,916082251340,2025-01-11T10:05:43+05:30,69,voice
CDR-000734,917989228447,916912523398,2025-01-11T10:12:10+05:30,76,voice
CDR-000735,917952549560,919747267016,2025-01-11T10:34:04+05:30,0,sms
CDR-000736,916051518115,919772591901,2025-01-11T10:42:13+05:30,41,voice
CDR-000737,919747267016,916017179896,2025-01-11T10:45:50+05:30,186,voice
CDR-000738,917679658289,917500083076,2025-01-11T10:50:55+05:30,25,voice
CDR-000739,918547024696,917814266084,2025-01-11T10:53:09+05:30,35,voice
CDR-000740,917147613772,917876457943,2025-01-11T11:04:01+05:30,0,sms
CDR-000741,916479900999,916852224261,2025-01-11T11:07:33+05:30,0,sms
CDR-000742,917147613772,917844273643,2025-01-11T11:08:05+05:30,45,voice
CDR-000743,919577944637,918510841654,2025-01-11T11:11:03+05:30,267,voice
CDR-000744,919647323963,916275552433,2025-01-11T11:15:49+05:30,90,voice
CDR-000745,916309630372,916022038739,2025-01-11T11:24:24+05:30,0,sms
CDR-000746,919647323963,919571619646,2025-01-11T11:46:44+05:30,269,voice
CDR-000747,919384822654,916849321768,2025-01-11T11:59:10+05:30,139,voice
CDR-000748,919384822654,916849321768,2025-01-11T12:46:07+05:30,0,sms
CDR-000749,917679658289,919415717273,2025-01-11T13:08:02+05:30,50,voice
CDR-000750,918680810632,917311481954,2025-01-11T13:31:49+05:30,88,voice
CDR-000751,917837617691,917814266084,2025-01-11T13:46:11+05:30,88,voice
CDR-000752,918829009322,919747267016,2025-01-11T13:53:07+05:30,80,voice
CDR-000753,916997171985,916309630372,2025-01-11T13:59:48+05:30,54,voice
CDR-000754,918973120296,918510841654,2025-01-11T14:26:06+05:30,83,voice
CDR-000755,917844273643,916849321768,2025-01-11T14:40:15+05:30,42,voice
CDR-000756,918766270784,917930732092,2025-01-11T15:12:22+05:30,118,voice
CDR-000757,917469027111,917538776094,2025-01-11T15:28:10+05:30,82,voice
CDR-000758,918829009322,918973120296,2025-01-11T15:39:56+05:30,22,voice
CDR-000759,919690393547,918547024696,2025-01-11T15:44:50+05:30,31,voice
CDR-000760,916812873288,916217338638,2025-01-11T15:45:19+05:30,138,voice
CDR-000761,917556372626,916812873288,2025-01-11T15:50:06+05:30,124,voice
CDR-000762,916694321946,919415717273,2025-01-11T16:04:36+05:30,228,voice
CDR-000763,916543832315,917447202903,2025-01-11T16:13:14+05:30,178,voice
CDR-000764,916217338638,916665802686,2025-01-11T17:14:43+05:30,76,voice
CDR-000765,918547024696,917814266084,2025-01-11T17:30:56+05:30,23,voice
CDR-000766,919744215949,916770012075,2025-01-11T18:20:36+05:30,53,voice
CDR-000767,919994738491,918452335165,2025-01-11T18:24:32+05:30,0,sms
CDR-000768,916375107792,917876457943,2025-01-11T18:28:04+05:30,26,voice
CDR-000769,918437653138,916637885677,2025-01-11T18:46:14+05:30,91,voice
CDR-000770,916849321768,917876457943,2025-01-11T19:09:46+05:30,75,voice
CDR-000771,916855008436,916876538782,2025-01-11T19:21:33+05:30,422,voice
CDR-000772,916996582331,917538776094,2025-01-11T20:13:42+05:30,94,voice
CDR-000773,916665802686,916729640279,2025-01-11T20:18:09+05:30,0,sms
CDR-000774,919415717273,918829009322,2025-01-11T20:26:08+05:30,23,voice
CDR-000775,917485979569,917545969696,2025-01-11T20:51:55+05:30,0,sms
CDR-000776,916852224261,916479900999,2025-01-11T20:53:47+05:30,37,voice
CDR-000777,919326047954,919577944637,2025-01-11T20:54:12+05:30,73,voice
CDR-000778,916479900999,916518301062,2025-01-11T21:03:03+05:30,153,voice
CDR-000779,916665802686,916217338638,2025-01-11T21:06:23+05:30,179,voice
CDR-000780,917876457943,916849321768,2025-01-11T21:27:08+05:30,247,voice
CDR-000781,918437653138,916812873288,2025-01-11T22:00:27+05:30,27,voice
CDR-000782,918829009322,917679658289,2025-01-11T22:05:25+05:30,178,voice
CDR-000783,918771974035,916309630372,2025-01-11T22:07:28+05:30,66,voice
CDR-000784,917888064876,918823052386,2025-01-11T22:50:02+05:30,0,sms
CDR-000785,918843189740,916996582331,2025-01-11T22:53:14+05:30,42,voice
CDR-000786,916217338638,916665802686,2025-01-11T22:59:44+05:30,197,voice
CDR-000787,918485143212,917469027111,2025-01-11T23:05:34+05:30,25,voice
CDR-000788,917914834602,916931872820,2025-01-11T23:22:48+05:30,0,sms
CDR-000789,916535545166,918251165584,2025-01-11T23:40:20+05:30,0,sms
CDR-000790,916694321946,919415717273,2025-01-11T23:51:15+05:30,19,voice
CDR-000791,917500083076,916876538782,2025-01-12T01:26:26+05:30,36,voice
CDR-000792,917679658289,918829009322,2025-01-12T01:32:37+05:30,45,voice
CDR-000793,917147613772,916702951376,2025-01-12T03:52:14+05:30,14,voice
CDR-000794,917187698223,918843189740,2025-01-12T04:39:31+05:30,24,voice
CDR-000795,918547024696,917837617691,2025-01-12T04:42:13+05:30,36,voice
CDR-000796,916996582331,919371826549,2025-01-12T06:10:40+05:30,47,voice
CDR-000797,916194464851,917616371951,2025-01-12T06:13:51+05:30,5,voice
CDR-000798,916641395672,917730176490,2025-01-12T06:20:18+05:30,198,voice
CDR-000799,918065255396,917616371951,2025-01-12T06:21:50+05:30,32,voice
CDR-000800,916479900999,916518301062,2025-01-12T06:26:08+05:30,136,voice
CDR-000801,917388520357,917134946256,2025-01-12T07:02:05+05:30,126,voice
CDR-000802,919742990720,916367453616,2025-01-12T07:14:28+05:30,96,voice
CDR-000803,916855008436,919540149042,2025-01-12T07:27:26+05:30,69,voice
CDR-000804,918766270784,919326047954,2025-01-12T07:30:49+05:30,74,voice
CDR-000805,917989228447,919647323963,2025-01-12T07:37:36+05:30,0,sms
CDR-000806,918829009322,918973120296,2025-01-12T07:43:08+05:30,0,sms
CDR-000807,916770012075,916122729730,2025-01-12T08:01:56+05:30,169,voice
CDR-000808,916702951376,916375107792,2025-01-12T08:04:42+05:30,27,voice
CDR-000809,916561718843,919688936655,2025-01-12T08:13:01+05:30,65,voice
CDR-000810,918065255396,917134946256,2025-01-12T08:53:10+05:30,47,voice
CDR-000811,917914834602,918572218538,2025-01-12T09:21:50+05:30,0,sms
CDR-000812,916691567852,916960990031,2025-01-12T09:32:50+05:30,96,voice
CDR-000813,916849321768,917876457943,2025-01-12T09:34:39+05:30,284,voice
CDR-000814,919275070531,917919104175,2025-01-12T10:05:55+05:30,0,sms
CDR-000815,917469027111,918485143212,2025-01-12T10:05:59+05:30,0,sms
CDR-000816,917876457943,917844273643,2025-01-12T10:06:42+05:30,100,voice
CDR-000817,918843189740,917123981476,2025-01-12T10:10:42+05:30,50,voice
CDR-000818,916960990031,916309630372,2025-01-12T10:23:51+05:30,130,voice
CDR-000819,916787800822,916665802686,2025-01-12T10:32:19+05:30,117,voice
CDR-000820,916694321946,916017179896,2025-01-12T11:02:21+05:30,27,voice
CDR-000821,916960990031,916691567852,2025-01-12T11:11:28+05:30,0,sms
CDR-000822,918843189740,917123981476,2025-01-12T11:16:59+05:30,154,voice
CDR-000823,919275070531,916937699779,2025-01-12T11:28:16+05:30,35,voice
CDR-000824,916509638924,916855008436,2025-01-12T11:28:37+05:30,0,sms
CDR-000825,916691567852,917288961107,2025-01-12T11:32:22+05:30,0,sms
CDR-000826,917876457943,917147613772,2025-01-12T12:09:30+05:30,0,sms
CDR-000827,919571619646,919647323963,2025-01-12T12:15:35+05:30,12,voice
CDR-000828,916309630372,919384822654,2025-01-12T12:33:19+05:30,19,voice
CDR-000829,917630871663,916509638924,2025-01-12T12:39:45+05:30,302,voice
CDR-000830,918510841654,919326047954,2025-01-12T12:52:24+05:30,117,voice
CDR-000831,919797302867,917187698223,2025-01-12T13:03:27+05:30,23,voice
CDR-000832,917876457943,916849321768,2025-01-12T13:14:01+05:30,7,voice
CDR-000833,919571619646,916555122302,2025-01-12T13:15:40+05:30,71,voice
CDR-000834,919415717273,918224632063,2025-01-12T13:36:46+05:30,86,voice
CDR-000835,917844273643,917876457943,2025-01-12T13:44:06+05:30,16,voice
CDR-000836,918251165584,918047654190,2025-01-12T13:51:56+05:30,130,voice
CDR-000837,918227250029,917469027111,2025-01-12T13:55:39+05:30,272,voice
CDR-000838,917989228447,919647323963,2025-01-12T14:09:49+05:30,41,voice
CDR-000839,917147613772,916849321768,2025-01-12T14:31:30+05:30,48,voice
CDR-000840,917556372626,917260443015,2025-01-12T14:37:06+05:30,178,voice
CDR-000841,916665802686,917447202903,2025-01-12T14:58:28+05:30,37,voice
CDR-000842,918525720621,919415717273,2025-01-12T15:18:57+05:30,0,sms
CDR-000843,916876538782,917630871663,2025-01-12T15:35:27+05:30,0,sms
CDR-000844,917311481954,917994279003,2025-01-12T16:05:05+05:30,19,voice
CDR-000845,917914834602,916535545166,2025-01-12T16:07:56+05:30,0,sms
CDR-000846,917730176490,916641395672,2025-01-12T17:04:48+05:30,37,voice
CDR-000847,916637885677,918437653138,2025-01-12T17:27:31+05:30,20,voice
CDR-000848,918184188031,917876457943,2025-01-12T17:36:37+05:30,72,voice
CDR-000849,916937699779,919714540957,2025-01-12T17:37:06+05:30,19,voice
CDR-000850,918527357736,919342059358,2025-01-12T17:45:35+05:30,144,voice
CDR-000851,916223553521,917268526587,2025-01-12T17:58:48+05:30,0,sms
CDR-000852,918973120296,917930732092,2025-01-12T18:00:55+05:30,95,voice
CDR-000853,916637885677,916787800822,2025-01-12T18:04:18+05:30,39,voice
CDR-000854,916855008436,916876538782,2025-01-12T18:24:13+05:30,32,voice
CDR-000855,916309630372,916997171985,2025-01-12T18:29:25+05:30,168,voice
CDR-000856,917260443015,917353300525,2025-01-12T18:32:40+05:30,93,voice
CDR-000857,918452335165,917837617691,2025-01-12T18:45:13+05:30,31,voice
CDR-000858,916509638924,919772591901,2025-01-12T18:57:03+05:30,9,voice
CDR-000859,916509638924,917679658289,2025-01-12T19:12:53+05:30,62,voice
CDR-000860,919647323963,916641395672,2025-01-12T19:16:00+05:30,0,sms
CDR-000861,917288961107,916960990031,2025-01-12T19:18:02+05:30,19,voice
CDR-000862,919415717273,916694321946,2025-01-12T19:39:12+05:30,1242,voice
CDR-000863,917353300525,917447202903,2025-01-12T20:16:32+05:30,236,voice
CDR-000864,916935101816,916424188799,2025-01-12T20:51:18+05:30,52,voice
CDR-000865,918547024696,917814266084,2025-01-12T20:55:22+05:30,0,sms
CDR-000866,918547024696,917814266084,2025-01-12T22:01:13+05:30,25,voice
CDR-000867,916876538782,917500083076,2025-01-12T22:04:10+05:30,162,voice
CDR-000868,917814266084,918547024696,2025-01-12T22:04:52+05:30,36,voice
CDR-000869,916309630372,919384822654,2025-01-12T22:21:10+05:30,133,voice
CDR-000870,918184188031,917844273643,2025-01-12T22:22:09+05:30,10,voice
CDR-000871,917844273643,917147613772,2025-01-12T22:37:40+05:30,67,voice
CDR-000872,919772591901,916051518115,2025-01-12T22:46:56+05:30,66,voice
CDR-000873,916367453616,916424188799,2025-01-12T23:07:07+05:30,18,voice
CDR-000874,918547024696,917814266084,2025-01-12T23:34:14+05:30,181,voice
CDR-000875,918766270784,916026997648,2025-01-12T23:34:18+05:30,246,voice
CDR-000876,918845716772,916855008436,2025-01-12T23:44:04+05:30,29,voice
CDR-000877,916855008436,916876538782,2025-01-13T06:07:19+05:30,139,voice
CDR-000878,917147613772,917876457943,2025-01-13T06:13:41+05:30,49,voice
CDR-000879,916518301062,918382865694,2025-01-13T06:32:04+05:30,0,sms
CDR-000880,916082251340,917630871663,2025-01-13T06:43:06+05:30,27,voice
CDR-000881,917545969696,916637885677,2025-01-13T07:09:19+05:30,0,sms
CDR-000882,916375107792,916055439146,2025-01-13T07:16:13+05:30,59,voice
CDR-000883,917970653224,917260443015,2025-01-13T07:24:44+05:30,48,voice
CDR-000884,916543832315,917556372626,2025-01-13T07:32:47+05:30,0,sms
CDR-000885,916770012075,919744215949,2025-01-13T07:45:20+05:30,40,voice
CDR-000886,919577944637,917679658289,2025-01-13T08:15:34+05:30,28,voice
CDR-000887,918843189740,917123981476,2025-01-13T08:17:26+05:30,41,voice
CDR-000888,916641395672,919571619646,2025-01-13T08:21:20+05:30,0,sms
CDR-000889,916026997648,918973120296,2025-01-13T08:56:56+05:30,19,voice
CDR-000890,916641395672,919896703780,2025-01-13T09:00:02+05:30,122,voice
CDR-000891,918227250029,916996582331,2025-01-13T09:43:31+05:30,292,voice
CDR-000892,917914834602,918572218538,2025-01-13T09:44:40+05:30,51,voice
CDR-000893,917989228447,919647323963,2025-01-13T10:10:08+05:30,76,voice
CDR-000894,917485979569,919690393547,2025-01-13T10:24:20+05:30,174,voice
CDR-000895,918823052386,917888064876,2025-01-13T10:32:48+05:30,47,voice
CDR-000896,916435668733,916055439146,2025-01-13T10:49:33+05:30,39,voice
CDR-000897,916812873288,917353300525,2025-01-13T10:54:32+05:30,44,voice
CDR-000898,916435668733,918452335165,2025-01-13T11:26:41+05:30,100,voice
CDR-000899,917989228447,916912523398,2025-01-13T11:35:47+05:30,267,voice
CDR-000900,917545969696,919994738491,2025-01-13T11:53:18+05:30,0,sms
CDR-000901,918973120296,918829009322,2025-01-13T13:33:17+05:30,36,voice
CDR-000902,916812873288,916787800822,2025-01-13T13:33:19+05:30,45,voice
CDR-000903,916812873288,916787800822,2025-01-13T13:58:41+05:30,58,voice
CDR-000904,916375107792,916702951376,2025-01-13T13:59:21+05:30,130,voice
CDR-000905,917919104175,919275070531,2025-01-13T14:01:54+05:30,29,voice
CDR-000906,917914834602,916931872820,2025-01-13T14:07:40+05:30,22,voice
CDR-000907,916518301062,916424188799,2025-01-13T14:31:31+05:30,41,voice
CDR-000908,917970653224,916309630372,2025-01-13T15:09:16+05:30,0,sms
CDR-000909,917970653224,916309630372,2025-01-13T15:18:53+05:30,45,voice
CDR-000910,916996582331,916852224261,2025-01-13T15:39:35+05:30,211,voice
CDR-000911,918452335165,916435668733,2025-01-13T15:39:57+05:30,33,voice
CDR-000912,919371826549,916996582331,2025-01-13T15:40:21+05:30,119,voice
CDR-000913,918184188031,917876457943,2025-01-13T16:07:30+05:30,45,voice
CDR-000914,916275552433,916691567852,2025-01-13T16:16:36+05:30,119,voice
CDR-000915,917545969696,919690393547,2025-01-13T16:37:14+05:30,101,voice
CDR-000916,917500083076,916017179896,2025-01-13T16:41:40+05:30,23,voice
CDR-000917,919994738491,917545969696,2025-01-13T17:01:15+05:30,0,sms
CDR-000918,917556372626,916812873288,2025-01-13T17:18:45+05:30,38,voice
CDR-000919,916424188799,919797302867,2025-01-13T17:46:17+05:30,81,voice
CDR-000920,919326047954,917930732092,2025-01-13T18:39:31+05:30,102,voice
CDR-000921,916217338638,916665802686,2025-01-13T18:42:19+05:30,80,voice
CDR-000922,918238710435,918829009322,2025-01-13T18:52:12+05:30,79,voice
CDR-000923,916637885677,918437653138,2025-01-13T18:57:52+05:30,48,voice
CDR-000924,918382865694,918572218538,2025-01-13T19:19:20+05:30,70,voice
CDR-000925,918517802039,919690393547,2025-01-13T19:26:29+05:30,21,voice
CDR-000926,918771974035,916309630372,2025-01-13T19:30:10+05:30,24,voice
CDR-000927,917679658289,918829009322,2025-01-13T19:36:25+05:30,0,sms
CDR-000928,916691567852,917730176490,2025-01-13T19:44:38+05:30,134,voice
CDR-000929,919342059358,919744215949,2025-01-13T19:57:29+05:30,33,voice
CDR-000930,918238710435,918829009322,2025-01-13T20:01:26+05:30,37,voice
CDR-000931,919384822654,916309630372,2025-01-13T20:52:42+05:30,215,voice
CDR-000932,917970653224,916309630372,2025-01-13T21:21:37+05:30,73,voice
CDR-000933,917730176490,916691567852,2025-01-13T21:24:53+05:30,79,voice
CDR-000934,918766270784,916026997648,2025-01-13T22:04:14+05:30,34,voice
CDR-000935,916424188799,919797302867,2025-01-13T22:06:08+05:30,455,voice
CDR-000936,916694321946,918510841654,2025-01-13T22:07:15+05:30,56,voice
CDR-000937,919577944637,918510841654,2025-01-13T22:43:45+05:30,18,voice
CDR-000938,917469027111,918227250029,2025-01-13T22:55:10+05:30,181,voice
CDR-000939,916637885677,917970653224,2025-01-13T22:59:00+05:30,115,voice
CDR-000940,916637885677,917970653224,2025-01-13T23:04:28+05:30,65,voice
CDR-000941,917260443015,917556372626,2025-01-13T23:04:59+05:30,102,voice
CDR-000942,919326047954,918766270784,2025-01-13T23:20:06+05:30,27,voice
CDR-000943,917876457943,916540081641,2025-01-13T23:23:20+05:30,69,voice
CDR-000944,918572218538,919797302867,2025-01-13T23:33:05+05:30,33,voice
CDR-000945,916702951376,917844273643,2025-01-13T23:34:13+05:30,127,voice
CDR-000946,918224632063,916051518115,2025-01-13T23:37:48+05:30,0,sms
CDR-000947,919326047954,917930732092,2025-01-13T23:51:13+05:30,352,voice
CDR-000948,918829009322,917679658289,2025-01-14T00:06:16+05:30,27,voice
CDR-000949,916309630372,919384822654,2025-01-14T00:32:10+05:30,46,voice
CDR-000950,918238710435,917679658289,2025-01-14T00:32:54+05:30,240,voice
CDR-000951,918771974035,916309630372,2025-01-14T03:18:14+05:30,126,voice
CDR-000952,916435668733,916637885677,2025-01-14T03:52:42+05:30,44,voice
CDR-000953,917919104175,919275070531,2025-01-14T05:23:33+05:30,51,voice
CDR-000954,918572218538,918447344267,2025-01-14T06:12:31+05:30,58,voice
CDR-000955,919571619646,917730176490,2025-01-14T06:16:42+05:30,37,voice
CDR-000956,917388520357,917952549560,2025-01-14T06:17:56+05:30,85,voice
CDR-000957,919742990720,916367453616,2025-01-14T06:34:56+05:30,26,voice
CDR-000958,916876538782,917679658289,2025-01-14T07:17:37+05:30,344,voice
CDR-000959,916812873288,916787800822,2025-01-14T07:31:45+05:30,21,voice
CDR-000960,916997171985,916375107792,2025-01-14T07:44:56+05:30,193,voice
CDR-000961,916275552433,916691567852,2025-01-14T08:11:31+05:30,179,voice
CDR-000962,916479900999,917469027111,2025-01-14T08:35:58+05:30,0,sms
CDR-000963,919371826549,918227250029,2025-01-14T08:40:53+05:30,547,voice
CDR-000964,918524624102,919415717273,2025-01-14T09:02:18+05:30,19,voice
CDR-000965,918973120296,917930732092,2025-01-14T09:10:07+05:30,246,voice
CDR-000966,918382865694,916022038739,2025-01-14T09:15:45+05:30,33,voice
CDR-000967,919714540957,916937699779,2025-01-14T09:32:41+05:30,30,voice
CDR-000968,919326047954,917930732092,2025-01-14T09:38:04+05:30,62,voice
CDR-000969,919342059358,918527357736,2025-01-14T09:41:29+05:30,216,voice
CDR-000970,916026997648,918510841654,2025-01-14T10:04:59+05:30,90,voice
CDR-000971,918680810632,917311481954,2025-01-14T10:30:11+05:30,63,voice
CDR-000972,916435668733,918600238302,2025-01-14T10:37:46+05:30,150,voice
CDR-000973,916309630372,916997171985,2025-01-14T10:47:49+05:30,0,sms
CDR-000974,916702951376,917876457943,2025-01-14T11:34:37+05:30,62,voice
CDR-000975,917469027111,919742990720,2025-01-14T12:19:02+05:30,78,voice
CDR-000976,918973120296,919577944637,2025-01-14T12:43:38+05:30,13,voice
CDR-000977,916641395672,916022038739,2025-01-14T13:05:38+05:30,66,voice
CDR-000978,916017179896,919747267016,2025-01-14T13:07:01+05:30,35,voice
CDR-000979,916026997648,919577944637,2025-01-14T13:10:17+05:30,69,voice
CDR-000980,917147613772,917876457943,2025-01-14T13:22:36+05:30,96,voice
CDR-000981,917311481954,918547024696,2025-01-14T13:41:04+05:30,162,voice
CDR-000982,918680810632,917311481954,2025-01-14T14:18:42+05:30,52,voice
CDR-000983,918766270784,917930732092,2025-01-14T14:35:51+05:30,42,voice
CDR-000984,917353300525,917260443015,2025-01-14T14:59:07+05:30,69,voice
CDR-000985,916543832315,917260443015,2025-01-14T15:13:23+05:30,27,voice
CDR-000986,917630871663,916082251340,2025-01-14T15:20:50+05:30,47,voice
CDR-000987,916051518115,918845716772,2025-01-14T15:27:47+05:30,29,voice
CDR-000988,918572218538,917914834602,2025-01-14T15:34:05+05:30,60,voice
CDR-000989,916691567852,917730176490,2025-01-14T15:40:20+05:30,43,voice
CDR-000990,917952549560,917388520357,2025-01-14T15:41:54+05:30,0,sms
CDR-000991,918238710435,917679658289,2025-01-14T16:09:20+05:30,79,voice
CDR-000992,916812873288,916217338638,2025-01-14T16:10:57+05:30,186,voice
CDR-000993,916691567852,916960990031,2025-01-14T16:15:12+05:30,210,voice
CDR-000994,916540081641,919688936655,2025-01-14T16:34:19+05:30,322,voice
CDR-000995,918047654190,918251165584,2025-01-14T16:34:44+05:30,0,sms
CDR-000996,917500083076,917679658289,2025-01-14T16:58:36+05:30,5,voice
CDR-000997,916729640279,916665802686,2025-01-14T17:16:12+05:30,68,voice
CDR-000998,916812873288,917556372626,2025-01-14T17:25:41+05:30,150,voice
CDR-000999,916855008436,916026997648,2025-01-14T17:28:10+05:30,132,voice
CDR-001000,916509638924,917679658289,2025-01-14T17:34:53+05:30,48,voice
CDR-001001,916665802686,918851286499,2025-01-14T17:41:42+05:30,67,voice
CDR-001002,919326047954,917930732092,2025-01-14T17:58:31+05:30,12,voice
CDR-001003,916694321946,918224632063,2025-01-14T18:33:23+05:30,109,voice
CDR-001004,919415717273,918224632063,2025-01-14T18:42:03+05:30,0,sms
CDR-001005,918527357736,918332441743,2025-01-14T19:00:21+05:30,77,voice
CDR-001006,916367453616,916931872820,2025-01-14T19:10:02+05:30,287,voice
CDR-001007,917616371951,917187698223,2025-01-14T19:44:04+05:30,0,sms
CDR-001008,919994738491,917837617691,2025-01-14T19:51:16+05:30,37,voice
CDR-001009,916637885677,917970653224,2025-01-14T20:11:45+05:30,56,voice
CDR-001010,919415717273,917679658289,2025-01-14T20:26:15+05:30,43,voice
CDR-001011,917876457943,916702951376,2025-01-14T20:27:01+05:30,22,voice
CDR-001012,919384822654,916849321768,2025-01-14T20:43:07+05:30,0,sms
CDR-001013,918184188031,917147613772,2025-01-14T20:47:51+05:30,75,voice
CDR-001014,917837617691,918452335165,2025-01-14T20:49:15+05:30,494,voice
CDR-001015,916996582331,918227250029,2025-01-14T21:21:50+05:30,56,voice
CDR-001016,917353300525,917260443015,2025-01-14T21:43:45+05:30,0,sms
CDR-001017,918251165584,918382865694,2025-01-14T21:43:50+05:30,0,sms
CDR-001018,916026997648,918973120296,2025-01-14T21:53:14+05:30,67,voice
CDR-001019,918517802039,916637885677,2025-01-14T21:58:09+05:30,120,voice
CDR-001020,918251165584,916535545166,2025-01-14T22:22:55+05:30,7,voice
CDR-001021,917545969696,919690393547,2025-01-14T22:37:34+05:30,52,voice
CDR-001022,918238710435,918973120296,2025-01-14T22:42:08+05:30,88,voice
CDR-001023,919742990720,916479900999,2025-01-14T22:47:34+05:30,0,sms
CDR-001024,916852224261,916424188799,2025-01-14T22:49:07+05:30,0,sms
CDR-001025,916509638924,919772591901,2025-01-14T23:00:39+05:30,72,voice
CDR-001026,916435668733,918452335165,2025-01-14T23:00:58+05:30,24,voice
CDR-001027,916555122302,917989228447,2025-01-14T23:11:18+05:30,59,voice
CDR-001028,916637885677,916665802686,2025-01-14T23:33:18+05:30,210,voice
CDR-001029,916518301062,917187698223,2025-01-14T23:43:00+05:30,141,voice
CDR-001030,918973120296,918510841654,2025-01-14T23:57:38+05:30,13,voice
CDR-001031,916637885677,916665802686,2025-01-15T00:40:53+05:30,139,voice
CDR-001032,918525720621,918524624102,2025-01-15T00:42:59+05:30,134,voice
CDR-001033,917147613772,916702951376,2025-01-15T01:45:27+05:30,23,voice
CDR-001034,919896703780,916309630372,2025-01-15T04:30:26+05:30,83,voice
CDR-001035,917447202903,916637885677,2025-01-15T05:29:05+05:30,28,voice
CDR-001036,916937699779,919714540957,2025-01-15T05:38:28+05:30,59,voice
CDR-001037,919896703780,916309630372,2025-01-15T05:52:08+05:30,30,voice
CDR-001038,916812873288,917556372626,2025-01-15T06:24:59+05:30,45,voice
CDR-001039,917447202903,916637885677,2025-01-15T06:27:41+05:30,65,voice
CDR-001040,917630871663,916509638924,2025-01-15T06:43:42+05:30,34,voice
CDR-001041,916876538782,916855008436,2025-01-15T07:37:25+05:30,180,voice
CDR-001042,919647323963,916375107792,2025-01-15T08:00:03+05:30,278,voice
CDR-001043,917989228447,916912523398,2025-01-15T08:32:29+05:30,191,voice
CDR-001044,917876457943,917147613772,2025-01-15T08:50:46+05:30,0,sms
CDR-001045,918766270784,916876538782,2025-01-15T09:08:04+05:30,69,voice
CDR-001046,919153442407,917846947792,2025-01-15T09:22:34+05:30,63,voice
CDR-001047,917837617691,918452335165,2025-01-15T09:25:19+05:30,56,voice
CDR-001048,918547024696,917814266084,2025-01-15T10:04:49+05:30,109,voice
CDR-001049,918547024696,918452335165,2025-01-15T10:17:48+05:30,26,voice
CDR-001050,917147613772,917844273643,2025-01-15T10:24:34+05:30,74,voice
CDR-001051,919714540957,916937699779,2025-01-15T10:35:28+05:30,69,voice
CDR-001052,918238710435,918766270784,2025-01-15T11:02:23+05:30,26,voice
CDR-001053,916424188799,918843189740,2025-01-15T11:09:36+05:30,34,voice
CDR-001054,917500083076,917679658289,2025-01-15T11:11:36+05:30,72,voice
CDR-001055,916518301062,916424188799,2025-01-15T11:26:37+05:30,247,voice
CDR-001056,919647323963,917876457943,2025-01-15T11:38:25+05:30,7,voice
CDR-001057,918829009322,917679658289,2025-01-15T11:54:50+05:30,127,voice
CDR-001058,918829009322,917679658289,2025-01-15T11:58:32+05:30,0,sms
CDR-001059,916849321768,919384822654,2025-01-15T12:23:22+05:30,0,sms
CDR-001060,918527357736,916293377920,2025-01-15T12:36:09+05:30,25,voice
CDR-001061,917388520357,917952549560,2025-01-15T12:54:34+05:30,0,sms
CDR-001062,917545969696,916637885677,2025-01-15T13:15:02+05:30,118,voice
CDR-001063,917876457943,919600233059,2025-01-15T13:26:14+05:30,13,voice
CDR-001064,919772591901,918525720621,2025-01-15T13:27:02+05:30,32,voice
CDR-001065,916912523398,917989228447,2025-01-15T13:33:16+05:30,28,voice
CDR-001066,918680810632,917846947792,2025-01-15T13:52:50+05:30,158,voice
CDR-001067,916424188799,918843189740,2025-01-15T13:56:19+05:30,21,voice
CDR-001068,919714540957,916122729730,2025-01-15T14:15:22+05:30,107,voice
CDR-001069,919540149042,916055439146,2025-01-15T14:44:28+05:30,57,voice
CDR-001070,918680810632,918851286499,2025-01-15T14:52:59+05:30,53,voice
CDR-001071,916509638924,917994279003,2025-01-15T14:53:36+05:30,66,voice
CDR-001072,916082251340,916855008436,2025-01-15T14:54:40+05:30,8,voice
CDR-001073,916325845808,919119219019,2025-01-15T15:32:34+05:30,29,voice
CDR-001074,916653793670,919119219019,2025-01-15T15:45:18+05:30,27,voice
CDR-001075,918184188031,917147613772,2025-01-15T15:46:13+05:30,47,voice
CDR-001076,917730176490,916641395672,2025-01-15T15:51:06+05:30,143,voice
CDR-001077,919577944637,918766270784,2025-01-15T15:54:43+05:30,190,voice
CDR-001078,918047654190,918251165584,2025-01-15T16:25:46+05:30,24,voice
CDR-001079,918829009322,919415717273,2025-01-15T16:54:38+05:30,16,voice
CDR-001080,919896703780,916275552433,2025-01-15T16:54:58+05:30,22,voice
CDR-001081,916017179896,917500083076,2025-01-15T16:58:11+05:30,151,voice
CDR-001082,916935101816,916424188799,2025-01-15T17:26:57+05:30,66,voice
CDR-001083,918485143212,917469027111,2025-01-15T17:34:33+05:30,74,voice
CDR-001084,917930732092,916026997648,2025-01-15T17:41:49+05:30,117,voice
CDR-001085,916849321768,917844273643,2025-01-15T17:43:25+05:30,50,voice
CDR-001086,919571619646,917730176490,2025-01-15T17:47:56+05:30,14,voice
CDR-001087,916518301062,917187698223,2025-01-15T18:14:00+05:30,124,voice
CDR-001088,918437653138,918600238302,2025-01-15T18:28:37+05:30,25,voice
CDR-001089,917187698223,916935101816,2025-01-15T18:55:42+05:30,0,sms
CDR-001090,919797302867,916424188799,2025-01-15T19:41:41+05:30,0,sms
CDR-001091,916082251340,917630871663,2025-01-15T19:52:57+05:30,17,voice
CDR-001092,918510841654,916694321946,2025-01-15T20:31:03+05:30,60,voice
CDR-001093,916309630372,918771974035,2025-01-15T20:37:31+05:30,70,voice
CDR-001094,918452335165,918547024696,2025-01-15T20:42:59+05:30,313,voice
CDR-001095,916424188799,916852224261,2025-01-15T21:13:26+05:30,0,sms
CDR-001096,918251165584,917616371951,2025-01-15T21:16:34+05:30,0,sms
CDR-001097,917447202903,916665802686,2025-01-15T21:17:43+05:30,75,voice
CDR-001098,916665802686,916637885677,2025-01-15T21:18:59+05:30,82,voice
CDR-001099,916518301062,916424188799,2025-01-15T21:47:52+05:30,0,sms
CDR-001100,916931872820,916424188799,2025-01-15T22:02:44+05:30,0,sms
CDR-001101,917187698223,918485143212,2025-01-15T22:13:01+05:30,51,voice
CDR-001102,918547024696,917814266084,2025-01-15T22:16:17+05:30,6,voice
CDR-001103,918251165584,918572218538,2025-01-15T22:27:22+05:30,58,voice
CDR-001104,916876538782,917679658289,2025-01-15T22:31:15+05:30,123,voice
CDR-001105,917876457943,917147613772,2025-01-15T22:36:23+05:30,16,voice
CDR-001106,917814266084,919690393547,2025-01-15T22:40:32+05:30,50,voice
CDR-001107,918452335165,918065255396,2025-01-15T22:51:05+05:30,58,voice
CDR-001108,916509638924,917630871663,2025-01-15T23:11:43+05:30,61,voice
CDR-001109,916435668733,918452335165,2025-01-15T23:17:45+05:30,101,voice
CDR-001110,916812873288,916787800822,2025-01-15T23:24:32+05:30,87,voice
CDR-001111,916876538782,916729640279,2025-01-15T23:54:00+05:30,74,voice
CDR-001112,918238710435,918829009322,2025-01-16T00:22:46+05:30,63,voice
CDR-001113,916855008436,916082251340,2025-01-16T06:28:26+05:30,10,voice
CDR-001114,917288961107,916960990031,2025-01-16T06:38:49+05:30,0,sms
CDR-001115,917388520357,916051518115,2025-01-16T07:04:59+05:30,45,voice
CDR-001116,916543832315,919994738491,2025-01-16T07:26:42+05:30,45,voice
CDR-001117,918510841654,919577944637,2025-01-16T07:52:50+05:30,11,voice
CDR-001118,918525720621,919415717273,2025-01-16T08:00:34+05:30,88,voice
CDR-001119,918510841654,918973120296,2025-01-16T08:31:45+05:30,0,sms
CDR-001120,919342059358,918332441743,2025-01-16T08:32:44+05:30,84,voice
CDR-001121,917730176490,916641395672,2025-01-16T08:40:19+05:30,94,voice
CDR-001122,919896703780,916309630372,2025-01-16T09:17:06+05:30,70,voice
CDR-001123,919275070531,917919104175,2025-01-16T10:02:16+05:30,27,voice
CDR-001124,916694321946,916017179896,2025-01-16T10:07:18+05:30,27,voice
CDR-001125,917914834602,918251165584,2025-01-16T10:30:00+05:30,70,voice
CDR-001126,919384822654,916309630372,2025-01-16T11:16:46+05:30,22,voice
CDR-001127,916694321946,916082251340,2025-01-16T11:17:43+05:30,47,voice
CDR-001128,918600238302,918437653138,2025-01-16T11:24:33+05:30,42,voice
CDR-001129,916375107792,917876457943,2025-01-16T12:10:10+05:30,29,voice
CDR-001130,916849321768,917147613772,2025-01-16T12:26:19+05:30,0,sms
CDR-001131,917260443015,917556372626,2025-01-16T12:32:37+05:30,55,voice
CDR-001132,916122729730,919714540957,2025-01-16T12:34:46+05:30,147,voice
CDR-001133,917930732092,917134946256,2025-01-16T13:08:14+05:30,70,voice
CDR-001134,918524624102,916855008436,2025-01-16T13:43:00+05:30,865,voice
CDR-001135,917388520357,917952549560,2025-01-16T13:43:19+05:30,56,voice
CDR-001136,916367453616,916852224261,2025-01-16T14:11:15+05:30,0,sms
CDR-001137,917837617691,918452335165,2025-01-16T14:26:21+05:30,11,voice
CDR-001138,916518301062,917187698223,2025-01-16T14:29:00+05:30,55,voice
CDR-001139,916997171985,917876457943,2025-01-16T14:32:18+05:30,0,sms
CDR-001140,919744215949,916937699779,2025-01-16T14:36:15+05:30,58,voice
CDR-001141,916653793670,918517802039,2025-01-16T15:18:45+05:30,82,voice
CDR-001142,916367453616,916424188799,2025-01-16T15:20:59+05:30,535,voice
CDR-001143,918517802039,919600308487,2025-01-16T15:39:56+05:30,0,sms
CDR-001144,918829009322,919415717273,2025-01-16T15:49:31+05:30,73,voice
CDR-001145,919415717273,916694321946,2025-01-16T15:56:14+05:30,91,voice
CDR-001146,916555122302,916055439146,2025-01-16T16:15:50+05:30,137,voice
CDR-001147,918065255396,918447344267,2025-01-16T16:18:15+05:30,7,voice
CDR-001148,917616371951,916194464851,2025-01-16T16:52:10+05:30,0,sms
CDR-001149,919119219019,916325845808,2025-01-16T17:05:39+05:30,0,sms
CDR-001150,916812873288,917260443015,2025-01-16T17:19:52+05:30,0,sms
CDR-001151,917914834602,918251165584,2025-01-16T17:26:34+05:30,124,voice
CDR-001152,916424188799,916935101816,2025-01-16T17:50:28+05:30,0,sms
CDR-001153,918843189740,916424188799,2025-01-16T17:51:44+05:30,0,sms
CDR-001154,916367453616,919797302867,2025-01-16T18:18:18+05:30,69,voice
CDR-001155,916641395672,919571619646,2025-01-16T18:46:45+05:30,46,voice
CDR-001156,917485979569,919690393547,2025-01-16T19:27:29+05:30,23,voice
CDR-001157,917730176490,919571619646,2025-01-16T19:35:28+05:30,80,voice
CDR-001158,916694321946,919415717273,2025-01-16T19:41:43+05:30,65,voice
CDR-001159,919371826549,917538776094,2025-01-16T20:01:58+05:30,42,voice
CDR-001160,918452335165,917837617691,2025-01-16T20:10:40+05:30,0,sms
CDR-001161,917989228447,917730176490,2025-01-16T20:47:12+05:30,33,voice
CDR-001162,916017179896,917952549560,2025-01-16T21:06:33+05:30,181,voice
CDR-001163,917919104175,917846947792,2025-01-16T22:00:24+05:30,61,voice
CDR-001164,917930732092,918766270784,2025-01-16T22:04:19+05:30,46,voice
CDR-001165,916770012075,916122729730,2025-01-16T22:16:30+05:30,21,voice
CDR-001166,917930732092,918766270784,2025-01-16T22:19:56+05:30,45,voice
CDR-001167,919415717273,918829009322,2025-01-16T22:25:06+05:30,0,sms
CDR-001168,916665802686,916637885677,2025-01-16T22:38:50+05:30,26,voice
CDR-001169,916888840554,916960990031,2025-01-16T22:45:43+05:30,201,voice
CDR-001170,919772591901,916729640279,2025-01-16T23:13:47+05:30,25,voice
CDR-001171,918547024696,917837617691,2025-01-16T23:15:14+05:30,41,voice
CDR-001172,919571619646,917730176490,2025-01-16T23:18:13+05:30,37,voice
CDR-001173,919896703780,916309630372,2025-01-16T23:29:13+05:30,0,sms
CDR-001174,919772591901,918525720621,2025-01-16T23:49:21+05:30,28,voice
CDR-001175,917814266084,919690393547,2025-01-16T23:52:19+05:30,89,voice
CDR-001176,919690393547,917545969696,2025-01-17T00:35:12+05:30,285,voice
CDR-001177,917888064876,918823052386,2025-01-17T02:27:55+05:30,108,voice
CDR-001178,916637885677,918437653138,2025-01-17T06:17:16+05:30,10,voice
CDR-001179,918766270784,919326047954,2025-01-17T06:36:25+05:30,41,voice
CDR-001180,919275070531,919136751526,2025-01-17T07:16:02+05:30,0,sms
CDR-001181,916931872820,917914834602,2025-01-17T07:43:18+05:30,205,voice
CDR-001182,916435668733,916055439146,2025-01-17T07:48:00+05:30,60,voice
CDR-001183,918510841654,916026997648,2025-01-17T08:06:57+05:30,75,voice
CDR-001184,916375107792,916055439146,2025-01-17T08:15:50+05:30,71,voice
CDR-001185,917545969696,919690393547,2025-01-17T08:28:08+05:30,32,voice
CDR-001186,917876457943,917844273643,2025-01-17T08:39:28+05:30,196,voice
CDR-001187,919714540957,919744215949,2025-01-17T09:25:34+05:30,85,voice
CDR-001188,916026997648,918973120296,2025-01-17T09:52:59+05:30,230,voice
CDR-001189,919714540957,919744215949,2025-01-17T09:54:21+05:30,51,voice
CDR-001190,917876457943,916375107792,2025-01-17T10:05:28+05:30,0,sms
CDR-001191,919384822654,916849321768,2025-01-17T10:20:48+05:30,15,voice
CDR-001192,916935101816,919797302867,2025-01-17T10:26:18+05:30,32,voice
CDR-001193,919577944637,916293377920,2025-01-17T10:29:10+05:30,54,voice
CDR-001194,918766270784,919772591901,2025-01-17T10:46:41+05:30,37,voice
CDR-001195,916997171985,916375107792,2025-01-17T11:01:29+05:30,92,voice
CDR-001196,916275552433,918063398568,2025-01-17T11:52:24+05:30,164,voice
CDR-001197,916931872820,916194464851,2025-01-17T11:58:29+05:30,116,voice
CDR-001198,917388520357,917952549560,2025-01-17T12:11:21+05:30,148,voice
CDR-001199,919747267016,918845716772,2025-01-17T13:15:21+05:30,48,voice
CDR-001200,916812873288,916217338638,2025-01-17T13:18:55+05:30,24,voice
CDR-001201,916555122302,917994279003,2025-01-17T13:54:19+05:30,29,voice
CDR-001202,916931872820,917469027111,2025-01-17T14:05:27+05:30,132,voice
CDR-001203,916637885677,918437653138,2025-01-17T14:35:40+05:30,34,voice
CDR-001204,917876457943,917147613772,2025-01-17T14:38:59+05:30,36,voice
CDR-001205,919797302867,916931872820,2025-01-17T14:46:54+05:30,31,voice
CDR-001206,918547024696,917545969696,2025-01-17T15:16:37+05:30,96,voice
CDR-001207,916641395672,917989228447,2025-01-17T15:25:26+05:30,45,voice
CDR-001208,916555122302,919647323963,2025-01-17T15:28:34+05:30,56,voice
CDR-001209,917388520357,916051518115,2025-01-17T15:39:40+05:30,8,voice
CDR-001210,916852224261,917888064876,2025-01-17T15:40:07+05:30,0,sms
CDR-001211,916051518115,916017179896,2025-01-17T15:41:46+05:30,46,voice
CDR-001212,919647323963,917989228447,2025-01-17T15:50:58+05:30,156,voice
CDR-001213,917556372626,917260443015,2025-01-17T16:06:37+05:30,41,voice
CDR-001214,917837617691,919994738491,2025-01-17T16:23:51+05:30,21,voice
CDR-001215,918382865694,918572218538,2025-01-17T16:39:58+05:30,154,voice
CDR-001216,919647323963,916275552433,2025-01-17T16:41:21+05:30,371,voice
CDR-001217,917630871663,916855008436,2025-01-17T16:55:11+05:30,0,sms
CDR-001218,916555122302,916702951376,2025-01-17T18:03:35+05:30,5,voice
CDR-001219,917311481954,918547024696,2025-01-17T18:26:07+05:30,45,voice
CDR-001220,916479900999,916518301062,2025-01-17T18:29:59+05:30,5,voice
CDR-001221,918224632063,916293377920,2025-01-17T18:33:00+05:30,77,voice
CDR-001222,919119219019,916325845808,2025-01-17T19:07:02+05:30,21,voice
CDR-001223,918527357736,918332441743,2025-01-17T19:13:54+05:30,66,voice
CDR-001224,918510841654,919326047954,2025-01-17T19:50:57+05:30,93,voice
CDR-001225,917485979569,916637885677,2025-01-17T20:02:26+05:30,15,voice
CDR-001226,918600238302,918437653138,2025-01-17T20:09:59+05:30,32,voice
CDR-001227,916367453616,916996582331,2025-01-17T20:28:07+05:30,160,voice
CDR-001228,918437653138,916435668733,2025-01-17T20:46:53+05:30,48,voice
CDR-001229,916435668733,918437653138,2025-01-17T21:12:37+05:30,23,voice
CDR-001230,919384822654,916309630372,2025-01-17T21:26:22+05:30,0,sms
CDR-001231,918973120296,919577944637,2025-01-17T21:31:12+05:30,32,voice
CDR-001232,917679658289,917500083076,2025-01-17T21:44:23+05:30,0,sms
CDR-001233,916691567852,916275552433,2025-01-17T21:48:39+05:30,41,voice
CDR-001234,918766270784,917930732092,2025-01-17T21:57:29+05:30,35,voice
CDR-001235,916637885677,917970653224,2025-01-17T22:01:17+05:30,0,sms
CDR-001236,918572218538,918382865694,2025-01-17T22:02:41+05:30,71,voice
CDR-001237,918680810632,918851286499,2025-01-17T22:07:24+05:30,82,voice
CDR-001238,919744215949,916937699779,2025-01-17T22:31:37+05:30,45,voice
CDR-001239,918973120296,916026997648,2025-01-17T22:34:07+05:30,60,voice
CDR-001240,917952549560,916017179896,2025-01-17T22:47:53+05:30,0,sms
CDR-001241,917837617691,918452335165,2025-01-17T22:58:56+05:30,16,voice
CDR-001242,918680810632,917311481954,2025-01-17T23:01:16+05:30,17,voice
CDR-001243,919326047954,918766270784,2025-01-17T23:02:04+05:30,48,voice
CDR-001244,918251165584,916535545166,2025-01-17T23:10:00+05:30,154,voice
CDR-001245,916223553521,918772528373,2025-01-17T23:11:52+05:30,0,sms
CDR-001246,919571619646,917730176490,2025-01-17T23:13:05+05:30,0,sms
CDR-001247,919647323963,916555122302,2025-01-17T23:26:37+05:30,85,voice
CDR-001248,918238710435,917679658289,2025-01-17T23:48:24+05:30,119,voice
CDR-001249,918572218538,918382865694,2025-01-17T23:57:42+05:30,49,voice
CDR-001250,916641395672,919571619646,2025-01-18T00:19:11+05:30,66,voice
CDR-001251,918524624102,918525720621,2025-01-18T01:45:19+05:30,20,voice
CDR-001252,918829009322,917679658289,2025-01-18T03:20:35+05:30,22,voice
CDR-001253,916931872820,916424188799,2025-01-18T04:43:17+05:30,0,sms
CDR-001254,916665802686,918437653138,2025-01-18T05:21:03+05:30,33,voice
CDR-001255,919415717273,918525720621,2025-01-18T05:41:25+05:30,76,voice
CDR-001256,918680810632,918851286499,2025-01-18T06:40:29+05:30,100,voice
CDR-001257,918572218538,919797302867,2025-01-18T06:44:15+05:30,0,sms
CDR-001258,916275552433,918063398568,2025-01-18T06:49:51+05:30,19,voice
CDR-001259,917930732092,917134946256,2025-01-18T07:12:08+05:30,24,voice
CDR-001260,918766270784,916026997648,2025-01-18T07:34:55+05:30,95,voice
CDR-001261,916937699779,916122729730,2025-01-18T07:57:49+05:30,12,voice
CDR-001262,919647323963,917989228447,2025-01-18T08:32:22+05:30,57,voice
CDR-001263,918843189740,917187698223,2025-01-18T08:51:11+05:30,80,voice
CDR-001264,917545969696,917485979569,2025-01-18T08:53:21+05:30,40,voice
CDR-001265,916997171985,916309630372,2025-01-18T08:59:17+05:30,22,voice
CDR-001266,919797302867,916424188799,2025-01-18T09:18:44+05:30,53,voice
CDR-001267,916960990031,916309630372,2025-01-18T09:21:08+05:30,0,sms
CDR-001268,916367453616,916424188799,2025-01-18T09:52:27+05:30,90,voice
CDR-001269,918547024696,917837617691,2025-01-18T10:09:49+05:30,129,voice
CDR-001270,918572218538,918251165584,2025-01-18T10:17:44+05:30,174,voice
CDR-001271,919371826549,917538776094,2025-01-18T10:19:27+05:30,64,voice
CDR-001272,919647323963,916641395672,2025-01-18T10:31:25+05:30,95,voice
CDR-001273,919571619646,916555122302,2025-01-18T11:21:49+05:30,23,voice
CDR-001274,916653793670,918517802039,2025-01-18T11:22:31+05:30,53,voice
CDR-001275,916641395672,919647323963,2025-01-18T11:24:59+05:30,19,voice
CDR-001276,919747267016,918829009322,2025-01-18T11:36:43+05:30,141,voice
CDR-001277,918851286499,917447202903,2025-01-18T12:31:42+05:30,66,voice
CDR-001278,916931872820,916424188799,2025-01-18T12:40:29+05:30,27,voice
CDR-001279,918524624102,919415717273,2025-01-18T12:44:55+05:30,0,sms
CDR-001280,918851286499,916665802686,2025-01-18T12:57:05+05:30,117,voice
CDR-001281,917814266084,917837617691,2025-01-18T13:12:48+05:30,21,voice
CDR-001282,917679658289,916509638924,2025-01-18T13:25:41+05:30,107,voice
CDR-001283,919688936655,919153442407,2025-01-18T13:51:54+05:30,206,voice
CDR-001284,918510841654,919326047954,2025-01-18T14:25:03+05:30,18,voice
CDR-001285,916694321946,916017179896,2025-01-18T15:02:47+05:30,18,voice
CDR-001286,919415717273,918525720621,2025-01-18T15:06:14+05:30,68,voice
CDR-001287,918437653138,916637885677,2025-01-18T15:07:32+05:30,50,voice
CDR-001288,919747267016,916017179896,2025-01-18T15:08:15+05:30,37,voice
CDR-001289,917616371951,918251165584,2025-01-18T15:32:30+05:30,43,voice
CDR-001290,916017179896,916051518115,2025-01-18T15:37:25+05:30,23,voice
CDR-001291,916375107792,919647323963,2025-01-18T15:54:26+05:30,109,voice
CDR-001292,916509638924,917500083076,2025-01-18T16:06:15+05:30,84,voice
CDR-001293,917630871663,916509638924,2025-01-18T16:38:25+05:30,20,voice
CDR-001294,916375107792,916849321768,2025-01-18T16:42:47+05:30,0,sms
CDR-001295,918517802039,919600308487,2025-01-18T16:44:15+05:30,127,voice
CDR-001296,919688936655,919153442407,2025-01-18T17:05:19+05:30,210,voice
CDR-001297,919577944637,918510841654,2025-01-18T17:12:25+05:30,0,sms
CDR-001298,918766270784,919577944637,2025-01-18T17:18:56+05:30,32,voice
CDR-001299,916424188799,916935101816,2025-01-18T17:22:39+05:30,26,voice
CDR-001300,917814266084,919994738491,2025-01-18T17:54:12+05:30,75,voice
CDR-001301,917914834602,916535545166,2025-01-18T18:19:17+05:30,83,voice
CDR-001302,916309630372,919896703780,2025-01-18T18:26:11+05:30,20,voice
CDR-001303,916367453616,916424188799,2025-01-18T18:28:47+05:30,5,voice
CDR-001304,916641395672,917989228447,2025-01-18T18:31:32+05:30,254,voice
CDR-001305,916637885677,916665802686,2025-01-18T19:04:56+05:30,36,voice
CDR-001306,917485979569,918437653138,2025-01-18T19:18:13+05:30,87,voice
CDR-001307,918547024696,917545969696,2025-01-18T19:33:39+05:30,18,voice
CDR-001308,917500083076,918238710435,2025-01-18T19:36:46+05:30,58,voice
CDR-001309,918823052386,917888064876,2025-01-18T19:44:20+05:30,0,sms
CDR-001310,917679658289,918238710435,2025-01-18T19:48:38+05:30,164,voice
CDR-001311,916435668733,918600238302,2025-01-18T20:08:33+05:30,47,voice
CDR-001312,919342059358,918332441743,2025-01-18T20:12:54+05:30,195,voice
CDR-001313,916641395672,919896703780,2025-01-18T20:29:12+05:30,167,voice
CDR-001314,916194464851,917876587248,2025-01-18T20:45:04+05:30,193,voice
CDR-001315,919571619646,917730176490,2025-01-18T20:56:39+05:30,162,voice
CDR-001316,918525720621,919415717273,2025-01-18T20:58:14+05:30,33,voice
CDR-001317,916309630372,919600233059,2025-01-18T21:05:19+05:30,26,voice
CDR-001318,918572218538,918382865694,2025-01-18T21:10:14+05:30,42,voice
CDR-001319,916555122302,919571619646,2025-01-18T21:34:49+05:30,17,voice
CDR-001320,918766270784,916876538782,2025-01-18T21:45:59+05:30,51,voice
CDR-001321,917930732092,918973120296,2025-01-18T21:48:58+05:30,138,voice
CDR-001322,918851286499,916665802686,2025-01-18T22:02:40+05:30,0,sms
CDR-001323,917914834602,916535545166,2025-01-18T22:20:11+05:30,55,voice
CDR-001324,918829009322,916017179896,2025-01-18T22:46:25+05:30,202,voice
CDR-001325,918251165584,918047654190,2025-01-18T23:21:27+05:30,94,voice
CDR-001326,918771974035,916309630372,2025-01-18T23:40:19+05:30,30,voice
CDR-001327,916082251340,917630871663,2025-01-18T23:55:23+05:30,0,sms
CDR-001328,917679658289,918238710435,2025-01-19T00:58:52+05:30,15,voice
CDR-001329,916694321946,919415717273,2025-01-19T04:13:40+05:30,93,voice
CDR-001330,919600233059,916309630372,2025-01-19T05:57:26+05:30,82,voice
CDR-001331,918973120296,918510841654,2025-01-19T06:45:31+05:30,45,voice
CDR-001332,916960990031,917288961107,2025-01-19T06:46:53+05:30,38,voice
CDR-001333,916561718843,919688936655,2025-01-19T07:14:37+05:30,82,voice
CDR-001334,917187698223,918843189740,2025-01-19T07:19:26+05:30,54,voice
CDR-001335,918224632063,916293377920,2025-01-19T07:55:31+05:30,148,voice
CDR-001336,916665802686,916637885677,2025-01-19T08:12:01+05:30,111,voice
CDR-001337,918437653138,916665802686,2025-01-19T08:37:31+05:30,51,voice
CDR-001338,917876457943,916702951376,2025-01-19T08:39:23+05:30,0,sms
CDR-001339,916770012075,919714540957,2025-01-19T08:53:39+05:30,0,sms
CDR-001340,919647323963,917876457943,2025-01-19T09:06:36+05:30,0,sms
CDR-001341,917837617691,918547024696,2025-01-19T09:12:45+05:30,24,voice
CDR-001342,918227250029,918843189740,2025-01-19T09:26:01+05:30,247,voice
CDR-001343,918680810632,918437653138,2025-01-19T10:13:06+05:30,9,voice
CDR-001344,916855008436,916876538782,2025-01-19T10:51:04+05:30,93,voice
CDR-001345,919577944637,919415717273,2025-01-19T10:56:02+05:30,67,voice
CDR-001346,916849321768,917844273643,2025-01-19T11:05:17+05:30,120,voice
CDR-001347,919690393547,918547024696,2025-01-19T11:21:22+05:30,210,voice
CDR-001348,919690393547,918452335165,2025-01-19T11:32:44+05:30,46,voice
CDR-001349,916694321946,918829009322,2025-01-19T11:35:19+05:30,16,voice
CDR-001350,916770012075,919714540957,2025-01-19T12:00:46+05:30,241,voice
CDR-001351,918382865694,916518301062,2025-01-19T12:10:35+05:30,69,voice
CDR-001352,918485143212,917469027111,2025-01-19T12:21:59+05:30,161,voice
CDR-001353,916812873288,917556372626,2025-01-19T12:45:26+05:30,15,voice
CDR-001354,919994738491,917545969696,2025-01-19T14:11:24+05:30,26,voice
CDR-001355,917952549560,916017179896,2025-01-19T14:18:59+05:30,43,voice
CDR-001356,919690393547,916812873288,2025-01-19T14:30:28+05:30,0,sms
CDR-001357,918227250029,916996582331,2025-01-19T14:45:52+05:30,81,voice
CDR-001358,919744215949,916937699779,2025-01-19T15:03:44+05:30,23,voice
CDR-001359,916275552433,916691567852,2025-01-19T15:05:52+05:30,87,voice
CDR-001360,919571619646,916641395672,2025-01-19T15:10:46+05:30,27,voice
CDR-001361,916367453616,916931872820,2025-01-19T15:34:57+05:30,21,voice
CDR-001362,919688936655,916561718843,2025-01-19T15:40:13+05:30,0,sms
CDR-001363,916309630372,917970653224,2025-01-19T15:43:28+05:30,21,voice
CDR-001364,916309630372,918771974035,2025-01-19T15:51:11+05:30,0,sms
CDR-001365,917447202903,917970653224,2025-01-19T15:52:21+05:30,20,voice
CDR-001366,917500083076,919136751526,2025-01-19T15:56:09+05:30,107,voice
CDR-001367,916849321768,917876457943,2025-01-19T16:09:21+05:30,14,voice
CDR-001368,916876538782,916855008436,2025-01-19T16:10:35+05:30,65,voice
CDR-001369,916888840554,917876457943,2025-01-19T16:29:01+05:30,139,voice
CDR-001370,916997171985,919688936655,2025-01-19T16:33:22+05:30,103,voice
CDR-001371,918224632063,916293377920,2025-01-19T16:38:30+05:30,0,sms
CDR-001372,916665802686,916787800822,2025-01-19T16:50:11+05:30,135,voice
CDR-001373,918332441743,919342059358,2025-01-19T17:02:08+05:30,118,voice
CDR-001374,917353300525,916812873288,2025-01-19T17:15:06+05:30,60,voice
CDR-001375,918766270784,919326047954,2025-01-19T17:17:59+05:30,269,voice
CDR-001376,916309630372,919384822654,2025-01-19T17:26:46+05:30,0,sms
CDR-001377,918251165584,917123981476,2025-01-19T17:41:18+05:30,53,voice
CDR-001378,919690393547,916217338638,2025-01-19T17:52:15+05:30,26,voice
CDR-001379,919797302867,917187698223,2025-01-19T17:56:49+05:30,312,voice
CDR-001380,917260443015,916543832315,2025-01-19T18:03:32+05:30,23,voice
CDR-001381,918680810632,918437653138,2025-01-19T18:09:12+05:30,20,voice
CDR-001382,918829009322,919415717273,2025-01-19T18:27:50+05:30,27,voice
CDR-001383,916424188799,919797302867,2025-01-19T18:34:52+05:30,165,voice
CDR-001384,916637885677,916217338638,2025-01-19T18:34:55+05:30,66,voice
CDR-001385,918829009322,919415717273,2025-01-19T18:38:45+05:30,80,voice
CDR-001386,919577944637,918973120296,2025-01-19T19:04:50+05:30,19,voice
CDR-001387,918437653138,916665802686,2025-01-19T19:08:49+05:30,37,voice
CDR-001388,919600233059,916309630372,2025-01-19T19:19:55+05:30,220,voice
CDR-001389,916665802686,916729640279,2025-01-19T19:34:02+05:30,125,voice
CDR-001390,919994738491,916543832315,2025-01-19T20:31:04+05:30,87,voice
CDR-001391,918382865694,918572218538,2025-01-19T20:33:02+05:30,25,voice
CDR-001392,916424188799,919797302867,2025-01-19T20:36:37+05:30,34,voice
CDR-001393,919415717273,916694321946,2025-01-19T20:37:10+05:30,27,voice
CDR-001394,918184188031,917147613772,2025-01-19T20:54:30+05:30,18,voice
CDR-001395,917844273643,918184188031,2025-01-19T21:10:45+05:30,43,voice
CDR-001396,917147613772,918184188031,2025-01-19T21:22:05+05:30,15,voice
CDR-001397,919600233059,917876457943,2025-01-19T21:37:00+05:30,0,sms
CDR-001398,917260443015,916543832315,2025-01-19T21:41:29+05:30,49,voice
CDR-001399,916641395672,919571619646,2025-01-19T21:43:34+05:30,151,voice
CDR-001400,916543832315,917260443015,2025-01-19T21:58:46+05:30,46,voice
CDR-001401,917260443015,916435668733,2025-01-19T22:01:33+05:30,0,sms
CDR-001402,916637885677,918437653138,2025-01-19T22:34:20+05:30,0,sms
CDR-001403,917730176490,916641395672,2025-01-19T22:39:02+05:30,111,voice
CDR-001404,916876538782,918766270784,2025-01-19T22:41:57+05:30,0,sms
CDR-001405,918829009322,916729640279,2025-01-19T22:46:01+05:30,95,voice
CDR-001406,917989228447,916912523398,2025-01-19T23:19:03+05:30,19,voice
CDR-001407,916026997648,918510841654,2025-01-19T23:33:02+05:30,38,voice
CDR-001408,919647323963,917989228447,2025-01-19T23:33:07+05:30,0,sms
CDR-001409,919896703780,916275552433,2025-01-19T23:45:14+05:30,43,voice
CDR-001410,919994738491,919690393547,2025-01-19T23:51:04+05:30,12,voice
CDR-001411,918680810632,918600238302,2025-01-20T00:37:45+05:30,76,voice
CDR-001412,916026997648,918766270784,2025-01-20T06:00:40+05:30,53,voice
CDR-001413,916637885677,919690393547,2025-01-20T06:12:58+05:30,12,voice
CDR-001414,916641395672,919647323963,2025-01-20T06:16:52+05:30,195,voice
CDR-001415,919342059358,918332441743,2025-01-20T06:42:34+05:30,168,voice
CDR-001416,917970653224,918547024696,2025-01-20T06:59:59+05:30,0,sms
CDR-001417,917876457943,916888840554,2025-01-20T07:04:37+05:30,106,voice
CDR-001418,917876457943,919600233059,2025-01-20T07:17:36+05:30,101,voice
CDR-001419,917469027111,918485143212,2025-01-20T07:19:09+05:30,0,sms
CDR-001420,918766270784,916026997648,2025-01-20T08:32:15+05:30,131,voice
CDR-001421,919577944637,919326047954,2025-01-20T08:39:01+05:30,42,voice
CDR-001422,919690393547,917814266084,2025-01-20T08:54:58+05:30,0,sms
CDR-001423,918527357736,918129866499,2025-01-20T08:58:38+05:30,64,voice
CDR-001424,916876538782,917679658289,2025-01-20T10:57:11+05:30,0,sms
CDR-001425,916275552433,916691567852,2025-01-20T11:33:46+05:30,38,voice
CDR-001426,916912523398,919647323963,2025-01-20T12:04:13+05:30,0,sms
CDR-001427,917970653224,917447202903,2025-01-20T12:34:47+05:30,141,voice
CDR-001428,917187698223,916996582331,2025-01-20T12:48:51+05:30,73,voice
CDR-001429,918524624102,918525720621,2025-01-20T13:15:57+05:30,72,voice
CDR-001430,916026997648,919577944637,2025-01-20T13:27:26+05:30,98,voice
CDR-001431,917814266084,918547024696,2025-01-20T14:02:08+05:30,15,voice
CDR-001432,919275070531,917919104175,2025-01-20T14:13:52+05:30,33,voice
CDR-001433,917730176490,916641395672,2025-01-20T14:49:25+05:30,48,voice
CDR-001434,916017179896,917952549560,2025-01-20T15:01:08+05:30,26,voice
CDR-001435,916026997648,919577944637,2025-01-20T15:28:26+05:30,12,voice
CDR-001436,917844273643,918129866499,2025-01-20T15:44:28+05:30,15,voice
CDR-001437,919714540957,919744215949,2025-01-20T15:59:49+05:30,20,voice
CDR-001438,919600233059,916309630372,2025-01-20T16:18:35+05:30,108,voice
CDR-001439,919690393547,917545969696,2025-01-20T16:40:30+05:30,75,voice
CDR-001440,918547024696,917970653224,2025-01-20T16:45:34+05:30,69,voice
CDR-001441,919714540957,919744215949,2025-01-20T16:57:41+05:30,8,voice
CDR-001442,917147613772,916849321768,2025-01-20T17:18:11+05:30,58,voice
CDR-001443,916937699779,919275070531,2025-01-20T18:07:35+05:30,44,voice
CDR-001444,916217338638,916665802686,2025-01-20T18:13:55+05:30,231,voice
CDR-001445,916479900999,917469027111,2025-01-20T18:45:45+05:30,94,voice
CDR-001446,917970653224,916637885677,2025-01-20T19:31:27+05:30,162,voice
CDR-001447,918224632063,916051518115,2025-01-20T19:35:06+05:30,0,sms
CDR-001448,916855008436,917630871663,2025-01-20T19:36:35+05:30,170,voice
CDR-001449,916424188799,916367453616,2025-01-20T19:47:11+05:30,164,voice
CDR-001450,916026997648,918973120296,2025-01-20T20:06:51+05:30,118,voice
CDR-001451,916937699779,916122729730,2025-01-20T20:07:03+05:30,20,voice
CDR-001452,916424188799,916852224261,2025-01-20T20:12:00+05:30,24,voice
CDR-001453,918572218538,918251165584,2025-01-20T20:14:23+05:30,0,sms
CDR-001454,917616371951,918065255396,2025-01-20T20:31:21+05:30,15,voice
CDR-001455,916935101816,916931872820,2025-01-20T20:45:55+05:30,165,voice
CDR-001456,916561718843,919688936655,2025-01-20T21:07:32+05:30,0,sms
CDR-001457,916543832315,917447202903,2025-01-20T21:13:59+05:30,89,voice
CDR-001458,916702951376,917844273643,2025-01-20T21:15:22+05:30,0,sms
CDR-001459,916509638924,917679658289,2025-01-20T21:22:13+05:30,95,voice
CDR-001460,919415717273,916694321946,2025-01-20T21:22:58+05:30,26,voice
CDR-001461,916812873288,917260443015,2025-01-20T21:32:04+05:30,28,voice
CDR-001462,916479900999,918485143212,2025-01-20T21:53:24+05:30,25,voice
CDR-001463,919797302867,917187698223,2025-01-20T21:55:04+05:30,28,voice
CDR-001464,916122729730,919714540957,2025-01-20T21:58:32+05:30,111,voice
CDR-001465,916082251340,917630871663,2025-01-20T22:01:52+05:30,63,voice
CDR-001466,916855008436,916509638924,2025-01-20T22:34:49+05:30,160,voice
CDR-001467,918680810632,917814266084,2025-01-20T22:47:43+05:30,12,voice
CDR-001468,916852224261,917888064876,2025-01-20T23:14:30+05:30,0,sms
CDR-001469,916960990031,916309630372,2025-01-20T23:27:20+05:30,49,voice
CDR-001470,916026997648,919326047954,2025-01-20T23:48:08+05:30,24,voice
CDR-001471,916694321946,919415717273,2025-01-21T03:03:45+05:30,53,voice
CDR-001472,916424188799,919797302867,2025-01-21T03:08:17+05:30,39,voice
CDR-001473,918771974035,916309630372,2025-01-21T05:32:49+05:30,43,voice
CDR-001474,917147613772,916702951376,2025-01-21T07:15:45+05:30,42,voice
CDR-001475,916694321946,916509638924,2025-01-21T07:24:08+05:30,310,voice
CDR-001476,916937699779,916122729730,2025-01-21T07:41:07+05:30,77,voice
CDR-001477,917919104175,917846947792,2025-01-21T07:48:22+05:30,38,voice
CDR-001478,919797302867,916931872820,2025-01-21T08:32:48+05:30,57,voice
CDR-001479,917876457943,916849321768,2025-01-21T08:57:28+05:30,54,voice
CDR-001480,918524624102,919415717273,2025-01-21T09:54:39+05:30,154,voice
CDR-001481,918851286499,916665802686,2025-01-21T09:57:48+05:30,54,voice
CDR-001482,917388520357,917134946256,2025-01-21T09:59:23+05:30,48,voice
CDR-001483,919647323963,917989228447,2025-01-21T10:21:56+05:30,0,sms
CDR-001484,919714540957,916122729730,2025-01-21T10:28:18+05:30,115,voice
CDR-001485,919688936655,916561718843,2025-01-21T10:35:39+05:30,166,voice
CDR-001486,916912523398,917989228447,2025-01-21T10:53:24+05:30,105,voice
CDR-001487,916702951376,917876457943,2025-01-21T11:02:22+05:30,178,voice
CDR-001488,916309630372,918771974035,2025-01-21T11:40:07+05:30,72,voice
CDR-001489,916017179896,916051518115,2025-01-21T11:46:25+05:30,327,voice
CDR-001490,917630871663,916509638924,2025-01-21T12:09:14+05:30,121,voice
CDR-001491,918845716772,919747267016,2025-01-21T12:18:09+05:30,8,voice
CDR-001492,917730176490,919571619646,2025-01-21T12:20:10+05:30,26,voice
CDR-001493,918766270784,917930732092,2025-01-21T12:52:39+05:30,46,voice
CDR-001494,918547024696,917545969696,2025-01-21T12:53:28+05:30,0,sms
CDR-001495,916122729730,919714540957,2025-01-21T13:15:23+05:30,0,sms
CDR-001496,918525720621,918524624102,2025-01-21T13:32:56+05:30,139,voice
CDR-001497,916931872820,916424188799,2025-01-21T14:06:26+05:30,0,sms
CDR-001498,916017179896,918525720621,2025-01-21T14:07:51+05:30,90,voice
CDR-001499,916641395672,917730176490,2025-01-21T14:39:00+05:30,0,sms
CDR-001500,916876538782,917679658289,2025-01-21T14:41:38+05:30,91,voice
CDR-001501,916026997648,917930732092,2025-01-21T15:09:39+05:30,12,voice
CDR-001502,918485143212,917994279003,2025-01-21T15:20:09+05:30,105,voice
CDR-001503,918829009322,918973120296,2025-01-21T15:33:36+05:30,22,voice
CDR-001504,918452335165,917545969696,2025-01-21T15:49:30+05:30,21,voice
CDR-001505,918843189740,917187698223,2025-01-21T16:28:02+05:30,109,voice
CDR-001506,916017179896,918525720621,2025-01-21T16:38:56+05:30,330,voice
CDR-001507,918510841654,918973120296,2025-01-21T16:46:30+05:30,44,voice
CDR-001508,918843189740,917538776094,2025-01-21T16:47:56+05:30,175,voice
CDR-001509,916935101816,916424188799,2025-01-21T17:36:16+05:30,22,voice
CDR-001510,918547024696,918452335165,2025-01-21T18:03:46+05:30,0,sms
CDR-001511,916367453616,916518301062,2025-01-21T18:11:18+05:30,38,voice
CDR-001512,916051518115,917388520357,2025-01-21T18:41:44+05:30,102,voice
CDR-001513,917844273643,916849321768,2025-01-21T19:01:24+05:30,0,sms
CDR-001514,919326047954,918766270784,2025-01-21T19:45:12+05:30,0,sms
CDR-001515,918600238302,918437653138,2025-01-21T19:46:32+05:30,60,voice
CDR-001516,916367453616,919742990720,2025-01-21T19:58:35+05:30,603,voice
CDR-001517,918510841654,919577944637,2025-01-21T20:12:24+05:30,10,voice
CDR-001518,917147613772,916702951376,2025-01-21T20:13:38+05:30,85,voice
CDR-001519,916026997648,918973120296,2025-01-21T20:19:15+05:30,0,sms
CDR-001520,916194464851,917914834602,2025-01-21T20:33:34+05:30,155,voice
CDR-001521,916960990031,916309630372,2025-01-21T20:35:17+05:30,34,voice
CDR-001522,919714540957,919744215949,2025-01-21T20:37:22+05:30,57,voice
CDR-001523,916812873288,917556372626,2025-01-21T20:58:48+05:30,48,voice
CDR-001524,917556372626,916543832315,2025-01-21T21:02:03+05:30,34,voice
CDR-001525,917837617691,916665802686,2025-01-21T21:02:46+05:30,98,voice
CDR-001526,916637885677,916665802686,2025-01-21T21:13:14+05:30,52,voice
CDR-001527,916641395672,917730176490,2025-01-21T21:18:41+05:30,83,voice
CDR-001528,917538776094,918843189740,2025-01-21T21:20:50+05:30,141,voice
CDR-001529,919747267016,918829009322,2025-01-21T21:39:28+05:30,0,sms
CDR-001530,916367453616,919797302867,2025-01-21T22:16:28+05:30,71,voice
CDR-001531,916997171985,917876457943,2025-01-21T22:52:31+05:30,25,voice
CDR-001532,916275552433,916691567852,2025-01-21T23:06:42+05:30,313,voice
CDR-001533,918600238302,918437653138,2025-01-21T23:11:10+05:30,93,voice
CDR-001534,918238710435,917500083076,2025-01-21T23:24:25+05:30,17,voice
CDR-001535,916770012075,917268526587,2025-01-21T23:47:30+05:30,71,voice
CDR-001536,916694321946,918224632063,2025-01-21T23:57:37+05:30,94,voice
CDR-001537,916424188799,916367453616,2025-01-22T03:41:57+05:30,363,voice
CDR-001538,916937699779,916122729730,2025-01-22T06:37:43+05:30,99,voice
CDR-001539,917876457943,918184188031,2025-01-22T06:48:35+05:30,178,voice
CDR-001540,917844273643,918129866499,2025-01-22T07:06:15+05:30,37,voice
CDR-001541,916194464851,918823052386,2025-01-22T07:09:24+05:30,803,voice
CDR-001542,918527357736,916293377920,2025-01-22T07:10:40+05:30,72,voice
CDR-001543,917260443015,916543832315,2025-01-22T07:23:17+05:30,35,voice
CDR-001544,918973120296,919577944637,2025-01-22T07:50:12+05:30,56,voice
CDR-001545,917500083076,917679658289,2025-01-22T08:38:23+05:30,18,voice
CDR-001546,917876457943,919600233059,2025-01-22T08:41:32+05:30,177,voice
CDR-001547,917545969696,916637885677,2025-01-22T09:03:09+05:30,0,sms
CDR-001548,917485979569,917545969696,2025-01-22T09:14:53+05:30,38,voice
CDR-001549,916694321946,916082251340,2025-01-22T09:17:14+05:30,0,sms
CDR-001550,916665802686,916729640279,2025-01-22T09:45:39+05:30,23,voice
CDR-001551,916665802686,917447202903,2025-01-22T09:57:40+05:30,23,voice
CDR-001552,919326047954,919577944637,2025-01-22T11:16:22+05:30,121,voice
CDR-001553,917147613772,918184188031,2025-01-22T11:54:58+05:30,0,sms
CDR-001554,918600238302,918680810632,2025-01-22T12:01:34+05:30,101,voice
CDR-001555,916996582331,918843189740,2025-01-22T12:06:15+05:30,86,voice
CDR-001556,916194464851,916931872820,2025-01-22T12:24:50+05:30,73,voice
CDR-001557,919896703780,916309630372,2025-01-22T12:25:09+05:30,23,voice
CDR-001558,916518301062,916479900999,2025-01-22T13:51:30+05:30,114,voice
CDR-001559,917500083076,917679658289,2025-01-22T13:57:46+05:30,37,voice
CDR-001560,918829009322,919415717273,2025-01-22T14:18:23+05:30,18,voice
CDR-001561,917538776094,918843189740,2025-01-22T14:27:52+05:30,40,voice
CDR-001562,917353300525,917260443015,2025-01-22T14:34:37+05:30,60,voice
CDR-001563,919577944637,918525720621,2025-01-22T14:36:20+05:30,19,voice
CDR-001564,916849321768,917147613772,2025-01-22T14:56:15+05:30,132,voice
CDR-001565,918251165584,918572218538,2025-01-22T14:59:19+05:30,114,voice
CDR-001566,918525720621,918524624102,2025-01-22T15:05:39+05:30,54,voice
CDR-001567,919577944637,916293377920,2025-01-22T15:34:04+05:30,77,voice
CDR-001568,919744215949,916223553521,2025-01-22T15:36:30+05:30,25,voice
CDR-001569,916787800822,916812873288,2025-01-22T15:55:48+05:30,147,voice
CDR-001570,918227250029,916996582331,2025-01-22T16:03:42+05:30,119,voice
CDR-001571,917260443015,917353300525,2025-01-22T16:16:35+05:30,75,voice
CDR-001572,918452335165,919690393547,2025-01-22T17:23:41+05:30,29,voice
CDR-001573,916435668733,918437653138,2025-01-22T17:30:24+05:30,200,voice
CDR-001574,916026997648,918973120296,2025-01-22T17:41:09+05:30,130,voice
CDR-001575,918452335165,919994738491,2025-01-22T17:59:36+05:30,227,voice
CDR-001576,916479900999,918485143212,2025-01-22T18:02:42+05:30,29,voice
CDR-001577,916540081641,917876457943,2025-01-22T18:03:11+05:30,78,voice
CDR-001578,919688936655,916561718843,2025-01-22T18:03:35+05:30,0,sms
CDR-001579,919896703780,916641395672,2025-01-22T18:10:07+05:30,29,voice
CDR-001580,916424188799,916852224261,2025-01-22T18:19:13+05:30,38,voice
CDR-001581,917730176490,919571619646,2025-01-22T18:31:04+05:30,126,voice
CDR-001582,916082251340,916855008436,2025-01-22T18:33:00+05:30,40,voice
CDR-001583,918238710435,917679658289,2025-01-22T18:35:36+05:30,0,sms
CDR-001584,918524624102,919415717273,2025-01-22T18:50:50+05:30,6,voice
CDR-001585,916931872820,916367453616,2025-01-22T18:54:01+05:30,23,voice
CDR-001586,916694321946,919415717273,2025-01-22T19:19:20+05:30,114,voice
CDR-001587,916770012075,918772528373,2025-01-22T20:03:51+05:30,0,sms
CDR-001588,919688936655,919153442407,2025-01-22T20:26:29+05:30,14,voice
CDR-001589,919577944637,918525720621,2025-01-22T20:31:38+05:30,127,voice
CDR-001590,918437653138,917485979569,2025-01-22T20:40:54+05:30,5,voice
CDR-001591,918766270784,916026997648,2025-01-22T20:43:06+05:30,17,voice
CDR-001592,918517802039,916637885677,2025-01-22T20:55:08+05:30,58,voice
CDR-001593,917844273643,918184188031,2025-01-22T21:00:56+05:30,27,voice
CDR-001594,916931872820,916424188799,2025-01-22T21:02:05+05:30,146,voice
CDR-001595,917837617691,917814266084,2025-01-22T21:21:39+05:30,45,voice
CDR-001596,919571619646,916555122302,2025-01-22T21:36:12+05:30,0,sms
CDR-001597,917837617691,919994738491,2025-01-22T21:56:13+05:30,174,voice
CDR-001598,917545969696,916637885677,2025-01-22T22:15:43+05:30,0,sms
CDR-001599,919690393547,918452335165,2025-01-22T22:27:46+05:30,24,voice
CDR-001600,916912523398,917989228447,2025-01-22T22:39:17+05:30,150,voice
CDR-001601,916729640279,918840103823,2025-01-22T22:42:02+05:30,64,voice
CDR-001602,917876457943,917844273643,2025-01-22T22:43:08+05:30,484,voice
CDR-001603,916937699779,916122729730,2025-01-22T22:46:49+05:30,55,voice
CDR-001604,917730176490,919571619646,2025-01-22T23:02:19+05:30,45,voice
CDR-001605,918184188031,917147613772,2025-01-22T23:12:08+05:30,6,voice
CDR-001606,916812873288,916217338638,2025-01-22T23:21:20+05:30,25,voice
CDR-001607,917147613772,916849321768,2025-01-23T00:55:34+05:30,74,voice
CDR-001608,917500083076,918238710435,2025-01-23T01:38:21+05:30,0,sms
CDR-001609,916931872820,916424188799,2025-01-23T02:13:15+05:30,52,voice
CDR-001610,916194464851,917914834602,2025-01-23T06:32:57+05:30,27,voice
CDR-001611,917268526587,916223553521,2025-01-23T06:36:34+05:30,142,voice
CDR-001612,919326047954,916017179896,2025-01-23T06:57:48+05:30,0,sms
CDR-001613,918510841654,919326047954,2025-01-23T07:00:12+05:30,53,voice
CDR-001614,916637885677,917545969696,2025-01-23T07:09:12+05:30,65,voice
CDR-001615,918766270784,919772591901,2025-01-23T07:18:39+05:30,448,voice
CDR-001616,916555122302,917994279003,2025-01-23T07:44:36+05:30,39,voice
CDR-001617,916555122302,916055439146,2025-01-23T07:51:38+05:30,132,voice
CDR-001618,917268526587,916223553521,2025-01-23T08:06:48+05:30,128,voice
CDR-001619,919326047954,919577944637,2025-01-23T08:23:25+05:30,11,voice
CDR-001620,916702951376,917147613772,2025-01-23T08:38:03+05:30,69,voice
CDR-001621,916702951376,916275552433,2025-01-23T08:49:53+05:30,134,voice
CDR-001622,917556372626,916543832315,2025-01-23T08:57:15+05:30,0,sms
CDR-001623,917730176490,916641395672,2025-01-23T09:20:33+05:30,128,voice
CDR-001624,916997171985,916375107792,2025-01-23T10:01:26+05:30,243,voice
CDR-001625,916275552433,916691567852,2025-01-23T10:12:21+05:30,283,voice
CDR-001626,918382865694,918572218538,2025-01-23T10:16:33+05:30,23,voice
CDR-001627,917876457943,917147613772,2025-01-23T10:27:32+05:30,160,voice
CDR-001628,916770012075,919714540957,2025-01-23T10:46:59+05:30,189,voice
CDR-001629,919415717273,919772591901,2025-01-23T10:51:35+05:30,121,voice
CDR-001630,918524624102,919415717273,2025-01-23T10:57:56+05:30,260,voice
CDR-001631,918437653138,918680810632,2025-01-23T11:35:49+05:30,34,voice
CDR-001632,917500083076,916017179896,2025-01-23T11:36:43+05:30,88,voice
CDR-001633,917353300525,917260443015,2025-01-23T11:56:36+05:30,8,voice
CDR-001634,919342059358,918332441743,2025-01-23T12:11:07+05:30,261,voice
CDR-001635,916309630372,918771974035,2025-01-23T12:24:39+05:30,22,voice
CDR-001636,916665802686,916787800822,2025-01-23T12:34:37+05:30,229,voice
CDR-001637,917353300525,917556372626,2025-01-23T13:16:17+05:30,0,sms
CDR-001638,918238710435,917679658289,2025-01-23T13:16:28+05:30,73,voice
CDR-001639,918047654190,918251165584,2025-01-23T13:55:29+05:30,42,voice
CDR-001640,917844273643,917147613772,2025-01-23T13:58:08+05:30,0,sms
CDR-001641,916479900999,918572218538,2025-01-23T14:01:26+05:30,0,sms
CDR-001642,918600238302,918680810632,2025-01-23T14:02:33+05:30,144,voice
CDR-001643,919896703780,916275552433,2025-01-23T14:28:53+05:30,48,voice
CDR-001644,917952549560,917388520357,2025-01-23T14:49:01+05:30,34,voice
CDR-001645,919371826549,916996582331,2025-01-23T15:00:52+05:30,127,voice
CDR-001646,917814266084,917837617691,2025-01-23T15:17:22+05:30,44,voice
CDR-001647,916729640279,916665802686,2025-01-23T15:34:55+05:30,50,voice
CDR-001648,916653793670,919119219019,2025-01-23T15:42:02+05:30,110,voice
CDR-001649,918332441743,919342059358,2025-01-23T15:46:41+05:30,0,sms
CDR-001650,918452335165,919690393547,2025-01-23T16:10:57+05:30,122,voice
CDR-001651,919571619646,916641395672,2025-01-23T16:16:10+05:30,22,voice
CDR-001652,916912523398,919647323963,2025-01-23T16:17:32+05:30,10,voice
CDR-001653,917914834602,918572218538,2025-01-23T16:25:17+05:30,107,voice
CDR-001654,919415717273,918829009322,2025-01-23T16:35:41+05:30,20,voice
CDR-001655,917876457943,916375107792,2025-01-23T16:35:50+05:30,29,voice
CDR-001656,916912523398,917730176490,2025-01-23T16:37:00+05:30,52,voice
CDR-001657,916876538782,917679658289,2025-01-23T16:42:54+05:30,176,voice
CDR-001658,917888064876,916852224261,2025-01-23T16:53:11+05:30,18,voice
CDR-001659,917914834602,918251165584,2025-01-23T16:59:29+05:30,24,voice
CDR-001660,919415717273,917123981476,2025-01-23T17:26:19+05:30,0,sms
CDR-001661,916375107792,919647323963,2025-01-23T17:56:35+05:30,52,voice
CDR-001662,919415717273,918224632063,2025-01-23T18:55:18+05:30,120,voice
CDR-001663,917679658289,916876538782,2025-01-23T18:59:43+05:30,147,voice
CDR-001664,916637885677,918517802039,2025-01-23T19:03:52+05:30,110,voice
CDR-001665,919577944637,918973120296,2025-01-23T19:11:30+05:30,84,voice
CDR-001666,917837617691,917545969696,2025-01-23T19:39:53+05:30,53,voice
CDR-001667,916996582331,918227250029,2025-01-23T19:44:25+05:30,0,sms
CDR-001668,918510841654,918973120296,2025-01-23T19:52:56+05:30,0,sms
CDR-001669,918851286499,918680810632,2025-01-23T20:08:47+05:30,167,voice
CDR-001670,917147613772,918184188031,2025-01-23T20:16:04+05:30,42,voice
CDR-001671,918527357736,919342059358,2025-01-23T20:20:37+05:30,54,voice
CDR-001672,918766270784,919577944637,2025-01-23T20:25:35+05:30,15,voice
CDR-001673,916787800822,916665802686,2025-01-23T20:33:40+05:30,64,voice
CDR-001674,916367453616,916996582331,2025-01-23T20:54:07+05:30,67,voice
CDR-001675,916931872820,919371826549,2025-01-23T21:04:02+05:30,60,voice
CDR-001676,919577944637,919415717273,2025-01-23T21:10:27+05:30,120,voice
CDR-001677,918680810632,917311481954,2025-01-23T21:15:57+05:30,85,voice
CDR-001678,916931872820,916194464851,2025-01-23T21:16:27+05:30,37,voice
CDR-001679,919994738491,917814266084,2025-01-23T21:20:59+05:30,162,voice
CDR-001680,918973120296,917930732092,2025-01-23T21:25:53+05:30,23,voice
CDR-001681,916637885677,917545969696,2025-01-23T21:33:12+05:30,60,voice
CDR-001682,917556372626,916812873288,2025-01-23T22:16:53+05:30,0,sms
CDR-001683,917545969696,917485979569,2025-01-23T22:19:10+05:30,63,voice
CDR-001684,919772591901,916509638924,2025-01-23T23:04:41+05:30,0,sms
CDR-001685,919688936655,916561718843,2025-01-23T23:05:00+05:30,33,voice
CDR-001686,918238710435,917679658289,2025-01-23T23:17:57+05:30,38,voice
CDR-001687,918829009322,916694321946,2025-01-23T23:19:51+05:30,0,sms
CDR-001688,919714540957,916770012075,2025-01-23T23:34:46+05:30,32,voice
CDR-001689,917485979569,918437653138,2025-01-24T00:13:31+05:30,41,voice
CDR-001690,916637885677,918437653138,2025-01-24T01:12:29+05:30,97,voice
CDR-001691,917876457943,916997171985,2025-01-24T01:16:37+05:30,25,voice
CDR-001692,916637885677,918437653138,2025-01-24T06:23:50+05:30,46,voice
CDR-001693,919647323963,916912523398,2025-01-24T06:26:51+05:30,101,voice
CDR-001694,917353300525,917260443015,2025-01-24T06:40:24+05:30,205,voice
CDR-001695,918527357736,918129866499,2025-01-24T07:43:32+05:30,118,voice
CDR-001696,916702951376,916555122302,2025-01-24T07:49:00+05:30,0,sms
CDR-001697,918845716772,916051518115,2025-01-24T08:00:23+05:30,21,voice
CDR-001698,918517802039,916653793670,2025-01-24T08:17:05+05:30,0,sms
CDR-001699,916509638924,917630871663,2025-01-24T08:30:47+05:30,0,sms
CDR-001700,916017179896,917952549560,2025-01-24T08:39:31+05:30,0,sms
CDR-001701,917952549560,916017179896,2025-01-24T08:43:53+05:30,20,voice
CDR-001702,918829009322,917679658289,2025-01-24T09:16:38+05:30,184,voice
CDR-001703,918510841654,916026997648,2025-01-24T09:43:01+05:30,185,voice
CDR-001704,917844273643,917147613772,2025-01-24T09:44:50+05:30,0,sms
CDR-001705,918047654190,918251165584,2025-01-24T09:48:52+05:30,65,voice
CDR-001706,917630871663,916509638924,2025-01-24T10:28:38+05:30,86,voice
CDR-001707,917353300525,917260443015,2025-01-24T10:30:52+05:30,92,voice
CDR-001708,918823052386,917888064876,2025-01-24T10:31:08+05:30,104,voice
CDR-001709,916996582331,918843189740,2025-01-24T10:33:31+05:30,40,voice
CDR-001710,916912523398,917989228447,2025-01-24T10:43:59+05:30,21,voice
CDR-001711,916787800822,916637885677,2025-01-24T11:26:12+05:30,0,sms
CDR-001712,917730176490,916641395672,2025-01-24T11:31:14+05:30,38,voice
CDR-001713,917970653224,919384822654,2025-01-24T11:37:59+05:30,15,voice
CDR-001714,916082251340,917630871663,2025-01-24T11:40:08+05:30,0,sms
CDR-001715,917730176490,919571619646,2025-01-24T11:42:23+05:30,0,sms
CDR-001716,919714540957,916122729730,2025-01-24T12:13:48+05:30,69,voice
CDR-001717,919577944637,919415717273,2025-01-24T12:23:44+05:30,0,sms
CDR-001718,918227250029,917187698223,2025-01-24T12:41:53+05:30,42,voice
CDR-001719,918452335165,917837617691,2025-01-24T12:42:53+05:30,15,voice
CDR-001720,919690393547,916812873288,2025-01-24T12:50:59+05:30,67,voice
CDR-001721,917888064876,918081943102,2025-01-24T13:22:31+05:30,149,voice
CDR-001722,916051518115,918845716772,2025-01-24T13:37:50+05:30,133,voice
CDR-001723,916852224261,917888064876,2025-01-24T13:57:37+05:30,72,voice
CDR-001724,916641395672,917989228447,2025-01-24T14:00:59+05:30,0,sms
CDR-001725,916641395672,919571619646,2025-01-24T14:18:43+05:30,0,sms
CDR-001726,917260443015,916812873288,2025-01-24T14:40:43+05:30,32,voice
CDR-001727,919600233059,916309630372,2025-01-24T14:58:29+05:30,73,voice
CDR-001728,916026997648,919577944637,2025-01-24T15:35:38+05:30,203,voice
CDR-001729,919647323963,916641395672,2025-01-24T15:39:20+05:30,18,voice
CDR-001730,918224632063,916293377920,2025-01-24T15:40:44+05:30,81,voice
CDR-001731,917679658289,916876538782,2025-01-24T15:56:44+05:30,108,voice
CDR-001732,918485143212,917994279003,2025-01-24T15:57:11+05:30,85,voice
CDR-001733,919275070531,917919104175,2025-01-24T16:58:59+05:30,116,voice
CDR-001734,917260443015,917556372626,2025-01-24T17:00:40+05:30,120,voice
CDR-001735,917187698223,919797302867,2025-01-24T17:10:03+05:30,71,voice
CDR-001736,918680810632,918851286499,2025-01-24T17:19:50+05:30,20,voice
CDR-001737,917485979569,919690393547,2025-01-24T17:58:41+05:30,65,voice
CDR-001738,918238710435,918973120296,2025-01-24T18:04:04+05:30,0,sms
CDR-001739,918572218538,918382865694,2025-01-24T18:07:12+05:30,190,voice
CDR-001740,916309630372,916960990031,2025-01-24T18:13:31+05:30,21,voice
CDR-001741,916017179896,917952549560,2025-01-24T18:36:10+05:30,0,sms
CDR-001742,919688936655,916561718843,2025-01-24T18:56:37+05:30,222,voice
CDR-001743,917469027111,916931872820,2025-01-24T19:08:46+05:30,118,voice
CDR-001744,916082251340,919415717273,2025-01-24T19:09:37+05:30,25,voice
CDR-001745,919326047954,916017179896,2025-01-24T19:25:26+05:30,6,voice
CDR-001746,918524624102,918829009322,2025-01-24T19:37:32+05:30,73,voice
CDR-001747,919797302867,916931872820,2025-01-24T20:00:16+05:30,0,sms
CDR-001748,916275552433,916691567852,2025-01-24T20:07:56+05:30,49,voice
CDR-001749,918452335165,917545969696,2025-01-24T20:22:18+05:30,45,voice
CDR-001750,916309630372,919384822654,2025-01-24T20:23:35+05:30,92,voice
CDR-001751,916082251340,916509638924,2025-01-24T20:26:59+05:30,18,voice
CDR-001752,916935101816,917187698223,2025-01-24T21:11:45+05:30,47,voice
CDR-001753,916637885677,916665802686,2025-01-24T21:12:37+05:30,0,sms
CDR-001754,918238710435,917679658289,2025-01-24T21:42:04+05:30,82,voice
CDR-001755,916026997648,918973120296,2025-01-24T21:42:53+05:30,9,voice
CDR-001756,916375107792,917876457943,2025-01-24T21:51:36+05:30,0,sms
CDR-001757,917545969696,918547024696,2025-01-24T22:04:02+05:30,45,voice
CDR-001758,918332441743,918527357736,2025-01-24T22:10:38+05:30,0,sms
CDR-001759,916375107792,916997171985,2025-01-24T22:20:49+05:30,293,voice
CDR-001760,917556372626,916812873288,2025-01-24T22:30:30+05:30,49,voice
CDR-001761,917485979569,919690393547,2025-01-24T22:40:27+05:30,79,voice
CDR-001762,917679658289,918829009322,2025-01-24T22:47:37+05:30,73,voice
CDR-001763,917814266084,918547024696,2025-01-24T22:52:46+05:30,0,sms
CDR-001764,919690393547,918547024696,2025-01-24T22:56:29+05:30,68,voice
CDR-001765,916479900999,917469027111,2025-01-24T22:56:39+05:30,50,voice
CDR-001766,917989228447,917730176490,2025-01-24T23:02:33+05:30,33,voice
CDR-001767,919742990720,917469027111,2025-01-24T23:04:27+05:30,560,voice
CDR-001768,918771974035,916309630372,2025-01-24T23:21:07+05:30,83,voice
CDR-001769,918973120296,917930732092,2025-01-24T23:27:01+05:30,131,voice
CDR-001770,919896703780,916309630372,2025-01-24T23:39:08+05:30,35,voice
CDR-001771,918437653138,917485979569,2025-01-24T23:52:59+05:30,10,voice
CDR-001772,918771974035,916309630372,2025-01-25T00:01:06+05:30,225,voice
CDR-001773,916435668733,918600238302,2025-01-25T02:41:17+05:30,350,voice
CDR-001774,917679658289,918238710435,2025-01-25T04:12:24+05:30,76,voice
CDR-001775,919577944637,918525720621,2025-01-25T06:22:43+05:30,82,voice
CDR-001776,916694321946,919415717273,2025-01-25T06:34:28+05:30,106,voice
CDR-001777,916694321946,916017179896,2025-01-25T06:34:52+05:30,0,sms
CDR-001778,916935101816,919797302867,2025-01-25T06:55:25+05:30,40,voice
CDR-001779,916555122302,919571619646,2025-01-25T07:07:31+05:30,0,sms
CDR-001780,917288961107,916960990031,2025-01-25T07:11:07+05:30,0,sms
CDR-001781,919994738491,919690393547,2025-01-25T07:26:56+05:30,24,voice
CDR-001782,916367453616,916852224261,2025-01-25T07:44:29+05:30,0,sms
CDR-001783,918973120296,918510841654,2025-01-25T08:00:51+05:30,36,voice
CDR-001784,918517802039,916653793670,2025-01-25T08:00:57+05:30,56,voice
CDR-001785,917353300525,916665802686,2025-01-25T08:09:09+05:30,5,voice
CDR-001786,916535545166,918251165584,2025-01-25T08:32:03+05:30,16,voice
CDR-001787,917388520357,916051518115,2025-01-25T09:29:45+05:30,152,voice
CDR-001788,916653793670,919119219019,2025-01-25T09:34:16+05:30,8,voice
CDR-001789,916543832315,917447202903,2025-01-25T10:24:24+05:30,0,sms
CDR-001790,916849321768,919384822654,2025-01-25T10:24:35+05:30,34,voice
CDR-001791,916540081641,916702951376,2025-01-25T10:30:46+05:30,0,sms
CDR-001792,917616371951,916194464851,2025-01-25T11:19:56+05:30,42,voice
CDR-001793,917837617691,917814266084,2025-01-25T11:20:50+05:30,0,sms
CDR-001794,917545969696,919994738491,2025-01-25T11:38:39+05:30,102,voice
CDR-001795,916026997648,918766270784,2025-01-25T11:52:46+05:30,59,voice
CDR-001796,916309630372,918771974035,2025-01-25T12:16:27+05:30,0,sms
CDR-001797,919747267016,918845716772,2025-01-25T12:31:41+05:30,69,voice
CDR-001798,919772591901,916729640279,2025-01-25T12:35:25+05:30,18,voice
CDR-001799,917388520357,918224632063,2025-01-25T12:38:27+05:30,90,voice
CDR-001800,918452335165,918547024696,2025-01-25T12:44:31+05:30,24,voice
CDR-001801,918452335165,917837617691,2025-01-25T13:02:35+05:30,37,voice
CDR-001802,918510841654,918973120296,2025-01-25T13:12:12+05:30,123,voice
CDR-001803,917679658289,918829009322,2025-01-25T13:14:28+05:30,110,voice
CDR-001804,916729640279,916665802686,2025-01-25T13:24:09+05:30,27,voice
CDR-001805,918527357736,918840103823,2025-01-25T13:31:36+05:30,0,sms
CDR-001806,918452335165,919690393547,2025-01-25T13:33:22+05:30,11,voice
CDR-001807,919690393547,917545969696,2025-01-25T13:36:17+05:30,16,voice
CDR-001808,918517802039,916653793670,2025-01-25T14:15:36+05:30,9,voice
CDR-001809,916375107792,916997171985,2025-01-25T14:36:24+05:30,58,voice
CDR-001810,918437653138,917485979569,2025-01-25T15:09:33+05:30,20,voice
CDR-001811,919714540957,916937699779,2025-01-25T15:20:57+05:30,19,voice
CDR-001812,916017179896,917500083076,2025-01-25T15:36:13+05:30,0,sms
CDR-001813,918382865694,918572218538,2025-01-25T15:46:30+05:30,33,voice
CDR-001814,916931872820,916424188799,2025-01-25T16:19:16+05:30,0,sms
CDR-001815,918680810632,918600238302,2025-01-25T16:31:19+05:30,26,voice
CDR-001816,919896703780,916309630372,2025-01-25T16:32:12+05:30,0,sms
CDR-001817,919688936655,916997171985,2025-01-25T16:44:33+05:30,153,voice
CDR-001818,918572218538,918065255396,2025-01-25T16:59:40+05:30,33,voice
CDR-001819,917388520357,917134946256,2025-01-25T17:13:06+05:30,0,sms
CDR-001820,916555122302,916055439146,2025-01-25T17:22:37+05:30,29,voice
CDR-001821,916960990031,916309630372,2025-01-25T18:03:47+05:30,0,sms
CDR-001822,919747267016,916017179896,2025-01-25T18:09:57+05:30,58,voice
CDR-001823,916997171985,916309630372,2025-01-25T18:11:53+05:30,78,voice
CDR-001824,917500083076,917679658289,2025-01-25T18:13:35+05:30,54,voice
CDR-001825,919384822654,919600233059,2025-01-25T18:15:08+05:30,0,sms
CDR-001826,919384822654,917288961107,2025-01-25T18:53:57+05:30,81,voice
CDR-001827,919326047954,918766270784,2025-01-25T18:59:27+05:30,44,voice
CDR-001828,918485143212,917469027111,2025-01-25T19:19:18+05:30,44,voice
CDR-001829,918771974035,916309630372,2025-01-25T19:40:42+05:30,87,voice
CDR-001830,917260443015,917353300525,2025-01-25T19:52:47+05:30,31,voice
CDR-001831,917147613772,916702951376,2025-01-25T19:55:47+05:30,58,voice
CDR-001832,918600238302,916435668733,2025-01-25T20:05:38+05:30,1212,voice
CDR-001833,916309630372,916997171985,2025-01-25T20:13:11+05:30,0,sms
CDR-001834,917876457943,916997171985,2025-01-25T20:14:11+05:30,912,voice
CDR-001835,919896703780,917844273643,2025-01-25T20:17:15+05:30,0,sms
CDR-001836,916641395672,919571619646,2025-01-25T20:32:34+05:30,0,sms
CDR-001837,917876457943,916849321768,2025-01-25T20:47:48+05:30,85,voice
CDR-001838,917630871663,916855008436,2025-01-25T20:56:45+05:30,85,voice
CDR-001839,916424188799,916931872820,2025-01-25T20:59:45+05:30,0,sms
CDR-001840,916729640279,918829009322,2025-01-25T21:53:00+05:30,302,voice
CDR-001841,919647323963,916375107792,2025-01-25T21:57:33+05:30,14,voice
CDR-001842,919647323963,916555122302,2025-01-25T22:05:04+05:30,37,voice
CDR-001843,917989228447,916641395672,2025-01-25T22:06:35+05:30,11,voice
CDR-001844,916309630372,918771974035,2025-01-25T22:27:10+05:30,0,sms
CDR-001845,916309630372,919384822654,2025-01-25T22:33:15+05:30,0,sms
CDR-001846,918238710435,918973120296,2025-01-25T22:41:41+05:30,457,voice
CDR-001847,916787800822,916637885677,2025-01-25T23:24:34+05:30,0,sms
CDR-001848,916876538782,918766270784,2025-01-25T23:39:14+05:30,0,sms
CDR-001849,917447202903,916665802686,2025-01-26T00:20:52+05:30,28,voice
CDR-001850,916931872820,916424188799,2025-01-26T00:23:58+05:30,132,voice
CDR-001851,916931872820,919371826549,2025-01-26T01:10:52+05:30,151,voice
CDR-001852,916543832315,917260443015,2025-01-26T01:42:03+05:30,129,voice
CDR-001853,916694321946,919415717273,2025-01-26T04:06:14+05:30,312,voice
CDR-001854,918184188031,917147613772,2025-01-26T06:28:33+05:30,51,voice
CDR-001855,918973120296,917930732092,2025-01-26T06:34:11+05:30,252,voice
CDR-001856,917989228447,916555122302,2025-01-26T06:35:19+05:30,30,voice
CDR-001857,916960990031,916888840554,2025-01-26T07:40:44+05:30,112,voice
CDR-001858,916997171985,917876457943,2025-01-26T07:48:23+05:30,0,sms
CDR-001859,919415717273,918224632063,2025-01-26T08:34:24+05:30,164,voice
CDR-001860,916997171985,916309630372,2025-01-26T08:46:13+05:30,55,voice
CDR-001861,918572218538,918065255396,2025-01-26T08:50:37+05:30,59,voice
CDR-001862,918251165584,918047654190,2025-01-26T08:58:39+05:30,0,sms
CDR-001863,916122729730,919714540957,2025-01-26T09:44:50+05:30,5,voice
CDR-001864,919896703780,916309630372,2025-01-26T09:55:17+05:30,0,sms
CDR-001865,917500083076,918238710435,2025-01-26T10:31:29+05:30,46,voice
CDR-001866,917260443015,917556372626,2025-01-26T10:40:40+05:30,39,voice
CDR-001867,917679658289,918238710435,2025-01-26T10:43:04+05:30,32,voice
CDR-001868,919647323963,917989228447,2025-01-26T11:03:19+05:30,97,voice
CDR-001869,918771974035,916309630372,2025-01-26T11:43:14+05:30,100,voice
CDR-001870,918437653138,917485979569,2025-01-26T11:50:05+05:30,76,voice
CDR-001871,918184188031,917844273643,2025-01-26T12:13:47+05:30,7,voice
CDR-001872,917485979569,919690393547,2025-01-26T12:52:57+05:30,0,sms
CDR-001873,916367453616,916424188799,2025-01-26T13:05:06+05:30,0,sms
CDR-001874,918485143212,916479900999,2025-01-26T13:14:12+05:30,165,voice
CDR-001875,917447202903,918851286499,2025-01-26T13:43:05+05:30,9,voice
CDR-001876,917989228447,917730176490,2025-01-26T13:51:22+05:30,117,voice
CDR-001877,919571619646,919647323963,2025-01-26T13:53:03+05:30,79,voice
CDR-001878,917485979569,916637885677,2025-01-26T14:12:26+05:30,92,voice
CDR-001879,918184188031,917147613772,2025-01-26T14:28:49+05:30,31,voice
CDR-001880,918766270784,916026997648,2025-01-26T14:33:21+05:30,5,voice
CDR-001881,919342059358,919744215949,2025-01-26T14:46:37+05:30,74,voice
CDR-001882,919747267016,917952549560,2025-01-26T14:50:59+05:30,98,voice
CDR-001883,917837617691,918452335165,2025-01-26T15:12:17+05:30,189,voice
CDR-001884,918452335165,919994738491,2025-01-26T15:14:48+05:30,99,voice
CDR-001885,916912523398,919647323963,2025-01-26T15:15:04+05:30,0,sms
CDR-001886,916931872820,917914834602,2025-01-26T15:50:51+05:30,122,voice
CDR-001887,917888064876,916852224261,2025-01-26T16:03:22+05:30,21,voice
CDR-001888,919797302867,916935101816,2025-01-26T16:41:06+05:30,112,voice
CDR-001889,918452335165,919690393547,2025-01-26T16:49:28+05:30,81,voice
CDR-001890,917447202903,916665802686,2025-01-26T16:53:48+05:30,60,voice
CDR-001891,916641395672,919571619646,2025-01-26T17:02:42+05:30,27,voice
CDR-001892,919647323963,916641395672,2025-01-26T17:15:49+05:30,17,voice
CDR-001893,919415717273,918525720621,2025-01-26T17:17:18+05:30,0,sms
CDR-001894,918766270784,919326047954,2025-01-26T17:32:05+05:30,54,voice
CDR-001895,916309630372,916997171985,2025-01-26T17:38:44+05:30,27,voice
CDR-001896,919342059358,918332441743,2025-01-26T17:40:54+05:30,51,voice
CDR-001897,919600233059,919384822654,2025-01-26T17:42:55+05:30,6,voice
CDR-001898,917469027111,916424188799,2025-01-26T18:04:01+05:30,0,sms
CDR-001899,919690393547,917485979569,2025-01-26T18:14:49+05:30,33,voice
CDR-001900,916217338638,916665802686,2025-01-26T18:37:10+05:30,64,voice
CDR-001901,919744215949,916223553521,2025-01-26T18:54:54+05:30,122,voice
CDR-001902,918771974035,916309630372,2025-01-26T19:16:47+05:30,137,voice
CDR-001903,916997171985,916309630372,2025-01-26T19:26:53+05:30,0,sms
CDR-001904,917388520357,917952549560,2025-01-26T20:01:59+05:30,0,sms
CDR-001905,919647323963,916912523398,2025-01-26T20:10:43+05:30,32,voice
CDR-001906,919647323963,916912523398,2025-01-26T20:24:21+05:30,0,sms
CDR-001907,919384822654,917288961107,2025-01-26T20:46:01+05:30,125,voice
CDR-001908,919744215949,919342059358,2025-01-26T21:15:56+05:30,49,voice
CDR-001909,916937699779,919714540957,2025-01-26T21:16:26+05:30,568,voice
CDR-001910,916309630372,918771974035,2025-01-26T21:17:39+05:30,144,voice
CDR-001911,917914834602,916931872820,2025-01-26T21:18:54+05:30,0,sms
CDR-001912,918829009322,917679658289,2025-01-26T21:33:33+05:30,119,voice
CDR-001913,917388520357,919747267016,2025-01-26T22:03:31+05:30,110,voice
CDR-001914,918224632063,919415717273,2025-01-26T22:12:00+05:30,42,voice
CDR-001915,919384822654,917288961107,2025-01-26T22:12:50+05:30,18,voice
CDR-001916,919772591901,918766270784,2025-01-26T22:16:34+05:30,117,voice
CDR-001917,917914834602,918251165584,2025-01-26T22:22:28+05:30,42,voice
CDR-001918,918771974035,916309630372,2025-01-26T22:30:02+05:30,87,voice
CDR-001919,916309630372,919600233059,2025-01-26T22:30:36+05:30,67,voice
CDR-001920,917260443015,916435668733,2025-01-26T22:58:22+05:30,15,voice
CDR-001921,917556372626,918547024696,2025-01-26T23:02:22+05:30,33,voice
CDR-001922,917730176490,916641395672,2025-01-26T23:31:16+05:30,5,voice
CDR-001923,919896703780,916309630372,2025-01-26T23:37:46+05:30,89,voice
CDR-001924,918437653138,916435668733,2025-01-26T23:45:31+05:30,19,voice
CDR-001925,916812873288,916787800822,2025-01-26T23:46:51+05:30,49,voice
CDR-001926,917260443015,916812873288,2025-01-26T23:48:44+05:30,55,voice
CDR-001927,916729640279,916665802686,2025-01-26T23:49:42+05:30,765,voice
CDR-001928,917919104175,919275070531,2025-01-26T23:50:02+05:30,111,voice
CDR-001929,918524624102,918829009322,2025-01-26T23:59:47+05:30,0,sms
CDR-001930,918437653138,916637885677,2025-01-27T02:55:12+05:30,48,voice
CDR-001931,916997171985,916375107792,2025-01-27T06:00:56+05:30,33,voice
CDR-001932,917556372626,916543832315,2025-01-27T06:01:49+05:30,25,voice
CDR-001933,916479900999,918485143212,2025-01-27T06:23:35+05:30,67,voice
CDR-001934,916937699779,919714540957,2025-01-27T06:53:34+05:30,0,sms
CDR-001935,918437653138,916637885677,2025-01-27T07:22:58+05:30,41,voice
CDR-001936,918437653138,918680810632,2025-01-27T07:26:09+05:30,239,voice
CDR-001937,919342059358,919744215949,2025-01-27T08:02:31+05:30,200,voice
CDR-001938,916637885677,917485979569,2025-01-27T08:03:01+05:30,0,sms
CDR-001939,916122729730,919714540957,2025-01-27T08:48:01+05:30,128,voice
CDR-001940,919342059358,918527357736,2025-01-27T08:59:03+05:30,71,voice
CDR-001941,916543832315,917556372626,2025-01-27T09:20:49+05:30,0,sms
CDR-001942,916375107792,917876457943,2025-01-27T09:25:29+05:30,294,voice
CDR-001943,916812873288,917260443015,2025-01-27T09:25:43+05:30,96,voice
CDR-001944,916935101816,916931872820,2025-01-27T09:26:37+05:30,122,voice
CDR-001945,916665802686,917353300525,2025-01-27T09:54:20+05:30,0,sms
CDR-001946,917353300525,917260443015,2025-01-27T10:12:27+05:30,18,voice
CDR-001947,916702951376,917876457943,2025-01-27T10:12:46+05:30,0,sms
CDR-001948,918224632063,916051518115,2025-01-27T10:20:33+05:30,20,voice
CDR-001949,917919104175,919275070531,2025-01-27T10:23:22+05:30,0,sms
CDR-001950,917538776094,916996582331,2025-01-27T10:26:34+05:30,15,voice
CDR-001951,916026997648,919577944637,2025-01-27T10:28:13+05:30,166,voice
CDR-001952,917268526587,916122729730,2025-01-27T10:29:42+05:30,11,voice
CDR-001953,917876457943,918184188031,2025-01-27T10:47:27+05:30,152,voice
CDR-001954,917447202903,918851286499,2025-01-27T10:53:56+05:30,226,voice
CDR-001955,919326047954,916026997648,2025-01-27T11:18:04+05:30,77,voice
CDR-001956,916509638924,917679658289,2025-01-27T11:22:26+05:30,74,voice
CDR-001957,916375107792,919647323963,2025-01-27T11:45:04+05:30,218,voice
CDR-001958,916309630372,919600233059,2025-01-27T12:05:53+05:30,27,voice
CDR-001959,919342059358,919744215949,2025-01-27T12:10:44+05:30,26,voice
CDR-001960,916217338638,916665802686,2025-01-27T12:29:02+05:30,0,sms
CDR-001961,917187698223,916935101816,2025-01-27T12:44:20+05:30,37,voice
CDR-001962,917679658289,919415717273,2025-01-27T13:09:38+05:30,0,sms
CDR-001963,916561718843,919688936655,2025-01-27T13:35:10+05:30,64,voice
CDR-001964,918547024696,917837617691,2025-01-27T13:48:10+05:30,194,voice
CDR-001965,919571619646,917730176490,2025-01-27T13:54:29+05:30,28,voice
CDR-001966,916812873288,917260443015,2025-01-27T14:01:20+05:30,44,voice
CDR-001967,917814266084,917837617691,2025-01-27T14:13:40+05:30,273,voice
CDR-001968,917630871663,916509638924,2025-01-27T14:33:07+05:30,20,voice
CDR-001969,916194464851,917616371951,2025-01-27T14:38:41+05:30,150,voice
CDR-001970,918251165584,917616371951,2025-01-27T14:39:33+05:30,24,voice
CDR-001971,918251165584,918572218538,2025-01-27T14:39:48+05:30,237,voice
CDR-001972,916852224261,916424188799,2025-01-27T14:41:39+05:30,93,voice
CDR-001973,918251165584,917616371951,2025-01-27T15:32:59+05:30,98,voice
CDR-001974,919571619646,917730176490,2025-01-27T15:33:22+05:30,67,voice
CDR-001975,919275070531,917919104175,2025-01-27T15:40:31+05:30,181,voice
CDR-001976,918510841654,917679658289,2025-01-27T16:09:12+05:30,17,voice
CDR-001977,916937699779,916122729730,2025-01-27T16:38:15+05:30,20,voice
CDR-001978,918680810632,918851286499,2025-01-27T16:42:38+05:30,38,voice
CDR-001979,917919104175,918332441743,2025-01-27T16:56:51+05:30,87,voice
CDR-001980,919647323963,917989228447,2025-01-27T17:20:21+05:30,73,voice
CDR-001981,919326047954,918510841654,2025-01-27T17:22:41+05:30,117,voice
CDR-001982,916479900999,918485143212,2025-01-27T17:44:40+05:30,30,voice
CDR-001983,916561718843,919688936655,2025-01-27T17:52:05+05:30,47,voice
CDR-001984,918524624102,919415717273,2025-01-27T18:10:27+05:30,31,voice
CDR-001985,917545969696,918547024696,2025-01-27T18:31:29+05:30,130,voice
CDR-001986,918224632063,916694321946,2025-01-27T18:39:08+05:30,78,voice
CDR-001987,918251165584,918047654190,2025-01-27T18:44:29+05:30,14,voice
CDR-001988,916535545166,918251165584,2025-01-27T18:45:24+05:30,0,sms
CDR-001989,919896703780,916309630372,2025-01-27T18:45:29+05:30,22,voice
CDR-001990,916937699779,919714540957,2025-01-27T19:35:14+05:30,21,voice
CDR-001991,919690393547,918452335165,2025-01-27T19:41:54+05:30,151,voice
CDR-001992,916217338638,919690393547,2025-01-27T19:49:33+05:30,316,voice
CDR-001993,918766270784,919577944637,2025-01-27T20:11:01+05:30,79,voice
CDR-001994,917730176490,916641395672,2025-01-27T20:18:53+05:30,38,voice
CDR-001995,918572218538,919797302867,2025-01-27T20:29:55+05:30,62,voice
CDR-001996,916691567852,916960990031,2025-01-27T20:45:21+05:30,23,voice
CDR-001997,917388520357,916051518115,2025-01-27T21:25:10+05:30,46,voice
CDR-001998,917876457943,916997171985,2025-01-27T21:42:45+05:30,37,voice
CDR-001999,917485979569,918437653138,2025-01-27T21:55:38+05:30,57,voice
CDR-002000,919415717273,916082251340,2025-01-27T22:07:26+05:30,23,voice
CDR-002001,916937699779,919744215949,2025-01-27T22:19:27+05:30,16,voice
CDR-002002,916309630372,916960990031,2025-01-27T22:24:27+05:30,145,voice
CDR-002003,917888064876,918823052386,2025-01-27T23:03:33+05:30,39,voice
CDR-002004,916637885677,918437653138,2025-01-27T23:11:28+05:30,165,voice
CDR-002005,918973120296,918829009322,2025-01-27T23:16:59+05:30,0,sms
CDR-002006,918973120296,918510841654,2025-01-27T23:25:14+05:30,71,voice
CDR-002007,918452335165,916435668733,2025-01-27T23:26:02+05:30,35,voice
CDR-002008,919415717273,916694321946,2025-01-27T23:29:29+05:30,82,voice
CDR-002009,918452335165,918065255396,2025-01-28T00:49:53+05:30,26,voice
CDR-002010,917500083076,918238710435,2025-01-28T01:27:33+05:30,0,sms
CDR-002011,918823052386,917888064876,2025-01-28T06:01:29+05:30,10,voice
CDR-002012,916026997648,918766270784,2025-01-28T06:57:08+05:30,181,voice
CDR-002013,917930732092,916026997648,2025-01-28T07:24:57+05:30,5,voice
CDR-002014,916691567852,918184188031,2025-01-28T08:08:14+05:30,46,voice
CDR-002015,917876457943,916888840554,2025-01-28T08:24:36+05:30,194,voice
CDR-002016,918973120296,919577944637,2025-01-28T08:52:45+05:30,113,voice
CDR-002017,917876457943,916997171985,2025-01-28T09:01:19+05:30,10,voice
CDR-002018,916518301062,918382865694,2025-01-28T09:04:04+05:30,73,voice
CDR-002019,918437653138,916637885677,2025-01-28T09:21:15+05:30,68,voice
CDR-002020,916435668733,916637885677,2025-01-28T09:39:04+05:30,28,voice
CDR-002021,916641395672,919571619646,2025-01-28T09:57:30+05:30,53,voice
CDR-002022,918547024696,918452335165,2025-01-28T10:13:09+05:30,8,voice
CDR-002023,916849321768,919384822654,2025-01-28T10:37:47+05:30,0,sms
CDR-002024,919326047954,918766270784,2025-01-28T10:43:56+05:30,99,voice
CDR-002025,919714540957,916770012075,2025-01-28T10:47:38+05:30,240,voice
CDR-002026,918572218538,918065255396,2025-01-28T10:50:04+05:30,61,voice
CDR-002027,918829009322,917679658289,2025-01-28T10:55:09+05:30,50,voice
CDR-002028,919415717273,916694321946,2025-01-28T11:04:49+05:30,18,voice
CDR-002029,919342059358,918527357736,2025-01-28T11:10:22+05:30,301,voice
CDR-002030,916223553521,919714540957,2025-01-28T11:54:53+05:30,14,voice
CDR-002031,916309630372,916960990031,2025-01-28T12:09:27+05:30,21,voice
CDR-002032,918065255396,918447344267,2025-01-28T12:20:55+05:30,0,sms
CDR-002033,918600238302,918447344267,2025-01-28T12:29:22+05:30,47,voice
CDR-002034,917388520357,917952549560,2025-01-28T12:42:21+05:30,0,sms
CDR-002035,916082251340,917630871663,2025-01-28T12:53:27+05:30,9,voice
CDR-002036,918572218538,917914834602,2025-01-28T12:55:32+05:30,96,voice
CDR-002037,918238710435,917500083076,2025-01-28T13:08:08+05:30,68,voice
CDR-002038,918829009322,918524624102,2025-01-28T13:17:43+05:30,33,voice
CDR-002039,919577944637,918525720621,2025-01-28T13:21:17+05:30,167,voice
CDR-002040,917616371951,916194464851,2025-01-28T13:44:00+05:30,40,voice
CDR-002041,916770012075,916122729730,2025-01-28T13:52:03+05:30,203,voice
CDR-002042,916424188799,916852224261,2025-01-28T14:26:59+05:30,52,voice
CDR-002043,916641395672,919647323963,2025-01-28T14:35:18+05:30,203,voice
CDR-002044,916309630372,918771974035,2025-01-28T14:39:39+05:30,91,voice
CDR-002045,918452335165,919690393547,2025-01-28T14:47:13+05:30,75,voice
CDR-002046,919744215949,916937699779,2025-01-28T15:01:10+05:30,87,voice
CDR-002047,917919104175,916223553521,2025-01-28T15:04:57+05:30,78,voice
CDR-002048,919714540957,916223553521,2025-01-28T15:15:52+05:30,123,voice
CDR-002049,919744215949,916770012075,2025-01-28T15:35:38+05:30,0,sms
CDR-002050,917989228447,917730176490,2025-01-28T15:40:19+05:30,79,voice
CDR-002051,918772528373,916223553521,2025-01-28T15:42:16+05:30,17,voice
CDR-002052,919714540957,916937699779,2025-01-28T15:50:43+05:30,56,voice
CDR-002053,917930732092,919577944637,2025-01-28T15:51:43+05:30,27,voice
CDR-002054,916051518115,918224632063,2025-01-28T15:54:33+05:30,39,voice
CDR-002055,916729640279,919772591901,2025-01-28T15:55:41+05:30,84,voice
CDR-002056,918524624102,919415717273,2025-01-28T15:59:35+05:30,41,voice
CDR-002057,918452335165,916435668733,2025-01-28T16:26:31+05:30,0,sms
CDR-002058,918766270784,919577944637,2025-01-28T16:44:42+05:30,51,voice
CDR-002059,917469027111,918485143212,2025-01-28T17:15:44+05:30,37,voice
CDR-002060,917556372626,917260443015,2025-01-28T17:20:25+05:30,47,voice
CDR-002061,916082251340,916509638924,2025-01-28T17:24:10+05:30,166,voice
CDR-002062,916309630372,916960990031,2025-01-28T17:26:54+05:30,71,voice
CDR-002063,919688936655,919153442407,2025-01-28T17:27:02+05:30,88,voice
CDR-002064,916082251340,919415717273,2025-01-28T17:52:24+05:30,39,voice
CDR-002065,918227250029,917187698223,2025-01-28T17:52:38+05:30,254,voice
CDR-002066,919994738491,918452335165,2025-01-28T18:42:17+05:30,154,voice
CDR-002067,919136751526,917837617691,2025-01-28T18:43:00+05:30,347,voice
CDR-002068,916194464851,916931872820,2025-01-28T18:44:48+05:30,153,voice
CDR-002069,916026997648,919577944637,2025-01-28T18:59:13+05:30,58,voice
CDR-002070,918829009322,917679658289,2025-01-28T19:26:55+05:30,60,voice
CDR-002071,916997171985,916309630372,2025-01-28T19:35:58+05:30,0,sms
CDR-002072,918238710435,917679658289,2025-01-28T20:05:53+05:30,241,voice
CDR-002073,919744215949,916937699779,2025-01-28T21:11:48+05:30,48,voice
CDR-002074,919571619646,916641395672,2025-01-28T21:36:12+05:30,36,voice
CDR-002075,917876457943,917147613772,2025-01-28T21:56:58+05:30,50,voice
CDR-002076,919797302867,916424188799,2025-01-28T21:58:37+05:30,68,voice
CDR-002077,917814266084,918547024696,2025-01-28T22:11:19+05:30,55,voice
CDR-002078,918065255396,917134946256,2025-01-28T22:50:01+05:30,60,voice
CDR-002079,919342059358,918332441743,2025-01-28T22:50:14+05:30,0,sms
CDR-002080,916691567852,916275552433,2025-01-28T22:51:27+05:30,96,voice
CDR-002081,919153442407,919688936655,2025-01-28T22:53:08+05:30,102,voice
CDR-002082,916665802686,918437653138,2025-01-28T23:05:34+05:30,0,sms
CDR-002083,919747267016,916017179896,2025-01-28T23:21:43+05:30,0,sms
CDR-002084,917970653224,916309630372,2025-01-28T23:45:42+05:30,53,voice
CDR-002085,919714540957,916937699779,2025-01-28T23:54:49+05:30,41,voice
CDR-002086,919647323963,916375107792,2025-01-28T23:57:04+05:30,0,sms
CDR-002087,919744215949,916937699779,2025-01-29T00:14:27+05:30,0,sms
CDR-002088,916017179896,918525720621,2025-01-29T01:15:55+05:30,68,voice
CDR-002089,916367453616,916931872820,2025-01-29T03:16:52+05:30,0,sms
CDR-002090,916812873288,917353300525,2025-01-29T03:22:58+05:30,83,voice
CDR-002091,918829009322,916694321946,2025-01-29T04:32:25+05:30,61,voice
CDR-002092,917876457943,917147613772,2025-01-29T06:07:59+05:30,95,voice
CDR-002093,916275552433,916691567852,2025-01-29T06:16:33+05:30,154,voice
CDR-002094,917556372626,918680810632,2025-01-29T06:39:11+05:30,30,voice
CDR-002095,916051518115,919772591901,2025-01-29T07:06:26+05:30,34,voice
CDR-002096,919600233059,916309630372,2025-01-29T07:18:07+05:30,5,voice
CDR-002097,919647323963,916555122302,2025-01-29T07:21:59+05:30,61,voice
CDR-002098,918766270784,916026997648,2025-01-29T07:27:04+05:30,25,voice
CDR-002099,916509638924,917500083076,2025-01-29T07:29:36+05:30,44,voice
CDR-002100,918047654190,918251165584,2025-01-29T07:42:17+05:30,0,sms
CDR-002101,918251165584,918047654190,2025-01-29T07:48:51+05:30,0,sms
CDR-002102,916082251340,916509638924,2025-01-29T07:48:57+05:30,34,voice
CDR-002103,918572218538,917914834602,2025-01-29T08:30:08+05:30,35,voice
CDR-002104,916555122302,917989228447,2025-01-29T09:50:44+05:30,22,voice
CDR-002105,916691567852,916275552433,2025-01-29T09:51:12+05:30,28,voice
CDR-002106,916275552433,916691567852,2025-01-29T09:51:17+05:30,0,sms
CDR-002107,916051518115,918224632063,2025-01-29T09:55:36+05:30,289,voice
CDR-002108,918973120296,917930732092,2025-01-29T10:35:41+05:30,0,sms
CDR-002109,918973120296,918510841654,2025-01-29T11:19:48+05:30,78,voice
CDR-002110,916479900999,918485143212,2025-01-29T11:24:32+05:30,25,voice
CDR-002111,918843189740,916424188799,2025-01-29T11:27:18+05:30,50,voice
CDR-002112,916217338638,916637885677,2025-01-29T11:36:11+05:30,51,voice
CDR-002113,916996582331,919371826549,2025-01-29T11:40:23+05:30,180,voice
CDR-002114,917814266084,919690393547,2025-01-29T11:43:55+05:30,171,voice
CDR-002115,917469027111,916479900999,2025-01-29T12:05:33+05:30,16,voice
CDR-002116,916479900999,919742990720,2025-01-29T12:28:10+05:30,24,voice
CDR-002117,917914834602,919136751526,2025-01-29T12:36:54+05:30,52,voice
CDR-002118,916051518115,919772591901,2025-01-29T12:59:49+05:30,13,voice
CDR-002119,918527357736,916293377920,2025-01-29T13:08:58+05:30,211,voice
CDR-002120,916017179896,919326047954,2025-01-29T13:11:24+05:30,36,voice
CDR-002121,916637885677,916217338638,2025-01-29T13:12:06+05:30,110,voice
CDR-002122,916849321768,919600233059,2025-01-29T13:30:35+05:30,22,voice
CDR-002123,916960990031,916691567852,2025-01-29T13:57:55+05:30,91,voice
CDR-002124,916665802686,916787800822,2025-01-29T13:59:55+05:30,46,voice
CDR-002125,917353300525,916325845808,2025-01-29T14:07:02+05:30,62,voice
CDR-002126,916223553521,918772528373,2025-01-29T14:25:55+05:30,77,voice
CDR-002127,916888840554,916960990031,2025-01-29T14:59:49+05:30,0,sms
CDR-002128,918547024696,917814266084,2025-01-29T15:37:11+05:30,66,voice
CDR-002129,916309630372,916997171985,2025-01-29T15:42:05+05:30,8,voice
CDR-002130,918251165584,918047654190,2025-01-29T15:43:42+05:30,161,voice
CDR-002131,917388520357,917952549560,2025-01-29T15:48:02+05:30,0,sms
CDR-002132,917876457943,916702951376,2025-01-29T15:58:22+05:30,0,sms
CDR-002133,918437653138,917485979569,2025-01-29T15:59:10+05:30,47,voice
CDR-002134,916518301062,916424188799,2025-01-29T17:14:27+05:30,0,sms
CDR-002135,919647323963,916641395672,2025-01-29T17:24:48+05:30,34,voice
CDR-002136,916997171985,916375107792,2025-01-29T17:33:30+05:30,63,voice
CDR-002137,918224632063,919415717273,2025-01-29T17:36:42+05:30,0,sms
CDR-002138,918766270784,918238710435,2025-01-29T17:56:10+05:30,45,voice
CDR-002139,917500083076,917679658289,2025-01-29T17:59:36+05:30,90,voice
CDR-002140,917679658289,916876538782,2025-01-29T18:13:45+05:30,35,voice
CDR-002141,916375107792,919647323963,2025-01-29T18:16:33+05:30,0,sms
CDR-002142,916637885677,918437653138,2025-01-29T18:22:44+05:30,61,voice
CDR-002143,916275552433,916691567852,2025-01-29T18:22:45+05:30,57,voice
CDR-002144,919797302867,916935101816,2025-01-29T18:29:04+05:30,0,sms
CDR-002145,917630871663,916082251340,2025-01-29T18:38:35+05:30,68,voice
CDR-002146,916912523398,919647323963,2025-01-29T18:42:03+05:30,0,sms
CDR-002147,916435668733,918437653138,2025-01-29T18:43:54+05:30,0,sms
CDR-002148,916997171985,916309630372,2025-01-29T19:02:17+05:30,0,sms
CDR-002149,918771974035,916309630372,2025-01-29T19:05:18+05:30,19,voice
CDR-002150,916665802686,917447202903,2025-01-29T19:10:14+05:30,0,sms
CDR-002151,916694321946,916509638924,2025-01-29T19:24:58+05:30,55,voice
CDR-002152,919326047954,918766270784,2025-01-29T19:27:34+05:30,24,voice
CDR-002153,919747267016,918829009322,2025-01-29T19:40:12+05:30,71,voice
CDR-002154,917970653224,917447202903,2025-01-29T19:48:16+05:30,0,sms
CDR-002155,919797302867,916424188799,2025-01-29T19:50:22+05:30,89,voice
CDR-002156,916691567852,918184188031,2025-01-29T19:54:30+05:30,48,voice
CDR-002157,917970653224,916309630372,2025-01-29T20:05:43+05:30,39,voice
CDR-002158,919384822654,919600233059,2025-01-29T20:08:05+05:30,69,voice
CDR-002159,918184188031,917844273643,2025-01-29T20:57:58+05:30,0,sms
CDR-002160,916535545166,918251165584,2025-01-29T20:59:33+05:30,30,voice
CDR-002161,919647323963,916375107792,2025-01-29T21:11:29+05:30,0,sms
CDR-002162,918065255396,918452335165,2025-01-29T21:41:00+05:30,63,voice
CDR-002163,916555122302,919384822654,2025-01-29T21:53:46+05:30,6,voice
CDR-002164,916729640279,918829009322,2025-01-29T22:20:24+05:30,247,voice
CDR-002165,916309630372,918771974035,2025-01-29T22:40:17+05:30,75,voice
CDR-002166,916960990031,917288961107,2025-01-29T22:48:07+05:30,39,voice
CDR-002167,919688936655,916561718843,2025-01-29T22:48:34+05:30,99,voice
CDR-002168,918437653138,916435668733,2025-01-29T22:50:40+05:30,113,voice
CDR-002169,918437653138,916637885677,2025-01-30T00:32:34+05:30,144,voice
CDR-002170,916367453616,916424188799,2025-01-30T01:38:36+05:30,134,voice
CDR-002171,917679658289,918829009322,2025-01-30T01:49:23+05:30,9,voice
CDR-002172,917876457943,916849321768,2025-01-30T02:25:02+05:30,26,voice
CDR-002173,918973120296,919326047954,2025-01-30T04:06:29+05:30,33,voice
CDR-002174,916665802686,916729640279,2025-01-30T05:24:19+05:30,65,voice
CDR-002175,919690393547,917485979569,2025-01-30T05:29:41+05:30,41,voice
CDR-002176,916912523398,919647323963,2025-01-30T06:20:34+05:30,13,voice
CDR-002177,916082251340,917630871663,2025-01-30T06:58:28+05:30,20,voice
CDR-002178,916367453616,916424188799,2025-01-30T08:10:54+05:30,31,voice
CDR-002179,916931872820,916424188799,2025-01-30T08:15:57+05:30,41,voice
CDR-002180,917837617691,918452335165,2025-01-30T08:20:55+05:30,11,voice
CDR-002181,918524624102,919415717273,2025-01-30T08:42:18+05:30,67,voice
CDR-002182,916665802686,916637885677,2025-01-30T09:23:47+05:30,148,voice
CDR-002183,917545969696,919690393547,2025-01-30T09:34:22+05:30,0,sms
CDR-002184,916424188799,916935101816,2025-01-30T09:48:09+05:30,11,voice
CDR-002185,919384822654,916309630372,2025-01-30T10:35:32+05:30,31,voice
CDR-002186,916122729730,916293377920,2025-01-30T10:46:35+05:30,0,sms
CDR-002187,918525720621,916051518115,2025-01-30T11:55:44+05:30,129,voice
CDR-002188,916653793670,919119219019,2025-01-30T12:08:57+05:30,0,sms
CDR-002189,916931872820,917914834602,2025-01-30T12:24:23+05:30,249,voice
CDR-002190,917469027111,916931872820,2025-01-30T12:31:11+05:30,31,voice
CDR-002191,918527357736,918840103823,2025-01-30T12:44:46+05:30,58,voice
CDR-002192,916691567852,916960990031,2025-01-30T12:45:54+05:30,24,voice
CDR-002193,919371826549,916931872820,2025-01-30T12:50:35+05:30,158,voice
CDR-002194,918527357736,917876587248,2025-01-30T13:00:17+05:30,65,voice
CDR-002195,917545969696,919994738491,2025-01-30T13:25:08+05:30,92,voice
CDR-002196,916424188799,916931872820,2025-01-30T13:42:55+05:30,311,voice
CDR-002197,918766270784,918840103823,2025-01-30T13:54:38+05:30,0,sms
CDR-002198,916997171985,916309630372,2025-01-30T14:02:49+05:30,132,voice
CDR-002199,918973120296,918829009322,2025-01-30T14:29:25+05:30,28,voice
CDR-002200,918047654190,918251165584,2025-01-30T14:35:25+05:30,114,voice
CDR-002201,917876457943,916849321768,2025-01-30T14:41:02+05:30,35,voice
CDR-002202,919690393547,916637885677,2025-01-30T14:45:03+05:30,212,voice
CDR-002203,919415717273,918524624102,2025-01-30T14:46:22+05:30,83,voice
CDR-002204,916309630372,918771974035,2025-01-30T15:00:59+05:30,141,voice
CDR-002205,917837617691,918452335165,2025-01-30T15:25:27+05:30,0,sms
CDR-002206,917288961107,916960990031,2025-01-30T15:32:51+05:30,49,voice
CDR-002207,916082251340,917630871663,2025-01-30T15:38:32+05:30,21,voice
CDR-002208,919153442407,919688936655,2025-01-30T15:38:58+05:30,49,voice
CDR-002209,917311481954,919119219019,2025-01-30T15:41:30+05:30,105,voice
CDR-002210,917914834602,919136751526,2025-01-30T16:20:40+05:30,36,voice
CDR-002211,916217338638,916812873288,2025-01-30T16:29:17+05:30,10,voice
CDR-002212,916555122302,916702951376,2025-01-30T16:35:41+05:30,40,voice
CDR-002213,916641395672,917730176490,2025-01-30T16:46:50+05:30,85,voice
CDR-002214,916931872820,917469027111,2025-01-30T18:03:29+05:30,53,voice
CDR-002215,916931872820,917469027111,2025-01-30T18:08:34+05:30,79,voice
CDR-002216,917952549560,916017179896,2025-01-30T18:45:20+05:30,27,voice
CDR-002217,918600238302,918437653138,2025-01-30T18:52:15+05:30,93,voice
CDR-002218,917844273643,919896703780,2025-01-30T19:15:31+05:30,37,voice
CDR-002219,916888840554,917876457943,2025-01-30T19:16:21+05:30,66,voice
CDR-002220,919571619646,917730176490,2025-01-30T19:32:21+05:30,167,voice
CDR-002221,916375107792,919647323963,2025-01-30T19:51:12+05:30,0,sms
CDR-002222,916555122302,919647323963,2025-01-30T19:57:53+05:30,504,voice
CDR-002223,916641395672,919571619646,2025-01-30T20:22:12+05:30,70,voice
CDR-002224,916122729730,916937699779,2025-01-30T20:29:45+05:30,251,voice
CDR-002225,917500083076,916509638924,2025-01-30T20:38:20+05:30,36,voice
CDR-002226,917485979569,916637885677,2025-01-30T21:03:40+05:30,172,voice
CDR-002227,916931872820,916424188799,2025-01-30T21:23:14+05:30,0,sms
CDR-002228,917500083076,918238710435,2025-01-30T21:31:54+05:30,84,voice
CDR-002229,916017179896,917500083076,2025-01-30T21:33:55+05:30,146,voice
CDR-002230,918766270784,919326047954,2025-01-30T21:47:30+05:30,152,voice
CDR-002231,919571619646,916641395672,2025-01-30T21:51:42+05:30,182,voice
CDR-002232,916931872820,916424188799,2025-01-30T21:59:06+05:30,107,voice
CDR-002233,919647323963,916641395672,2025-01-30T22:20:24+05:30,53,voice
CDR-002234,916026997648,918766270784,2025-01-30T22:30:25+05:30,38,voice
CDR-002235,916729640279,918829009322,2025-01-30T22:49:43+05:30,30,voice
CDR-002236,916555122302,917989228447,2025-01-30T22:50:16+05:30,156,voice
CDR-002237,917556372626,917260443015,2025-01-30T22:55:12+05:30,106,voice
CDR-002238,918382865694,918572218538,2025-01-30T23:09:54+05:30,40,voice
CDR-002239,916435668733,918437653138,2025-01-30T23:25:01+05:30,47,voice
CDR-002240,916309630372,919600233059,2025-01-31T00:42:04+05:30,0,sms
CDR-002241,917447202903,916665802686,2025-01-31T01:52:09+05:30,9,voice
CDR-002242,917679658289,919415717273,2025-01-31T02:05:14+05:30,0,sms
CDR-002243,917679658289,919415717273,2025-01-31T05:40:25+05:30,184,voice
CDR-002244,918251165584,918382865694,2025-01-31T06:09:07+05:30,123,voice
CDR-002245,919571619646,916641395672,2025-01-31T06:12:27+05:30,1066,voice
CDR-002246,916812873288,917260443015,2025-01-31T06:25:35+05:30,83,voice
CDR-002247,916555122302,917989228447,2025-01-31T06:44:58+05:30,65,voice
CDR-002248,918524624102,917630871663,2025-01-31T07:22:13+05:30,56,voice
CDR-002249,918845716772,916051518115,2025-01-31T08:05:22+05:30,23,voice
CDR-002250,918452335165,917837617691,2025-01-31T08:13:43+05:30,38,voice
CDR-002251,916665802686,917353300525,2025-01-31T08:30:52+05:30,171,voice
CDR-002252,919326047954,916026997648,2025-01-31T08:39:16+05:30,62,voice
CDR-002253,916912523398,919647323963,2025-01-31T10:04:30+05:30,19,voice
CDR-002254,917268526587,916122729730,2025-01-31T10:08:00+05:30,14,voice
CDR-002255,917630871663,916082251340,2025-01-31T10:34:13+05:30,191,voice
CDR-002256,918680810632,918437653138,2025-01-31T10:39:26+05:30,197,voice
CDR-002257,916641395672,916022038739,2025-01-31T11:10:01+05:30,87,voice
CDR-002258,916702951376,917147613772,2025-01-31T11:11:43+05:30,48,voice
CDR-002259,917989228447,916555122302,2025-01-31T11:24:33+05:30,35,voice
CDR-002260,917288961107,919384822654,2025-01-31T11:31:43+05:30,25,voice
CDR-002261,919571619646,917846947792,2025-01-31T12:00:06+05:30,41,voice
CDR-002262,917260443015,916543832315,2025-01-31T12:42:32+05:30,32,voice
CDR-002263,916051518115,918065255396,2025-01-31T13:14:01+05:30,26,voice
CDR-002264,917679658289,919577944637,2025-01-31T13:19:45+05:30,94,voice
CDR-002265,916641395672,917989228447,2025-01-31T13:28:17+05:30,163,voice
CDR-002266,919772591901,919415717273,2025-01-31T13:49:29+05:30,83,voice
CDR-002267,918572218538,918065255396,2025-01-31T13:52:42+05:30,170,voice
CDR-002268,918065255396,916051518115,2025-01-31T14:22:54+05:30,15,voice
CDR-002269,917919104175,919275070531,2025-01-31T15:05:03+05:30,63,voice
CDR-002270,917730176490,919571619646,2025-01-31T15:18:39+05:30,0,sms
CDR-002271,918851286499,917447202903,2025-01-31T15:34:40+05:30,26,voice
CDR-002272,916435668733,917260443015,2025-01-31T16:35:04+05:30,97,voice
CDR-002273,917919104175,919275070531,2025-01-31T16:41:36+05:30,34,voice
CDR-002274,916017179896,919747267016,2025-01-31T16:52:09+05:30,54,voice
CDR-002275,916637885677,916665802686,2025-01-31T17:43:06+05:30,49,voice
CDR-002276,917260443015,916543832315,2025-01-31T17:43:59+05:30,172,voice
CDR-002277,916637885677,917485979569,2025-01-31T17:50:50+05:30,35,voice
CDR-002278,917447202903,916665802686,2025-01-31T17:54:26+05:30,19,voice
CDR-002279,919797302867,918572218538,2025-01-31T18:01:51+05:30,27,voice
CDR-002280,916509638924,919772591901,2025-01-31T18:06:33+05:30,0,sms
CDR-002281,918572218538,917914834602,2025-01-31T18:12:18+05:30,55,voice
CDR-002282,916665802686,916637885677,2025-01-31T18:15:17+05:30,64,voice
CDR-002283,919647323963,917994279003,2025-01-31T18:19:07+05:30,46,voice
CDR-002284,916665802686,918437653138,2025-01-31T18:19:46+05:30,152,voice
CDR-002285,918437653138,918680810632,2025-01-31T18:34:29+05:30,31,voice
CDR-002286,917556372626,917353300525,2025-01-31T18:45:39+05:30,160,voice
CDR-002287,919342059358,918527357736,2025-01-31T18:53:45+05:30,27,voice
CDR-002288,918251165584,918572218538,2025-01-31T19:08:53+05:30,58,voice
CDR-002289,916665802686,918437653138,2025-01-31T19:36:27+05:30,50,voice
CDR-002290,918238710435,917679658289,2025-01-31T19:43:56+05:30,19,voice
CDR-002291,916637885677,918437653138,2025-01-31T19:52:46+05:30,52,voice
CDR-002292,919797302867,916424188799,2025-01-31T20:17:13+05:30,105,voice
CDR-002293,916931872820,919797302867,2025-01-31T20:23:49+05:30,101,voice
CDR-002294,917679658289,918829009322,2025-01-31T20:23:52+05:30,159,voice
CDR-002295,919415717273,918829009322,2025-01-31T21:06:46+05:30,53,voice
CDR-002296,916702951376,917147613772,2025-01-31T21:28:04+05:30,26,voice
CDR-002297,919371826549,916996582331,2025-01-31T21:39:53+05:30,25,voice
CDR-002298,917814266084,917837617691,2025-01-31T21:51:48+05:30,0,sms
CDR-002299,916935101816,916424188799,2025-01-31T22:00:36+05:30,69,voice
CDR-002300,918524624102,918829009322,2025-01-31T22:18:48+05:30,35,voice
CDR-002301,916309630372,919600233059,2025-01-31T23:10:32+05:30,113,voice
CDR-002302,918485143212,916479900999,2025-01-31T23:17:01+05:30,158,voice
CDR-002303,916367453616,916424188799,2025-01-31T23:22:35+05:30,81,voice
CDR-002304,919371826549,917876587248,2025-01-31T23:31:11+05:30,165,voice
CDR-002305,916051518115,917388520357,2025-01-31T23:44:30+05:30,0,sms
CDR-002306,917930732092,918766270784,2025-01-31T23:52:44+05:30,0,sms
CDR-002307,918510841654,918973120296,2025-02-01T00:36:35+05:30,106,voice
CDR-002308,916852224261,916424188799,2025-02-01T03:03:53+05:30,99,voice
CDR-002309,918572218538,918382865694,2025-02-01T04:31:09+05:30,0,sms
CDR-002310,916849321768,917844273643,2025-02-01T06:11:30+05:30,235,voice
CDR-002311,918238710435,918081943102,2025-02-01T06:21:52+05:30,69,voice
CDR-002312,917545969696,917260443015,2025-02-01T06:52:08+05:30,42,voice
CDR-002313,917952549560,916017179896,2025-02-01T06:56:28+05:30,0,sms
CDR-002314,917970653224,916309630372,2025-02-01T07:21:52+05:30,37,voice
CDR-002315,917469027111,916931872820,2025-02-01T07:52:16+05:30,126,voice
CDR-002316,916637885677,916665802686,2025-02-01T07:56:17+05:30,57,voice
CDR-002317,916375107792,916849321768,2025-02-01T08:03:08+05:30,34,voice
CDR-002318,916812873288,916787800822,2025-02-01T08:36:34+05:30,0,sms
CDR-002319,916996582331,917538776094,2025-02-01T08:47:50+05:30,0,sms
CDR-002320,916637885677,918437653138,2025-02-01T09:05:18+05:30,22,voice
CDR-002321,918524624102,919415717273,2025-02-01T10:00:54+05:30,59,voice
CDR-002322,916876538782,917679658289,2025-02-01T10:22:12+05:30,155,voice
CDR-002323,917545969696,919994738491,2025-02-01T10:22:30+05:30,89,voice
CDR-002324,918251165584,918572218538,2025-02-01T10:28:22+05:30,57,voice
CDR-002325,917556372626,916543832315,2025-02-01T10:28:33+05:30,33,voice
CDR-002326,916812873288,917353300525,2025-02-01T10:37:45+05:30,0,sms
CDR-002327,919600233059,916309630372,2025-02-01T11:21:42+05:30,104,voice
CDR-002328,918485143212,917469027111,2025-02-01T11:54:01+05:30,124,voice
CDR-002329,917260443015,917556372626,2025-02-01T12:05:56+05:30,168,voice
CDR-002330,916375107792,916702951376,2025-02-01T12:37:53+05:30,225,voice
CDR-002331,917616371951,917187698223,2025-02-01T12:47:21+05:30,85,voice
CDR-002332,917469027111,918485143212,2025-02-01T13:04:08+05:30,51,voice
CDR-002333,918527357736,918129866499,2025-02-01T13:14:00+05:30,95,voice
CDR-002334,916509638924,916082251340,2025-02-01T13:37:35+05:30,218,voice
CDR-002335,917616371951,916194464851,2025-02-01T13:52:32+05:30,32,voice
CDR-002336,919688936655,916561718843,2025-02-01T13:54:53+05:30,72,voice
CDR-002337,918771974035,916309630372,2025-02-01T14:03:55+05:30,11,voice
CDR-002338,916931872820,917469027111,2025-02-01T14:10:00+05:30,0,sms
CDR-002339,916641395672,917989228447,2025-02-01T14:11:50+05:30,28,voice
CDR-002340,918843189740,917187698223,2025-02-01T14:32:08+05:30,79,voice
CDR-002341,918510841654,918973120296,2025-02-01T15:00:44+05:30,0,sms
CDR-002342,917679658289,916876538782,2025-02-01T15:17:41+05:30,71,voice
CDR-002343,917260443015,916812873288,2025-02-01T15:27:38+05:30,41,voice
CDR-002344,917914834602,918251165584,2025-02-01T15:28:43+05:30,410,voice
CDR-002345,916637885677,916665802686,2025-02-01T15:31:07+05:30,14,voice
CDR-002346,918184188031,917876457943,2025-02-01T15:39:02+05:30,0,sms
CDR-002347,919577944637,916026997648,2025-02-01T15:52:41+05:30,23,voice
CDR-002348,916223553521,917268526587,2025-02-01T16:19:36+05:30,21,voice
CDR-002349,919342059358,919744215949,2025-02-01T16:28:50+05:30,41,voice
CDR-002350,919577944637,919415717273,2025-02-01T16:37:17+05:30,26,voice
CDR-002351,916812873288,918437653138,2025-02-01T16:48:03+05:30,43,voice
CDR-002352,917556372626,917260443015,2025-02-01T16:57:41+05:30,29,voice
CDR-002353,919797302867,916424188799,2025-02-01T17:27:57+05:30,207,voice
CDR-002354,916637885677,918437653138,2025-02-01T17:56:59+05:30,21,voice
CDR-002355,917876457943,916375107792,2025-02-01T18:42:15+05:30,87,voice
CDR-002356,917679658289,919415717273,2025-02-01T18:57:46+05:30,0,sms
CDR-002357,918510841654,918973120296,2025-02-01T19:00:04+05:30,143,voice
CDR-002358,918184188031,917844273643,2025-02-01T19:07:18+05:30,98,voice
CDR-002359,916702951376,917147613772,2025-02-01T19:22:08+05:30,0,sms
CDR-002360,918547024696,917545969696,2025-02-01T19:33:50+05:30,70,voice
CDR-002361,916935101816,916424188799,2025-02-01T20:37:26+05:30,41,voice
CDR-002362,917989228447,916912523398,2025-02-01T20:39:24+05:30,36,voice
CDR-002363,916665802686,916637885677,2025-02-01T20:47:54+05:30,59,voice
CDR-002364,918517802039,916637885677,2025-02-01T21:09:45+05:30,31,voice
CDR-002365,916637885677,918437653138,2025-02-01T21:30:15+05:30,62,voice
CDR-002366,916540081641,917876457943,2025-02-01T21:38:32+05:30,0,sms
CDR-002367,916937699779,919714540957,2025-02-01T22:14:39+05:30,27,voice
CDR-002368,917288961107,916960990031,2025-02-01T22:25:57+05:30,31,voice
CDR-002369,916309630372,918771974035,2025-02-01T22:30:28+05:30,112,voice
CDR-002370,919371826549,916931872820,2025-02-01T22:49:12+05:30,340,voice
CDR-002371,916637885677,917545969696,2025-02-01T23:04:40+05:30,17,voice
CDR-002372,919371826549,916996582331,2025-02-01T23:05:27+05:30,122,voice
CDR-002373,918047654190,918251165584,2025-02-01T23:09:06+05:30,70,voice
CDR-002374,916787800822,916665802686,2025-02-01T23:10:19+05:30,54,voice
CDR-002375,916367453616,919742990720,2025-02-01T23:10:41+05:30,7,voice
CDR-002376,918437653138,916637885677,2025-02-01T23:18:27+05:30,61,voice
CDR-002377,918572218538,917914834602,2025-02-01T23:19:45+05:30,195,voice
CDR-002378,916931872820,919797302867,2025-02-02T00:24:39+05:30,17,voice
CDR-002379,919415717273,918829009322,2025-02-02T03:45:35+05:30,114,voice
CDR-002380,918680810632,917311481954,2025-02-02T03:59:08+05:30,108,voice
CDR-002381,917914834602,918251165584,2025-02-02T05:20:29+05:30,74,voice
CDR-002382,916424188799,916518301062,2025-02-02T05:58:25+05:30,0,sms
CDR-002383,916849321768,917876457943,2025-02-02T06:04:48+05:30,21,voice
CDR-002384,918525720621,919415717273,2025-02-02T06:05:52+05:30,23,voice
CDR-002385,918572218538,918382865694,2025-02-02T06:14:22+05:30,81,voice
CDR-002386,916555122302,916702951376,2025-02-02T06:16:40+05:30,257,voice
CDR-002387,918332441743,919342059358,2025-02-02T06:19:23+05:30,10,voice
CDR-002388,919772591901,916729640279,2025-02-02T06:19:59+05:30,78,voice
CDR-002389,916787800822,916665802686,2025-02-02T06:45:59+05:30,19,voice
CDR-002390,918572218538,918251165584,2025-02-02T06:48:16+05:30,87,voice
CDR-002391,916812873288,916787800822,2025-02-02T07:14:03+05:30,333,voice
CDR-002392,919153442407,917989228447,2025-02-02T07:16:12+05:30,165,voice
CDR-002393,918437653138,916637885677,2025-02-02T07:17:56+05:30,28,voice
CDR-002394,917469027111,916479900999,2025-02-02T07:29:58+05:30,101,voice
CDR-002395,916770012075,918129866499,2025-02-02T07:37:58+05:30,20,voice
CDR-002396,917679658289,916055439146,2025-02-02T08:01:47+05:30,15,voice
CDR-002397,918680810632,917311481954,2025-02-02T08:15:21+05:30,85,voice
CDR-002398,918227250029,917469027111,2025-02-02T08:26:04+05:30,0,sms
CDR-002399,917538776094,916996582331,2025-02-02T08:40:45+05:30,58,voice
CDR-002400,916996582331,916852224261,2025-02-02T08:45:36+05:30,18,voice
CDR-002401,917447202903,916637885677,2025-02-02T08:52:12+05:30,87,voice
CDR-002402,916535545166,918843189740,2025-02-02T09:19:56+05:30,0,sms
CDR-002403,916082251340,917630871663,2025-02-02T09:26:45+05:30,98,voice
CDR-002404,916960990031,916022038739,2025-02-02T09:43:55+05:30,0,sms
CDR-002405,916691567852,916275552433,2025-02-02T09:53:33+05:30,121,voice
CDR-002406,918437653138,918680810632,2025-02-02T10:15:17+05:30,80,voice
CDR-002407,918829009322,916729640279,2025-02-02T10:23:56+05:30,82,voice
CDR-002408,919600233059,916309630372,2025-02-02T10:59:17+05:30,268,voice
CDR-002409,916017179896,919326047954,2025-02-02T11:25:47+05:30,195,voice
CDR-002410,919342059358,918332441743,2025-02-02T11:29:16+05:30,60,voice
CDR-002411,916852224261,916022038739,2025-02-02T11:39:24+05:30,227,voice
CDR-002412,916691567852,916960990031,2025-02-02T11:43:06+05:30,31,voice
CDR-002413,916876538782,918766270784,2025-02-02T11:54:12+05:30,202,voice
CDR-002414,918973120296,918510841654,2025-02-02T12:12:21+05:30,67,voice
CDR-002415,918600238302,916435668733,2025-02-02T12:17:44+05:30,5,voice
CDR-002416,916375107792,919647323963,2025-02-02T12:26:09+05:30,0,sms
CDR-002417,919797302867,917187698223,2025-02-02T12:29:23+05:30,93,voice
CDR-002418,917888064876,918823052386,2025-02-02T12:30:24+05:30,192,voice
CDR-002419,917353300525,916543832315,2025-02-02T12:40:56+05:30,0,sms
CDR-002420,919153442407,919688936655,2025-02-02T12:59:41+05:30,38,voice
CDR-002421,919342059358,918332441743,2025-02-02T13:02:42+05:30,30,voice
CDR-002422,919714540957,916122729730,2025-02-02T13:28:15+05:30,0,sms
CDR-002423,916082251340,916855008436,2025-02-02T13:33:57+05:30,79,voice
CDR-002424,918547024696,917814266084,2025-02-02T13:42:45+05:30,14,voice
CDR-002425,919742990720,916367453616,2025-02-02T14:30:06+05:30,97,voice
CDR-002426,916509638924,916855008436,2025-02-02T14:30:42+05:30,70,voice
CDR-002427,916637885677,918517802039,2025-02-02T14:33:15+05:30,0,sms
CDR-002428,917814266084,918547024696,2025-02-02T14:37:04+05:30,83,voice
CDR-002429,916051518115,917388520357,2025-02-02T15:16:44+05:30,46,voice
CDR-002430,918437653138,916812873288,2025-02-02T15:19:25+05:30,59,voice
CDR-002431,919600233059,918447344267,2025-02-02T15:33:22+05:30,93,voice
CDR-002432,916026997648,918510841654,2025-02-02T15:44:46+05:30,62,voice
CDR-002433,916637885677,918437653138,2025-02-02T15:52:43+05:30,25,voice
CDR-002434,919690393547,918452335165,2025-02-02T15:55:57+05:30,0,sms
CDR-002435,917447202903,918851286499,2025-02-02T16:09:09+05:30,70,voice
CDR-002436,916051518115,917388520357,2025-02-02T16:12:58+05:30,43,voice
CDR-002437,918517802039,916653793670,2025-02-02T16:22:40+05:30,180,voice
CDR-002438,916665802686,916217338638,2025-02-02T16:27:36+05:30,25,voice
CDR-002439,916665802686,918437653138,2025-02-02T16:50:24+05:30,0,sms
CDR-002440,917353300525,916812873288,2025-02-02T17:20:36+05:30,26,voice
CDR-002441,918437653138,916637885677,2025-02-02T17:24:33+05:30,13,voice
CDR-002442,917353300525,916812873288,2025-02-02T17:38:55+05:30,103,voice
CDR-002443,916194464851,916931872820,2025-02-02T17:41:30+05:30,59,voice
CDR-002444,918527357736,919342059358,2025-02-02T17:54:59+05:30,5,voice
CDR-002445,916509638924,916082251340,2025-02-02T17:59:40+05:30,66,voice
CDR-002446,918829009322,919415717273,2025-02-02T18:01:59+05:30,36,voice
CDR-002447,916637885677,918437653138,2025-02-02T18:18:57+05:30,45,voice
CDR-002448,919742990720,916479900999,2025-02-02T18:23:24+05:30,43,voice
CDR-002449,918485143212,917469027111,2025-02-02T18:33:02+05:30,10,voice
CDR-002450,918600238302,918437653138,2025-02-02T18:33:43+05:30,0,sms
CDR-002451,918227250029,918843189740,2025-02-02T19:35:18+05:30,22,voice
CDR-002452,918510841654,919326047954,2025-02-02T19:38:49+05:30,48,voice
CDR-002453,918766270784,919326047954,2025-02-02T19:41:29+05:30,83,voice
CDR-002454,917447202903,917970653224,2025-02-02T20:04:08+05:30,31,voice
CDR-002455,919415717273,916694321946,2025-02-02T20:31:31+05:30,37,voice
CDR-002456,919744215949,919714540957,2025-02-02T21:08:54+05:30,65,voice
CDR-002457,919371826549,918227250029,2025-02-02T21:13:10+05:30,41,voice
CDR-002458,916637885677,917485979569,2025-02-02T21:20:42+05:30,72,voice
CDR-002459,917538776094,918843189740,2025-02-02T21:21:15+05:30,163,voice
CDR-002460,918600238302,918437653138,2025-02-02T21:46:58+05:30,184,voice
CDR-002461,918437653138,918680810632,2025-02-02T21:56:03+05:30,31,voice
CDR-002462,918437653138,918600238302,2025-02-02T22:01:21+05:30,311,voice
CDR-002463,918766270784,916876538782,2025-02-02T22:17:13+05:30,757,voice
CDR-002464,917914834602,916931872820,2025-02-02T22:40:55+05:30,226,voice
CDR-002465,919647323963,919571619646,2025-02-02T22:45:00+05:30,41,voice
CDR-002466,919571619646,916641395672,2025-02-02T23:02:26+05:30,47,voice
CDR-002467,916637885677,916787800822,2025-02-02T23:04:31+05:30,77,voice
CDR-002468,916876538782,917679658289,2025-02-02T23:19:17+05:30,76,voice
CDR-002469,919896703780,916641395672,2025-02-02T23:22:46+05:30,0,sms
CDR-002470,918332441743,918527357736,2025-02-02T23:30:20+05:30,84,voice
CDR-002471,916787800822,916665802686,2025-02-03T00:32:01+05:30,60,voice
CDR-002472,918437653138,916637885677,2025-02-03T00:47:55+05:30,0,sms
CDR-002473,917630871663,918524624102,2025-02-03T00:59:36+05:30,0,sms
CDR-002474,916937699779,919714540957,2025-02-03T01:26:08+05:30,249,voice
CDR-002475,916026997648,919326047954,2025-02-03T03:27:34+05:30,19,voice
CDR-002476,916997171985,916309630372,2025-02-03T04:16:04+05:30,7,voice
CDR-002477,919415717273,918224632063,2025-02-03T04:28:11+05:30,12,voice
CDR-002478,918224632063,919415717273,2025-02-03T05:37:25+05:30,0,sms
CDR-002479,916787800822,916665802686,2025-02-03T06:06:03+05:30,35,voice
CDR-002480,918510841654,919326047954,2025-02-03T06:07:08+05:30,0,sms
CDR-002481,917970653224,916637885677,2025-02-03T06:07:09+05:30,29,voice
CDR-002482,916309630372,919384822654,2025-02-03T06:12:21+05:30,61,voice
CDR-002483,919744215949,916937699779,2025-02-03T06:21:31+05:30,0,sms
CDR-002484,916665802686,916637885677,2025-02-03T06:25:47+05:30,0,sms
CDR-002485,917187698223,918227250029,2025-02-03T06:30:25+05:30,71,voice
CDR-002486,917187698223,918843189740,2025-02-03T06:31:26+05:30,135,voice
CDR-002487,918600238302,918437653138,2025-02-03T06:36:58+05:30,0,sms
CDR-002488,916479900999,917469027111,2025-02-03T06:37:56+05:30,0,sms
CDR-002489,919797302867,916424188799,2025-02-03T06:40:22+05:30,403,voice
CDR-002490,918843189740,917538776094,2025-02-03T07:01:08+05:30,0,sms
CDR-002491,918525720621,916017179896,2025-02-03T07:09:40+05:30,0,sms
CDR-002492,917814266084,919690393547,2025-02-03T07:26:53+05:30,70,voice
CDR-002493,918382865694,918572218538,2025-02-03T07:39:50+05:30,20,voice
CDR-002494,917268526587,916223553521,2025-02-03T07:40:30+05:30,51,voice
CDR-002495,917500083076,916509638924,2025-02-03T07:52:16+05:30,98,voice
CDR-002496,916217338638,916665802686,2025-02-03T07:54:29+05:30,0,sms
CDR-002497,917469027111,916479900999,2025-02-03T07:54:58+05:30,68,voice
CDR-002498,916665802686,916637885677,2025-02-03T08:04:03+05:30,0,sms
CDR-002499,919647323963,917994279003,2025-02-03T08:08:57+05:30,188,voice
CDR-002500,916017179896,917500083076,2025-02-03T08:09:52+05:30,60,voice
CDR-002501,917500083076,917679658289,2025-02-03T08:11:31+05:30,410,voice
CDR-002502,917147613772,917844273643,2025-02-03T08:17:41+05:30,133,voice
CDR-002503,916849321768,917876457943,2025-02-03T08:19:02+05:30,35,voice
CDR-002504,919647323963,919571619646,2025-02-03T08:36:33+05:30,67,voice
CDR-002505,919371826549,917876587248,2025-02-03T08:37:06+05:30,54,voice
CDR-002506,916051518115,916855008436,2025-02-03T08:38:15+05:30,60,voice
CDR-002507,918524624102,919326047954,2025-02-03T09:05:58+05:30,120,voice
CDR-002508,919326047954,918766270784,2025-02-03T09:38:24+05:30,18,voice
CDR-002509,917970653224,916637885677,2025-02-03T10:02:03+05:30,170,voice
CDR-002510,916996582331,917538776094,2025-02-03T10:03:25+05:30,52,voice
CDR-002511,918227250029,919371826549,2025-02-03T10:06:10+05:30,24,voice
CDR-002512,916637885677,918437653138,2025-02-03T10:14:29+05:30,58,voice
CDR-002513,916641395672,917730176490,2025-02-03T10:22:19+05:30,243,voice
CDR-002514,916729640279,918829009322,2025-02-03T10:56:38+05:30,25,voice
CDR-002515,916960990031,916691567852,2025-02-03T10:58:24+05:30,87,voice
CDR-002516,916665802686,916637885677,2025-02-03T11:22:24+05:30,59,voice
CDR-002517,916540081641,919688936655,2025-02-03T11:49:56+05:30,56,voice
CDR-002518,918184188031,917876457943,2025-02-03T11:52:35+05:30,35,voice
CDR-002519,916641395672,917730176490,2025-02-03T12:17:25+05:30,17,voice
CDR-002520,916931872820,917469027111,2025-02-03T12:18:13+05:30,140,voice
CDR-002521,918525720621,919577944637,2025-02-03T12:18:27+05:30,410,voice
CDR-002522,917679658289,918238710435,2025-02-03T12:34:25+05:30,23,voice
CDR-002523,918524624102,919326047954,2025-02-03T12:38:52+05:30,81,voice
CDR-002524,919571619646,917730176490,2025-02-03T13:04:01+05:30,34,voice
CDR-002525,919647323963,916641395672,2025-02-03T13:22:53+05:30,256,voice
CDR-002526,916852224261,916479900999,2025-02-03T13:48:20+05:30,53,voice
CDR-002527,917288961107,919384822654,2025-02-03T14:02:21+05:30,155,voice
CDR-002528,918973120296,918510841654,2025-02-03T14:12:41+05:30,199,voice
CDR-002529,917147613772,916702951376,2025-02-03T14:36:25+05:30,43,voice
CDR-002530,919647323963,916555122302,2025-02-03T14:41:40+05:30,124,voice
CDR-002531,917930732092,917134946256,2025-02-03T14:43:42+05:30,132,voice
CDR-002532,916017179896,919747267016,2025-02-03T14:53:57+05:30,32,voice
CDR-002533,919577944637,916026997648,2025-02-03T15:19:50+05:30,64,voice
CDR-002534,919577944637,918973120296,2025-02-03T15:46:49+05:30,124,voice
CDR-002535,916702951376,917876457943,2025-02-03T15:50:16+05:30,503,voice
CDR-002536,917930732092,918973120296,2025-02-03T16:03:21+05:30,56,voice
CDR-002537,916665802686,916637885677,2025-02-03T16:26:20+05:30,18,voice
CDR-002538,916555122302,916702951376,2025-02-03T16:35:23+05:30,25,voice
CDR-002539,918680810632,918600238302,2025-02-03T16:36:19+05:30,0,sms
CDR-002540,916637885677,916665802686,2025-02-03T16:36:49+05:30,67,voice
CDR-002541,917353300525,916543832315,2025-02-03T16:39:18+05:30,114,voice
CDR-002542,918973120296,917930732092,2025-02-03T17:09:16+05:30,60,voice
CDR-002543,918437653138,916637885677,2025-02-03T17:17:58+05:30,0,sms
CDR-002544,916641395672,919896703780,2025-02-03T17:32:02+05:30,88,voice
CDR-002545,917388520357,917952549560,2025-02-03T17:56:12+05:30,32,voice
CDR-002546,918227250029,919371826549,2025-02-03T18:14:53+05:30,119,voice
CDR-002547,918973120296,918510841654,2025-02-03T18:18:20+05:30,31,voice
CDR-002548,916702951376,917147613772,2025-02-03T18:27:36+05:30,124,voice
CDR-002549,917288961107,916960990031,2025-02-03T18:53:48+05:30,10,voice
CDR-002550,918452335165,918547024696,2025-02-03T19:03:52+05:30,51,voice
CDR-002551,916217338638,919690393547,2025-02-03T19:05:29+05:30,126,voice
CDR-002552,919415717273,918829009322,2025-02-03T19:42:51+05:30,0,sms
CDR-002553,917388520357,916051518115,2025-02-03T20:04:42+05:30,63,voice
CDR-002554,916424188799,916931872820,2025-02-03T20:55:03+05:30,0,sms
CDR-002555,916555122302,917989228447,2025-02-03T21:16:12+05:30,0,sms
CDR-002556,916543832315,917556372626,2025-02-03T21:28:32+05:30,5,voice
CDR-002557,917730176490,919571619646,2025-02-03T21:36:34+05:30,0,sms
CDR-002558,918680810632,918437653138,2025-02-03T21:46:42+05:30,86,voice
CDR-002559,917147613772,917844273643,2025-02-03T21:50:06+05:30,61,voice
CDR-002560,916051518115,918224632063,2025-02-03T22:00:23+05:30,0,sms
CDR-002561,916543832315,917556372626,2025-02-03T22:11:35+05:30,136,voice
CDR-002562,917485979569,918437653138,2025-02-03T22:11:51+05:30,5,voice
CDR-002563,917919104175,919275070531,2025-02-03T22:19:52+05:30,0,sms
CDR-002564,919744215949,919714540957,2025-02-03T22:38:36+05:30,291,voice
CDR-002565,918227250029,916996582331,2025-02-03T22:38:54+05:30,35,voice
CDR-002566,916960990031,916309630372,2025-02-03T22:48:13+05:30,201,voice
CDR-002567,918238710435,917679658289,2025-02-03T22:53:56+05:30,78,voice
CDR-002568,916082251340,916694321946,2025-02-03T22:59:23+05:30,50,voice
CDR-002569,919690393547,916637885677,2025-02-03T23:01:44+05:30,94,voice
CDR-002570,918973120296,917930732092,2025-02-03T23:11:05+05:30,54,voice
CDR-002571,916637885677,916665802686,2025-02-03T23:39:09+05:30,41,voice
CDR-002572,916309630372,916997171985,2025-02-04T05:09:44+05:30,24,voice
CDR-002573,917500083076,917679658289,2025-02-04T05:26:55+05:30,84,voice
CDR-002574,916852224261,916424188799,2025-02-04T05:31:35+05:30,67,voice
CDR-002575,917469027111,916424188799,2025-02-04T06:14:25+05:30,26,voice
CDR-002576,919797302867,918572218538,2025-02-04T06:15:05+05:30,79,voice
CDR-002577,917500083076,916509638924,2025-02-04T07:07:51+05:30,119,voice
CDR-002578,916931872820,917914834602,2025-02-04T07:18:56+05:30,67,voice
CDR-002579,918547024696,917814266084,2025-02-04T07:20:12+05:30,273,voice
CDR-002580,919415717273,918524624102,2025-02-04T07:40:01+05:30,50,voice
CDR-002581,919744215949,919714540957,2025-02-04T07:55:39+05:30,32,voice
CDR-002582,916051518115,916017179896,2025-02-04T08:01:57+05:30,32,voice
CDR-002583,917556372626,916812873288,2025-02-04T08:27:26+05:30,55,voice
CDR-002584,919153442407,917989228447,2025-02-04T08:27:30+05:30,8,voice
CDR-002585,916051518115,918845716772,2025-02-04T08:31:05+05:30,0,sms
CDR-002586,917260443015,916543832315,2025-02-04T08:40:58+05:30,57,voice
CDR-002587,919647323963,916912523398,2025-02-04T08:45:34+05:30,13,voice
CDR-002588,917469027111,916931872820,2025-02-04T08:45:53+05:30,98,voice
CDR-002589,916026997648,918510841654,2025-02-04T08:57:06+05:30,47,voice
CDR-002590,917260443015,917353300525,2025-02-04T09:09:56+05:30,111,voice
CDR-002591,919600233059,916309630372,2025-02-04T09:44:48+05:30,0,sms
CDR-002592,916653793670,919119219019,2025-02-04T10:02:18+05:30,0,sms
CDR-002593,918510841654,919577944637,2025-02-04T10:03:25+05:30,0,sms
CDR-002594,918227250029,916996582331,2025-02-04T10:15:16+05:30,112,voice
CDR-002595,916367453616,916996582331,2025-02-04T10:38:13+05:30,55,voice
CDR-002596,919688936655,919153442407,2025-02-04T10:46:33+05:30,134,voice
CDR-002597,916223553521,919714540957,2025-02-04T11:23:43+05:30,127,voice
CDR-002598,916931872820,916424188799,2025-02-04T11:27:06+05:30,96,voice
CDR-002599,917187698223,918227250029,2025-02-04T11:36:43+05:30,70,voice
CDR-002600,916691567852,918184188031,2025-02-04T11:36:46+05:30,20,voice
CDR-002601,916641395672,917989228447,2025-02-04T12:02:06+05:30,0,sms
CDR-002602,916194464851,918823052386,2025-02-04T12:04:36+05:30,56,voice
CDR-002603,916641395672,916022038739,2025-02-04T12:14:39+05:30,66,voice
CDR-002604,916424188799,916931872820,2025-02-04T12:32:57+05:30,106,voice
CDR-002605,916637885677,918840103823,2025-02-04T12:39:37+05:30,167,voice
CDR-002606,919647323963,916912523398,2025-02-04T12:45:44+05:30,51,voice
CDR-002607,917485979569,917545969696,2025-02-04T12:57:11+05:30,204,voice
CDR-002608,916855008436,917630871663,2025-02-04T13:16:45+05:30,0,sms
CDR-002609,919571619646,916641395672,2025-02-04T13:50:38+05:30,0,sms
CDR-002610,919600233059,919384822654,2025-02-04T14:14:03+05:30,0,sms
CDR-002611,917837617691,918547024696,2025-02-04T14:16:13+05:30,0,sms
CDR-002612,916937699779,916122729730,2025-02-04T14:17:32+05:30,0,sms
CDR-002613,918485143212,917187698223,2025-02-04T14:18:56+05:30,94,voice
CDR-002614,919600233059,916309630372,2025-02-04T14:22:06+05:30,0,sms
CDR-002615,918485143212,917469027111,2025-02-04T14:49:53+05:30,0,sms
CDR-002616,917545969696,918547024696,2025-02-04T15:50:34+05:30,51,voice
CDR-002617,916912523398,919647323963,2025-02-04T16:01:44+05:30,0,sms
CDR-002618,917469027111,919742990720,2025-02-04T16:22:38+05:30,61,voice
CDR-002619,919994738491,917545969696,2025-02-04T16:22:57+05:30,11,voice
CDR-002620,917930732092,919326047954,2025-02-04T16:45:19+05:30,0,sms
CDR-002621,918452335165,919994738491,2025-02-04T16:47:32+05:30,42,voice
CDR-002622,917556372626,916543832315,2025-02-04T17:09:28+05:30,62,voice
CDR-002623,918524624102,918081943102,2025-02-04T17:54:28+05:30,45,voice
CDR-002624,916637885677,916787800822,2025-02-04T18:03:33+05:30,13,voice
CDR-002625,919415717273,916082251340,2025-02-04T18:20:37+05:30,0,sms
CDR-002626,916026997648,918973120296,2025-02-04T18:23:03+05:30,46,voice
CDR-002627,916026997648,918510841654,2025-02-04T18:29:08+05:30,123,voice
CDR-002628,918851286499,917447202903,2025-02-04T18:29:24+05:30,181,voice
CDR-002629,919690393547,917485979569,2025-02-04T18:30:33+05:30,55,voice
CDR-002630,916960990031,916691567852,2025-02-04T18:31:05+05:30,54,voice
CDR-002631,917630871663,918524624102,2025-02-04T18:50:56+05:30,6,voice
CDR-002632,917814266084,919690393547,2025-02-04T19:03:21+05:30,35,voice
CDR-002633,916665802686,916637885677,2025-02-04T19:14:10+05:30,172,voice
CDR-002634,916026997648,918973120296,2025-02-04T19:16:26+05:30,57,voice
CDR-002635,916555122302,919571619646,2025-02-04T19:16:36+05:30,29,voice
CDR-002636,916540081641,917876457943,2025-02-04T19:36:21+05:30,83,voice
CDR-002637,916637885677,917970653224,2025-02-04T19:40:26+05:30,146,voice
CDR-002638,916694321946,918829009322,2025-02-04T19:43:21+05:30,27,voice
CDR-002639,917814266084,918547024696,2025-02-04T19:52:38+05:30,89,voice
CDR-002640,918382865694,918572218538,2025-02-04T20:04:29+05:30,51,voice
CDR-002641,918227250029,917187698223,2025-02-04T20:21:11+05:30,0,sms
CDR-002642,918572218538,918382865694,2025-02-04T20:22:00+05:30,28,voice
CDR-002643,916026997648,918766270784,2025-02-04T20:34:21+05:30,60,voice
CDR-002644,918382865694,916641395672,2025-02-04T20:36:40+05:30,34,voice
CDR-002645,917447202903,916665802686,2025-02-04T20:41:45+05:30,270,voice
CDR-002646,916082251340,917630871663,2025-02-04T21:09:33+05:30,46,voice
CDR-002647,916122729730,916937699779,2025-02-04T21:12:01+05:30,54,voice
CDR-002648,919577944637,918973120296,2025-02-04T21:31:13+05:30,207,voice
CDR-002649,917844273643,917876457943,2025-02-04T21:50:32+05:30,59,voice
CDR-002650,919342059358,918527357736,2025-02-04T21:54:36+05:30,76,voice
CDR-002651,919747267016,916017179896,2025-02-04T22:18:10+05:30,218,voice
CDR-002652,916937699779,916122729730,2025-02-04T22:19:11+05:30,62,voice
CDR-002653,917447202903,916543832315,2025-02-04T22:46:34+05:30,0,sms
CDR-002654,916194464851,917616371951,2025-02-04T22:57:50+05:30,291,voice
CDR-002655,919371826549,917538776094,2025-02-04T23:11:49+05:30,68,voice
CDR-002656,918524624102,919415717273,2025-02-05T00:26:36+05:30,32,voice
CDR-002657,916637885677,916665802686,2025-02-05T02:26:35+05:30,0,sms
CDR-002658,917260443015,916812873288,2025-02-05T06:03:31+05:30,55,voice
CDR-002659,919342059358,918332441743,2025-02-05T06:12:34+05:30,31,voice
CDR-002660,916931872820,919371826549,2025-02-05T06:15:10+05:30,113,voice
CDR-002661,918823052386,917888064876,2025-02-05T06:32:46+05:30,150,voice
CDR-002662,918047654190,918251165584,2025-02-05T06:40:41+05:30,73,voice
CDR-002663,918238710435,918081943102,2025-02-05T07:06:27+05:30,55,voice
CDR-002664,919797302867,916367453616,2025-02-05T07:08:49+05:30,115,voice
CDR-002665,919371826549,916996582331,2025-02-05T07:25:09+05:30,0,sms
CDR-002666,916694321946,916082251340,2025-02-05T07:38:49+05:30,61,voice
CDR-002667,918525720621,919415717273,2025-02-05T08:22:54+05:30,47,voice
CDR-002668,918238710435,917500083076,2025-02-05T09:00:46+05:30,74,voice
CDR-002669,916518301062,916424188799,2025-02-05T09:00:47+05:30,35,voice
CDR-002670,918766270784,919326047954,2025-02-05T09:57:34+05:30,39,voice
CDR-002671,916641395672,919647323963,2025-02-05T10:43:22+05:30,112,voice
CDR-002672,919742990720,916479900999,2025-02-05T10:51:21+05:30,260,voice
CDR-002673,916051518115,916705754068,2025-02-05T11:08:05+05:30,33,voice
CDR-002674,918851286499,916665802686,2025-02-05T11:22:57+05:30,40,voice
CDR-002675,916702951376,917844273643,2025-02-05T11:27:25+05:30,22,voice
CDR-002676,917147613772,919571619646,2025-02-05T11:33:28+05:30,57,voice
CDR-002677,916641395672,917989228447,2025-02-05T11:44:55+05:30,87,voice
CDR-002678,918845716772,916855008436,2025-02-05T11:49:24+05:30,122,voice
CDR-002679,919371826549,917538776094,2025-02-05T12:17:11+05:30,49,voice
CDR-002680,916637885677,918437653138,2025-02-05T12:40:52+05:30,36,voice
CDR-002681,916641395672,919647323963,2025-02-05T12:41:27+05:30,12,voice
CDR-002682,918047654190,918251165584,2025-02-05T12:50:21+05:30,136,voice
CDR-002683,917844273643,918129866499,2025-02-05T13:01:21+05:30,159,voice
CDR-002684,917447202903,916637885677,2025-02-05T13:12:48+05:30,479,voice
CDR-002685,916194464851,917914834602,2025-02-05T13:28:03+05:30,43,voice
CDR-002686,917876457943,918184188031,2025-02-05T13:29:34+05:30,39,voice
CDR-002687,916217338638,916812873288,2025-02-05T13:46:20+05:30,217,voice
CDR-002688,919577944637,916729640279,2025-02-05T14:36:37+05:30,28,voice
CDR-002689,916424188799,916367453616,2025-02-05T14:57:40+05:30,170,voice
CDR-002690,918524624102,919326047954,2025-02-05T15:11:37+05:30,26,voice
CDR-002691,916479900999,919742990720,2025-02-05T15:17:08+05:30,0,sms
CDR-002692,919747267016,916017179896,2025-02-05T15:25:06+05:30,109,voice
CDR-002693,916665802686,917447202903,2025-02-05T15:35:02+05:30,96,voice
CDR-002694,919688936655,916561718843,2025-02-05T15:52:41+05:30,181,voice
CDR-002695,919600233059,916309630372,2025-02-05T16:12:06+05:30,90,voice
CDR-002696,917556372626,916812873288,2025-02-05T16:35:17+05:30,18,voice
CDR-002697,917500083076,917679658289,2025-02-05T16:37:54+05:30,0,sms
CDR-002698,916122729730,919714540957,2025-02-05T16:45:12+05:30,71,voice
CDR-002699,916931872820,917469027111,2025-02-05T16:46:06+05:30,167,voice
CDR-002700,916852224261,916424188799,2025-02-05T17:27:37+05:30,0,sms
CDR-002701,916637885677,917970653224,2025-02-05T17:34:49+05:30,85,voice
CDR-002702,918047654190,916479900999,2025-02-05T18:15:12+05:30,0,sms
CDR-002703,918332441743,918527357736,2025-02-05T18:34:59+05:30,0,sms
CDR-002704,919384822654,916309630372,2025-02-05T19:09:30+05:30,113,voice
CDR-002705,917814266084,917837617691,2025-02-05T19:38:33+05:30,37,voice
CDR-002706,918829009322,916729640279,2025-02-05T19:58:24+05:30,5,voice
CDR-002707,916665802686,916217338638,2025-02-05T19:59:28+05:30,11,voice
CDR-002708,918224632063,919415717273,2025-02-05T20:09:49+05:30,0,sms
CDR-002709,918452335165,919690393547,2025-02-05T20:44:04+05:30,9,voice
CDR-002710,917447202903,916665802686,2025-02-05T20:49:29+05:30,142,voice
CDR-002711,916309630372,916960990031,2025-02-05T21:07:40+05:30,40,voice
CDR-002712,918452335165,917837617691,2025-02-05T21:12:41+05:30,22,voice
CDR-002713,916665802686,916217338638,2025-02-05T21:18:42+05:30,144,voice
CDR-002714,919747267016,918845716772,2025-02-05T21:21:12+05:30,153,voice
CDR-002715,918600238302,916435668733,2025-02-05T21:27:14+05:30,88,voice
CDR-002716,917556372626,916543832315,2025-02-05T21:29:29+05:30,380,voice
CDR-002717,918485143212,917469027111,2025-02-05T21:33:17+05:30,0,sms
CDR-002718,917500083076,916017179896,2025-02-05T21:35:45+05:30,650,voice
CDR-002719,916960990031,917288961107,2025-02-05T21:40:03+05:30,74,voice
CDR-002720,917538776094,919371826549,2025-02-05T21:40:44+05:30,22,voice
CDR-002721,916637885677,916217338638,2025-02-05T21:55:45+05:30,0,sms
CDR-002722,919415717273,917679658289,2025-02-05T22:46:47+05:30,79,voice
CDR-002723,916518301062,916424188799,2025-02-05T22:49:44+05:30,48,voice
CDR-002724,919690393547,916217338638,2025-02-05T22:50:55+05:30,8,voice
CDR-002725,916641395672,919896703780,2025-02-05T23:01:23+05:30,15,voice
CDR-002726,916017179896,919747267016,2025-02-05T23:25:16+05:30,20,voice
CDR-002727,918485143212,917469027111,2025-02-05T23:27:34+05:30,163,voice
CDR-002728,919600233059,917876457943,2025-02-05T23:56:51+05:30,143,voice
CDR-002729,919896703780,916309630372,2025-02-06T00:36:34+05:30,595,voice
CDR-002730,918829009322,916694321946,2025-02-06T00:47:25+05:30,33,voice
CDR-002731,916876538782,917679658289,2025-02-06T02:05:22+05:30,26,voice
CDR-002732,919415717273,918829009322,2025-02-06T03:20:59+05:30,77,voice
CDR-002733,916653793670,918517802039,2025-02-06T05:59:02+05:30,27,voice
CDR-002734,917545969696,919690393547,2025-02-06T06:03:39+05:30,69,voice
CDR-002735,916812873288,916787800822,2025-02-06T06:13:53+05:30,417,voice
CDR-002736,919415717273,916082251340,2025-02-06T06:28:14+05:30,111,voice
CDR-002737,916931872820,917914834602,2025-02-06T06:48:25+05:30,56,voice
CDR-002738,919994738491,917837617691,2025-02-06T06:58:10+05:30,0,sms
CDR-002739,918524624102,919326047954,2025-02-06T07:02:04+05:30,170,voice
CDR-002740,919772591901,916509638924,2025-02-06T07:11:09+05:30,27,voice
CDR-002741,916309630372,919600233059,2025-02-06T07:22:38+05:30,11,voice
CDR-002742,919326047954,918510841654,2025-02-06T07:33:57+05:30,61,voice
CDR-002743,919571619646,916641395672,2025-02-06T07:52:13+05:30,95,voice
CDR-002744,919571619646,916641395672,2025-02-06T08:06:39+05:30,67,voice
CDR-002745,918251165584,917914834602,2025-02-06T08:08:22+05:30,0,sms
CDR-002746,918485143212,917469027111,2025-02-06T08:11:09+05:30,39,voice
CDR-002747,918224632063,917388520357,2025-02-06T08:23:41+05:30,87,voice
CDR-002748,916935101816,916931872820,2025-02-06T08:32:38+05:30,240,voice
CDR-002749,916937699779,916122729730,2025-02-06T09:02:54+05:30,55,voice
CDR-002750,916637885677,918437653138,2025-02-06T09:04:49+05:30,71,voice
CDR-002751,916937699779,916122729730,2025-02-06T10:10:29+05:30,30,voice
CDR-002752,918766270784,917930732092,2025-02-06T10:19:35+05:30,87,voice
CDR-002753,916852224261,916367453616,2025-02-06T10:24:00+05:30,53,voice
CDR-002754,918332441743,919342059358,2025-02-06T10:35:01+05:30,31,voice
CDR-002755,917556372626,916812873288,2025-02-06T10:48:15+05:30,78,voice
CDR-002756,917679658289,919577944637,2025-02-06T11:48:47+05:30,45,voice
CDR-002757,919690393547,917814266084,2025-02-06T11:58:34+05:30,269,voice
CDR-002758,919415717273,918829009322,2025-02-06T12:04:20+05:30,162,voice
CDR-002759,916641395672,919571619646,2025-02-06T12:05:28+05:30,25,voice
CDR-002760,919896703780,916309630372,2025-02-06T12:05:54+05:30,55,voice
CDR-002761,916729640279,918840103823,2025-02-06T12:10:50+05:30,27,voice
CDR-002762,917730176490,916641395672,2025-02-06T12:28:23+05:30,201,voice
CDR-002763,918829009322,918524624102,2025-02-06T12:29:59+05:30,0,sms
CDR-002764,917260443015,916435668733,2025-02-06T12:42:13+05:30,62,voice
CDR-002765,916931872820,916424188799,2025-02-06T12:47:29+05:30,85,voice
CDR-002766,916997171985,916309630372,2025-02-06T12:51:02+05:30,30,voice
CDR-002767,917814266084,918547024696,2025-02-06T12:52:15+05:30,161,voice
CDR-002768,916702951376,916540081641,2025-02-06T12:53:28+05:30,50,voice
CDR-002769,918510841654,918973120296,2025-02-06T12:58:42+05:30,0,sms
CDR-002770,919690393547,917485979569,2025-02-06T13:09:31+05:30,133,voice
CDR-002771,918452335165,918547024696,2025-02-06T14:00:10+05:30,0,sms
CDR-002772,917837617691,918547024696,2025-02-06T14:30:46+05:30,10,voice
CDR-002773,917914834602,918572218538,2025-02-06T14:55:39+05:30,10,voice
CDR-002774,917311481954,917994279003,2025-02-06T14:58:03+05:30,87,voice
CDR-002775,916997171985,919688936655,2025-02-06T15:06:10+05:30,77,voice
CDR-002776,916375107792,916702951376,2025-02-06T15:15:51+05:30,261,voice
CDR-002777,917914834602,916535545166,2025-02-06T15:35:56+05:30,405,voice
CDR-002778,916729640279,918840103823,2025-02-06T16:46:38+05:30,87,voice
CDR-002779,918452335165,919690393547,2025-02-06T16:50:02+05:30,38,voice
CDR-002780,918829009322,916729640279,2025-02-06T17:19:57+05:30,95,voice
CDR-002781,916770012075,917268526587,2025-02-06T17:22:00+05:30,52,voice
CDR-002782,919577944637,916293377920,2025-02-06T17:28:05+05:30,43,voice
CDR-002783,919577944637,919326047954,2025-02-06T17:53:31+05:30,31,voice
CDR-002784,916770012075,917268526587,2025-02-06T18:10:22+05:30,214,voice
CDR-002785,917353300525,916325845808,2025-02-06T19:16:09+05:30,68,voice
CDR-002786,916275552433,916691567852,2025-02-06T19:23:57+05:30,91,voice
CDR-002787,918437653138,916435668733,2025-02-06T19:33:56+05:30,56,voice
CDR-002788,918452335165,919994738491,2025-02-06T19:52:28+05:30,29,voice
CDR-002789,917876457943,916997171985,2025-02-06T19:58:21+05:30,203,voice
CDR-002790,917500083076,919136751526,2025-02-06T20:49:26+05:30,43,voice
CDR-002791,916637885677,918437653138,2025-02-06T21:01:46+05:30,12,voice
CDR-002792,917447202903,916665802686,2025-02-06T21:19:26+05:30,83,voice
CDR-002793,917844273643,916849321768,2025-02-06T21:30:51+05:30,0,sms
CDR-002794,919744215949,919714540957,2025-02-06T21:44:32+05:30,41,voice
CDR-002795,919371826549,917876587248,2025-02-06T21:49:25+05:30,48,voice
CDR-002796,916194464851,918823052386,2025-02-06T21:56:49+05:30,121,voice
CDR-002797,916479900999,918485143212,2025-02-06T22:19:16+05:30,18,voice
CDR-002798,916309630372,919896703780,2025-02-06T22:31:04+05:30,180,voice
CDR-002799,917187698223,916996582331,2025-02-06T23:10:03+05:30,140,voice
CDR-002800,916637885677,917485979569,2025-02-06T23:12:12+05:30,14,voice
CDR-002801,916518301062,916367453616,2025-02-06T23:14:46+05:30,35,voice
CDR-002802,918680810632,917814266084,2025-02-06T23:15:59+05:30,147,voice
CDR-002803,919571619646,919647323963,2025-02-06T23:16:50+05:30,54,voice
CDR-002804,916026997648,918766270784,2025-02-07T00:23:20+05:30,10,voice
CDR-002805,919119219019,916325845808,2025-02-07T01:22:23+05:30,49,voice
CDR-002806,917930732092,918973120296,2025-02-07T04:09:01+05:30,177,voice
CDR-002807,918547024696,917814266084,2025-02-07T05:09:14+05:30,107,voice
CDR-002808,918485143212,917469027111,2025-02-07T06:47:08+05:30,26,voice
CDR-002809,917388520357,916051518115,2025-02-07T06:47:38+05:30,27,voice
CDR-002810,919571619646,916641395672,2025-02-07T06:53:49+05:30,35,voice
CDR-002811,919714540957,916937699779,2025-02-07T07:00:45+05:30,0,sms
CDR-002812,916787800822,918547024696,2025-02-07T07:07:17+05:30,125,voice
CDR-002813,916026997648,919577944637,2025-02-07T07:08:01+05:30,40,voice
CDR-002814,916996582331,917187698223,2025-02-07T07:24:00+05:30,15,voice
CDR-002815,916996582331,918227250029,2025-02-07T08:28:04+05:30,84,voice
CDR-002816,916729640279,918829009322,2025-02-07T08:29:40+05:30,126,voice
CDR-002817,917260443015,916543832315,2025-02-07T08:52:01+05:30,72,voice
CDR-002818,916424188799,916931872820,2025-02-07T09:08:20+05:30,104,voice
CDR-002819,916996582331,917187698223,2025-02-07T09:45:42+05:30,133,voice
CDR-002820,916275552433,916691567852,2025-02-07T10:09:02+05:30,70,voice
CDR-002821,918843189740,918063398568,2025-02-07T10:13:27+05:30,46,voice
CDR-002822,916275552433,916691567852,2025-02-07T10:54:19+05:30,177,voice
CDR-002823,918437653138,916435668733,2025-02-07T11:32:02+05:30,0,sms
CDR-002824,916787800822,916665802686,2025-02-07T11:34:51+05:30,5,voice
CDR-002825,917814266084,918547024696,2025-02-07T11:50:29+05:30,57,voice
CDR-002826,916997171985,916375107792,2025-02-07T12:42:43+05:30,0,sms
CDR-002827,918829009322,916694321946,2025-02-07T13:21:36+05:30,74,voice
CDR-002828,918452335165,919690393547,2025-02-07T13:54:57+05:30,90,voice
CDR-002829,916194464851,917616371951,2025-02-07T14:07:15+05:30,0,sms
CDR-002830,918510841654,917630871663,2025-02-07T14:15:35+05:30,21,voice
CDR-002831,916424188799,916852224261,2025-02-07T14:19:35+05:30,0,sms
CDR-002832,916435668733,916055439146,2025-02-07T14:25:44+05:30,15,voice
CDR-002833,916026997648,919577944637,2025-02-07T14:30:32+05:30,63,voice
CDR-002834,919747267016,918829009322,2025-02-07T14:36:19+05:30,79,voice
CDR-002835,918547024696,918452335165,2025-02-07T14:48:25+05:30,67,voice
CDR-002836,916479900999,916852224261,2025-02-07T15:17:38+05:30,30,voice
CDR-002837,916876538782,917630871663,2025-02-07T15:32:02+05:30,78,voice
CDR-002838,918680810632,918437653138,2025-02-07T15:33:08+05:30,49,voice
CDR-002839,916665802686,917447202903,2025-02-07T16:05:49+05:30,53,voice
CDR-002840,918547024696,917837617691,2025-02-07T16:10:09+05:30,67,voice
CDR-002841,917844273643,917147613772,2025-02-07T16:23:27+05:30,32,voice
CDR-002842,916996582331,919371826549,2025-02-07T16:29:13+05:30,37,voice
CDR-002843,918510841654,916026997648,2025-02-07T16:49:24+05:30,308,voice
CDR-002844,916367453616,916518301062,2025-02-07T17:05:02+05:30,87,voice
CDR-002845,918227250029,917187698223,2025-02-07T17:15:13+05:30,76,voice
CDR-002846,919371826549,916931872820,2025-02-07T17:33:58+05:30,66,voice
CDR-002847,917556372626,918680810632,2025-02-07T18:16:08+05:30,81,voice
CDR-002848,916997171985,916309630372,2025-02-07T18:33:11+05:30,94,voice
CDR-002849,917447202903,916665802686,2025-02-07T18:52:05+05:30,0,sms
CDR-002850,916665802686,916787800822,2025-02-07T19:02:59+05:30,98,voice
CDR-002851,918452335165,917545969696,2025-02-07T19:06:22+05:30,0,sms
CDR-002852,918224632063,916051518115,2025-02-07T19:08:26+05:30,185,voice
CDR-002853,917288961107,916960990031,2025-02-07T19:27:23+05:30,0,sms
CDR-002854,918525720621,919577944637,2025-02-07T19:29:53+05:30,24,voice
CDR-002855,916855008436,916509638924,2025-02-07T19:33:49+05:30,61,voice
CDR-002856,916937699779,916122729730,2025-02-07T19:34:05+05:30,28,voice
CDR-002857,916435668733,918437653138,2025-02-07T19:39:20+05:30,71,voice
CDR-002858,916694321946,916082251340,2025-02-07T20:09:17+05:30,15,voice
CDR-002859,919415717273,916694321946,2025-02-07T20:38:07+05:30,0,sms
CDR-002860,916691567852,916275552433,2025-02-07T20:38:37+05:30,40,voice
CDR-002861,917844273643,918129866499,2025-02-07T20:46:48+05:30,16,voice
CDR-002862,919577944637,919415717273,2025-02-07T20:52:29+05:30,43,voice
CDR-002863,917260443015,917353300525,2025-02-07T21:03:07+05:30,360,voice
CDR-002864,919747267016,917388520357,2025-02-07T21:03:46+05:30,119,voice
CDR-002865,916641395672,919571619646,2025-02-07T21:29:59+05:30,26,voice
CDR-002866,916051518115,918224632063,2025-02-07T21:34:07+05:30,222,voice
CDR-002867,918452335165,919994738491,2025-02-07T21:47:19+05:30,76,voice
CDR-002868,918600238302,918437653138,2025-02-07T22:10:23+05:30,93,voice
CDR-002869,919688936655,919153442407,2025-02-07T22:30:13+05:30,12,voice
CDR-002870,916509638924,916082251340,2025-02-07T22:31:59+05:30,100,voice
CDR-002871,916641395672,917989228447,2025-02-07T22:32:14+05:30,7,voice
CDR-002872,919577944637,919326047954,2025-02-07T22:45:30+05:30,41,voice
CDR-002873,918047654190,918065255396,2025-02-07T22:49:56+05:30,80,voice
CDR-002874,919747267016,917388520357,2025-02-07T22:50:48+05:30,26,voice
CDR-002875,916997171985,916309630372,2025-02-07T22:52:27+05:30,130,voice
CDR-002876,916912523398,919647323963,2025-02-07T22:52:39+05:30,52,voice
CDR-002877,917844273643,917876457943,2025-02-07T23:02:41+05:30,50,voice
CDR-002878,919415717273,918224632063,2025-02-07T23:03:33+05:30,62,voice
CDR-002879,917447202903,916665802686,2025-02-07T23:16:33+05:30,25,voice
CDR-002880,919600233059,916309630372,2025-02-07T23:19:59+05:30,136,voice
CDR-002881,916694321946,919415717273,2025-02-07T23:23:54+05:30,88,voice
CDR-002882,917730176490,919571619646,2025-02-07T23:27:20+05:30,0,sms
CDR-002883,916729640279,918829009322,2025-02-07T23:43:48+05:30,183,voice
CDR-002884,918973120296,919577944637,2025-02-07T23:50:12+05:30,106,voice
CDR-002885,917952549560,916017179896,2025-02-08T01:59:49+05:30,17,voice
CDR-002886,916424188799,916931872820,2025-02-08T02:14:42+05:30,17,voice
CDR-002887,916122729730,919714540957,2025-02-08T03:17:01+05:30,38,voice
CDR-002888,919342059358,918332441743,2025-02-08T06:28:30+05:30,116,voice
CDR-002889,918382865694,918572218538,2025-02-08T06:48:38+05:30,0,sms
CDR-002890,917930732092,918973120296,2025-02-08T06:49:51+05:30,84,voice
CDR-002891,916694321946,916509638924,2025-02-08T07:03:29+05:30,36,voice
CDR-002892,916637885677,917447202903,2025-02-08T07:05:34+05:30,36,voice
CDR-002893,918572218538,917914834602,2025-02-08T07:11:49+05:30,72,voice
CDR-002894,918452335165,919690393547,2025-02-08T07:17:20+05:30,23,voice
CDR-002895,918525720621,919415717273,2025-02-08T07:22:14+05:30,100,voice
CDR-002896,916309630372,916960990031,2025-02-08T07:23:53+05:30,301,voice
CDR-002897,919326047954,919577944637,2025-02-08T07:32:17+05:30,92,voice
CDR-002898,916325845808,919119219019,2025-02-08T07:47:17+05:30,12,voice
CDR-002899,916996582331,916852224261,2025-02-08T08:17:03+05:30,114,voice
CDR-002900,916849321768,919600233059,2025-02-08T08:19:28+05:30,38,voice
CDR-002901,916855008436,918063398568,2025-02-08T08:21:40+05:30,67,voice
CDR-002902,916194464851,916931872820,2025-02-08T08:45:32+05:30,107,voice
CDR-002903,917545969696,918547024696,2025-02-08T08:56:39+05:30,25,voice
CDR-002904,917556372626,917260443015,2025-02-08T10:13:19+05:30,23,voice
CDR-002905,917447202903,918851286499,2025-02-08T10:17:47+05:30,50,voice
CDR-002906,916309630372,917970653224,2025-02-08T10:42:38+05:30,86,voice
CDR-002907,916051518115,916017179896,2025-02-08T10:44:36+05:30,43,voice
CDR-002908,919275070531,919136751526,2025-02-08T10:56:11+05:30,105,voice
CDR-002909,916931872820,917469027111,2025-02-08T11:01:52+05:30,0,sms
CDR-002910,919714540957,916937699779,2025-02-08T11:06:32+05:30,301,voice
CDR-002911,918973120296,916026997648,2025-02-08T11:08:05+05:30,28,voice
CDR-002912,918843189740,917187698223,2025-02-08T11:21:16+05:30,60,voice
CDR-002913,919326047954,919577944637,2025-02-08T11:23:12+05:30,38,voice
CDR-002914,916852224261,916424188799,2025-02-08T11:24:32+05:30,0,sms
CDR-002915,916509638924,917994279003,2025-02-08T11:29:19+05:30,73,voice
CDR-002916,919994738491,918452335165,2025-02-08T11:57:16+05:30,24,voice
CDR-002917,918843189740,917187698223,2025-02-08T12:31:01+05:30,20,voice
CDR-002918,917914834602,916931872820,2025-02-08T12:53:27+05:30,63,voice
CDR-002919,916637885677,917846947792,2025-02-08T13:04:36+05:30,0,sms
CDR-002920,916223553521,917919104175,2025-02-08T13:15:55+05:30,46,voice
CDR-002921,918251165584,917914834602,2025-02-08T13:52:47+05:30,0,sms
CDR-002922,918437653138,918680810632,2025-02-08T13:53:16+05:30,0,sms
CDR-002923,916691567852,916275552433,2025-02-08T14:00:11+05:30,20,voice
CDR-002924,918452335165,916435668733,2025-02-08T14:01:37+05:30,63,voice
CDR-002925,916375107792,919647323963,2025-02-08T15:04:51+05:30,344,voice
CDR-002926,916931872820,916194464851,2025-02-08T15:12:54+05:30,149,voice
CDR-002927,919896703780,916275552433,2025-02-08T15:28:51+05:30,81,voice
CDR-002928,917989228447,917730176490,2025-02-08T15:32:43+05:30,57,voice
CDR-002929,919896703780,916641395672,2025-02-08T15:38:10+05:30,73,voice
CDR-002930,919647323963,917989228447,2025-02-08T16:05:49+05:30,44,voice
CDR-002931,917679658289,918829009322,2025-02-08T16:35:08+05:30,14,voice
CDR-002932,916665802686,916637885677,2025-02-08T16:39:33+05:30,78,voice
CDR-002933,918227250029,916996582331,2025-02-08T16:39:54+05:30,72,voice
CDR-002934,918524624102,918829009322,2025-02-08T16:41:38+05:30,271,voice
CDR-002935,919744215949,919714540957,2025-02-08T16:55:41+05:30,20,voice
CDR-002936,917260443015,917353300525,2025-02-08T17:23:23+05:30,161,voice
CDR-002937,918547024696,917837617691,2025-02-08T17:25:52+05:30,55,voice
CDR-002938,917469027111,916424188799,2025-02-08T17:27:34+05:30,43,voice
CDR-002939,917538776094,918063398568,2025-02-08T17:45:10+05:30,8,voice
CDR-002940,918547024696,916217338638,2025-02-08T17:47:16+05:30,85,voice
CDR-002941,918680810632,917311481954,2025-02-08T18:04:52+05:30,0,sms
CDR-002942,917388520357,916051518115,2025-02-08T18:06:22+05:30,14,voice
CDR-002943,916026997648,918973120296,2025-02-08T18:13:36+05:30,0,sms
CDR-002944,919714540957,916770012075,2025-02-08T18:26:09+05:30,15,voice
CDR-002945,919896703780,917844273643,2025-02-08T18:28:37+05:30,264,voice
CDR-002946,916960990031,917288961107,2025-02-08T18:33:42+05:30,33,voice
CDR-002947,916691567852,916275552433,2025-02-08T18:35:20+05:30,35,voice
CDR-002948,916702951376,917876457943,2025-02-08T18:45:32+05:30,77,voice
CDR-002949,918527357736,917876587248,2025-02-08T18:48:05+05:30,129,voice
CDR-002950,917970653224,916637885677,2025-02-08T18:48:27+05:30,44,voice
CDR-002951,917679658289,916876538782,2025-02-08T18:55:25+05:30,203,voice
CDR-002952,919797302867,916931872820,2025-02-08T19:03:21+05:30,94,voice
CDR-002953,918224632063,919415717273,2025-02-08T19:29:09+05:30,0,sms
CDR-002954,919577944637,917930732092,2025-02-08T19:46:16+05:30,0,sms
CDR-002955,917837617691,918547024696,2025-02-08T19:58:54+05:30,12,voice
CDR-002956,917469027111,916424188799,2025-02-08T20:43:25+05:30,34,voice
CDR-002957,919747267016,917388520357,2025-02-08T21:16:22+05:30,148,voice
CDR-002958,916535545166,917914834602,2025-02-08T21:42:47+05:30,16,voice
CDR-002959,916855008436,917630871663,2025-02-08T21:50:05+05:30,84,voice
CDR-002960,917930732092,919326047954,2025-02-08T22:10:20+05:30,0,sms
CDR-002961,917268526587,917919104175,2025-02-08T23:50:45+05:30,22,voice
CDR-002962,916691567852,916960990031,2025-02-08T23:52:13+05:30,0,sms
CDR-002963,917556372626,916812873288,2025-02-09T00:52:24+05:30,136,voice
CDR-002964,918238710435,917679658289,2025-02-09T01:55:39+05:30,92,voice
CDR-002965,917447202903,916665802686,2025-02-09T03:59:13+05:30,46,voice
CDR-002966,916665802686,916637885677,2025-02-09T04:13:28+05:30,56,voice
CDR-002967,917679658289,916876538782,2025-02-09T04:14:47+05:30,91,voice
CDR-002968,917814266084,918547024696,2025-02-09T06:17:44+05:30,61,voice
CDR-002969,916641395672,917989228447,2025-02-09T06:25:11+05:30,46,voice
CDR-002970,916194464851,917616371951,2025-02-09T06:28:21+05:30,226,voice
CDR-002971,919647323963,917876457943,2025-02-09T06:30:19+05:30,0,sms
CDR-002972,916637885677,918840103823,2025-02-09T06:45:13+05:30,57,voice
CDR-002973,916665802686,918851286499,2025-02-09T07:06:35+05:30,36,voice
CDR-002974,919577944637,918766270784,2025-02-09T07:30:23+05:30,0,sms
CDR-002975,919714540957,916770012075,2025-02-09T07:57:56+05:30,120,voice
CDR-002976,916912523398,919647323963,2025-02-09T08:23:06+05:30,124,voice
CDR-002977,916641395672,918382865694,2025-02-09T08:24:39+05:30,71,voice
CDR-002978,916082251340,919415717273,2025-02-09T08:50:15+05:30,16,voice
CDR-002979,916122729730,916937699779,2025-02-09T09:10:10+05:30,26,voice
CDR-002980,918572218538,919797302867,2025-02-09T09:17:12+05:30,28,voice
CDR-002981,918510841654,917679658289,2025-02-09T10:15:53+05:30,32,voice
CDR-002982,917616371951,916194464851,2025-02-09T10:55:02+05:30,60,voice
CDR-002983,919153442407,919688936655,2025-02-09T10:59:41+05:30,113,voice
CDR-002984,919384822654,916849321768,2025-02-09T11:06:45+05:30,44,voice
CDR-002985,916852224261,916479900999,2025-02-09T11:15:30+05:30,25,voice
CDR-002986,916812873288,917485979569,2025-02-09T11:23:19+05:30,36,voice
CDR-002987,916424188799,918843189740,2025-02-09T11:31:44+05:30,18,voice
CDR-002988,916082251340,917630871663,2025-02-09T11:45:28+05:30,73,voice
CDR-002989,916665802686,916637885677,2025-02-09T11:54:25+05:30,39,voice
CDR-002990,919371826549,916996582331,2025-02-09T12:12:53+05:30,29,voice
CDR-002991,919688936655,919153442407,2025-02-09T12:35:45+05:30,16,voice
CDR-002992,919688936655,916561718843,2025-02-09T13:30:44+05:30,62,voice
CDR-002993,916026997648,918766270784,2025-02-09T13:31:59+05:30,34,voice
CDR-002994,918843189740,916424188799,2025-02-09T13:36:36+05:30,58,voice
CDR-002995,916223553521,917268526587,2025-02-09T13:37:08+05:30,23,voice
CDR-002996,917545969696,918547024696,2025-02-09T14:31:35+05:30,8,voice
CDR-002997,919688936655,919153442407,2025-02-09T14:35:00+05:30,47,voice
CDR-002998,918525720621,919772591901,2025-02-09T14:39:12+05:30,462,voice
CDR-002999,919690393547,917814266084,2025-02-09T14:46:39+05:30,52,voice
CDR-003000,918382865694,916641395672,2025-02-09T15:08:31+05:30,107,voice
CDR-003001,918766270784,917930732092,2025-02-09T15:15:51+05:30,260,voice
CDR-003002,919415717273,916082251340,2025-02-09T15:17:29+05:30,50,voice
CDR-003003,919415717273,917679658289,2025-02-09T15:17:32+05:30,0,sms
CDR-003004,917545969696,918452335165,2025-02-09T15:49:30+05:30,43,voice
CDR-003005,916770012075,917268526587,2025-02-09T15:53:22+05:30,24,voice
CDR-003006,916518301062,918081943102,2025-02-09T16:09:10+05:30,53,voice
CDR-003007,916367453616,919742990720,2025-02-09T16:15:28+05:30,75,voice
CDR-003008,917876457943,917844273643,2025-02-09T16:21:55+05:30,292,voice
CDR-003009,918227250029,916996582331,2025-02-09T16:27:24+05:30,17,voice
CDR-003010,916122729730,919714540957,2025-02-09T16:38:05+05:30,25,voice
CDR-003011,918251165584,916535545166,2025-02-09T16:55:50+05:30,34,voice
CDR-003012,918527357736,919342059358,2025-02-09T16:56:56+05:30,98,voice
CDR-003013,916702951376,917147613772,2025-02-09T17:06:44+05:30,0,sms
CDR-003014,917679658289,917288961107,2025-02-09T17:22:00+05:30,812,voice
CDR-003015,916309630372,917970653224,2025-02-09T17:27:21+05:30,164,voice
CDR-003016,918524624102,919415717273,2025-02-09T17:31:49+05:30,151,voice
CDR-003017,919571619646,916641395672,2025-02-09T18:55:29+05:30,41,voice
CDR-003018,919415717273,918525720621,2025-02-09T19:00:27+05:30,20,voice
CDR-003019,919797302867,916424188799,2025-02-09T19:04:14+05:30,43,voice
CDR-003020,917500083076,917679658289,2025-02-09T19:29:11+05:30,111,voice
CDR-003021,917837617691,918547024696,2025-02-09T19:57:11+05:30,25,voice
CDR-003022,916026997648,919577944637,2025-02-09T20:11:48+05:30,74,voice
CDR-003023,917288961107,916960990031,2025-02-09T20:31:25+05:30,74,voice
CDR-003024,916996582331,917187698223,2025-02-09T20:40:00+05:30,0,sms
CDR-003025,916543832315,917260443015,2025-02-09T21:03:12+05:30,295,voice
CDR-003026,916637885677,916665802686,2025-02-09T21:04:15+05:30,198,voice
CDR-003027,916509638924,917630871663,2025-02-09T21:23:21+05:30,145,voice
CDR-003028,916026997648,917930732092,2025-02-09T21:26:51+05:30,37,voice
CDR-003029,919415717273,917679658289,2025-02-09T21:51:13+05:30,64,voice
CDR-003030,917311481954,918547024696,2025-02-09T21:56:03+05:30,47,voice
CDR-003031,916424188799,916852224261,2025-02-09T22:31:36+05:30,51,voice
CDR-003032,918382865694,918251165584,2025-02-09T22:31:51+05:30,536,voice
CDR-003033,919577944637,918766270784,2025-02-09T22:36:02+05:30,57,voice
CDR-003034,917147613772,918184188031,2025-02-09T22:58:21+05:30,170,voice
CDR-003035,919747267016,918829009322,2025-02-09T22:59:54+05:30,48,voice
CDR-003036,916931872820,916424188799,2025-02-09T23:06:09+05:30,85,voice
CDR-003037,917876457943,916849321768,2025-02-09T23:15:32+05:30,74,voice
CDR-003038,917970653224,916309630372,2025-02-09T23:31:47+05:30,133,voice
CDR-003039,919384822654,916849321768,2025-02-09T23:42:18+05:30,5,voice
CDR-003040,916082251340,916855008436,2025-02-09T23:47:15+05:30,76,voice
CDR-003041,919384822654,916849321768,2025-02-09T23:49:51+05:30,0,sms
CDR-003042,918184188031,917147613772,2025-02-09T23:58:56+05:30,85,voice
CDR-003043,919153442407,919688936655,2025-02-10T00:10:59+05:30,54,voice
CDR-003044,916996582331,917538776094,2025-02-10T01:53:19+05:30,61,voice
CDR-003045,919600233059,919384822654,2025-02-10T02:23:08+05:30,196,voice
CDR-003046,918680810632,918437653138,2025-02-10T02:28:07+05:30,105,voice
CDR-003047,916082251340,916509638924,2025-02-10T05:21:35+05:30,54,voice
CDR-003048,919647323963,916912523398,2025-02-10T06:04:12+05:30,0,sms
CDR-003049,916367453616,916424188799,2025-02-10T06:07:25+05:30,73,voice
CDR-003050,917814266084,919690393547,2025-02-10T06:44:28+05:30,13,voice
CDR-003051,919647323963,917994279003,2025-02-10T07:06:06+05:30,14,voice
CDR-003052,919690393547,918547024696,2025-02-10T07:36:46+05:30,29,voice
CDR-003053,917989228447,919571619646,2025-02-10T07:47:21+05:30,25,voice
CDR-003054,916937699779,919744215949,2025-02-10T07:53:08+05:30,60,voice
CDR-003055,916665802686,917837617691,2025-02-10T08:00:19+05:30,13,voice
CDR-003056,919647323963,916912523398,2025-02-10T08:02:01+05:30,39,voice
CDR-003057,918382865694,916022038739,2025-02-10T08:20:52+05:30,101,voice
CDR-003058,917952549560,916017179896,2025-02-10T09:22:01+05:30,61,voice
CDR-003059,918771974035,916309630372,2025-02-10T09:57:40+05:30,30,voice
CDR-003060,918382865694,916518301062,2025-02-10T10:05:03+05:30,30,voice
CDR-003061,916691567852,917288961107,2025-02-10T10:09:23+05:30,67,voice
CDR-003062,918524624102,919415717273,2025-02-10T10:18:24+05:30,137,voice
CDR-003063,919326047954,918973120296,2025-02-10T10:20:54+05:30,33,voice
CDR-003064,916637885677,916665802686,2025-02-10T10:26:59+05:30,137,voice
CDR-003065,916855008436,917630871663,2025-02-10T11:02:47+05:30,98,voice
CDR-003066,916996582331,917538776094,2025-02-10T11:04:28+05:30,130,voice
CDR-003067,917447202903,918851286499,2025-02-10T11:35:06+05:30,0,sms
CDR-003068,917679658289,919577944637,2025-02-10T11:54:54+05:30,90,voice
CDR-003069,917630871663,916082251340,2025-02-10T12:11:49+05:30,72,voice
CDR-003070,916787800822,916665802686,2025-02-10T12:24:48+05:30,96,voice
CDR-003071,919797302867,918572218538,2025-02-10T12:47:24+05:30,0,sms
CDR-003072,917679658289,916509638924,2025-02-10T13:05:40+05:30,12,voice
CDR-003073,916694321946,916082251340,2025-02-10T13:22:19+05:30,57,voice
CDR-003074,919415717273,917679658289,2025-02-10T13:43:20+05:30,249,voice
CDR-003075,916641395672,917730176490,2025-02-10T13:53:07+05:30,28,voice
CDR-003076,918973120296,918510841654,2025-02-10T13:58:00+05:30,0,sms
CDR-003077,916026997648,918766270784,2025-02-10T14:05:15+05:30,109,voice
CDR-003078,917679658289,916055439146,2025-02-10T14:12:59+05:30,38,voice
CDR-003079,916518301062,916367453616,2025-02-10T14:26:39+05:30,186,voice
CDR-003080,916479900999,918485143212,2025-02-10T14:28:37+05:30,0,sms
CDR-003081,918843189740,917187698223,2025-02-10T15:04:52+05:30,29,voice
CDR-003082,916217338638,916665802686,2025-02-10T15:09:43+05:30,0,sms
CDR-003083,918452335165,919690393547,2025-02-10T15:09:43+05:30,138,voice
CDR-003084,917730176490,916641395672,2025-02-10T15:18:00+05:30,61,voice
CDR-003085,917500083076,917679658289,2025-02-10T15:26:03+05:30,103,voice
CDR-003086,916641395672,919647323963,2025-02-10T15:35:04+05:30,109,voice
CDR-003087,917930732092,919577944637,2025-02-10T15:37:52+05:30,46,voice
CDR-003088,918845716772,916051518115,2025-02-10T16:23:39+05:30,34,voice
CDR-003089,917914834602,916931872820,2025-02-10T16:24:10+05:30,91,voice
CDR-003090,916543832315,917353300525,2025-02-10T16:48:49+05:30,57,voice
CDR-003091,919647323963,917994279003,2025-02-10T16:49:44+05:30,76,voice
CDR-003092,919690393547,916637885677,2025-02-10T16:52:10+05:30,114,voice
CDR-003093,916518301062,916479900999,2025-02-10T16:52:43+05:30,0,sms
CDR-003094,916518301062,916424188799,2025-02-10T17:31:42+05:30,58,voice
CDR-003095,916555122302,916055439146,2025-02-10T17:39:55+05:30,125,voice
CDR-003096,916082251340,917630871663,2025-02-10T17:58:30+05:30,11,voice
CDR-003097,919326047954,918766270784,2025-02-10T18:09:50+05:30,56,voice
CDR-003098,917353300525,916812873288,2025-02-10T18:19:17+05:30,135,voice
CDR-003099,916535545166,917914834602,2025-02-10T18:22:26+05:30,47,voice
CDR-003100,917260443015,917353300525,2025-02-10T18:36:03+05:30,0,sms
CDR-003101,916931872820,916424188799,2025-02-10T18:52:01+05:30,33,voice
CDR-003102,917679658289,916876538782,2025-02-10T19:03:34+05:30,42,voice
CDR-003103,916665802686,918851286499,2025-02-10T19:42:41+05:30,46,voice
CDR-003104,916997171985,916309630372,2025-02-10T19:55:26+05:30,155,voice
CDR-003105,918224632063,919415717273,2025-02-10T20:21:56+05:30,24,voice
CDR-003106,918047654190,918065255396,2025-02-10T20:24:46+05:30,80,voice
CDR-003107,918251165584,917914834602,2025-02-10T21:06:46+05:30,0,sms
CDR-003108,918452335165,917837617691,2025-02-10T21:38:52+05:30,61,voice
CDR-003109,918524624102,918829009322,2025-02-10T21:55:12+05:30,20,voice
CDR-003110,916997171985,916309630372,2025-02-10T21:55:59+05:30,98,voice
CDR-003111,918238710435,918766270784,2025-02-10T22:00:37+05:30,31,voice
CDR-003112,916509638924,916855008436,2025-02-10T22:08:57+05:30,199,voice
CDR-003113,916435668733,918437653138,2025-02-10T22:10:54+05:30,155,voice
CDR-003114,918600238302,916435668733,2025-02-10T22:25:40+05:30,21,voice
CDR-003115,916518301062,918382865694,2025-02-10T22:27:40+05:30,0,sms
CDR-003116,916435668733,918437653138,2025-02-10T22:40:05+05:30,19,voice
CDR-003117,917545969696,919994738491,2025-02-10T22:56:15+05:30,36,voice
CDR-003118,916665802686,918437653138,2025-02-10T23:13:11+05:30,55,voice
CDR-003119,918452335165,918547024696,2025-02-10T23:16:07+05:30,0,sms
CDR-003120,916082251340,916705754068,2025-02-10T23:30:20+05:30,180,voice
CDR-003121,917500083076,917679658289,2025-02-10T23:32:03+05:30,76,voice
CDR-003122,916937699779,919714540957,2025-02-10T23:34:42+05:30,169,voice
CDR-003123,917311481954,919119219019,2025-02-10T23:42:13+05:30,198,voice
CDR-003124,916997171985,916375107792,2025-02-10T23:45:19+05:30,75,voice
CDR-003125,917288961107,919384822654,2025-02-10T23:51:20+05:30,84,voice
CDR-003126,918572218538,918382865694,2025-02-11T01:35:53+05:30,16,voice
CDR-003127,918485143212,916479900999,2025-02-11T01:40:37+05:30,162,voice
CDR-003128,916051518115,918224632063,2025-02-11T03:14:01+05:30,295,voice
CDR-003129,916637885677,917970653224,2025-02-11T04:16:34+05:30,0,sms
CDR-003130,918829009322,916729640279,2025-02-11T05:11:12+05:30,0,sms
CDR-003131,916641395672,919896703780,2025-02-11T06:23:21+05:30,59,voice
CDR-003132,916996582331,919371826549,2025-02-11T06:49:04+05:30,64,voice
CDR-003133,917556372626,917353300525,2025-02-11T07:09:21+05:30,115,voice
CDR-003134,916309630372,918771974035,2025-02-11T07:17:37+05:30,140,voice
CDR-003135,917952549560,917388520357,2025-02-11T07:27:33+05:30,44,voice
CDR-003136,917268526587,917919104175,2025-02-11T07:29:10+05:30,36,voice
CDR-003137,916217338638,916665802686,2025-02-11T07:51:22+05:30,0,sms
CDR-003138,917952549560,917388520357,2025-02-11T08:20:21+05:30,0,sms
CDR-003139,918437653138,916637885677,2025-02-11T08:33:27+05:30,0,sms
CDR-003140,918772528373,916223553521,2025-02-11T08:59:54+05:30,51,voice
CDR-003141,918843189740,916996582331,2025-02-11T09:32:12+05:30,84,voice
CDR-003142,917679658289,916055439146,2025-02-11T10:20:04+05:30,15,voice
CDR-003143,916194464851,916931872820,2025-02-11T10:56:54+05:30,35,voice
CDR-003144,917147613772,918184188031,2025-02-11T11:15:56+05:30,109,voice
CDR-003145,918973120296,917930732092,2025-02-11T12:02:39+05:30,184,voice
CDR-003146,918224632063,916293377920,2025-02-11T12:05:52+05:30,29,voice
CDR-003147,918251165584,917616371951,2025-02-11T12:19:03+05:30,15,voice
CDR-003148,916641395672,917730176490,2025-02-11T12:55:23+05:30,148,voice
CDR-003149,916275552433,918063398568,2025-02-11T13:01:54+05:30,0,sms
CDR-003150,916931872820,916424188799,2025-02-11T13:06:01+05:30,332,voice
CDR-003151,918452335165,919994738491,2025-02-11T14:28:59+05:30,31,voice
CDR-003152,917353300525,916812873288,2025-02-11T14:31:37+05:30,34,voice
CDR-003153,918510841654,918973120296,2025-02-11T14:31:44+05:30,693,voice
CDR-003154,918680810632,917311481954,2025-02-11T14:33:47+05:30,0,sms
CDR-003155,918851286499,916665802686,2025-02-11T14:51:37+05:30,65,voice
CDR-003156,916960990031,916309630372,2025-02-11T14:55:53+05:30,40,voice
CDR-003157,918224632063,919415717273,2025-02-11T15:01:13+05:30,40,voice
CDR-003158,917679658289,916509638924,2025-02-11T15:07:16+05:30,165,voice
CDR-003159,916275552433,916960990031,2025-02-11T15:11:41+05:30,0,sms
CDR-003160,918184188031,917876457943,2025-02-11T15:21:11+05:30,29,voice
CDR-003161,917679658289,917500083076,2025-02-11T15:40:31+05:30,127,voice
CDR-003162,916931872820,919797302867,2025-02-11T15:55:04+05:30,77,voice
CDR-003163,917260443015,917353300525,2025-02-11T16:19:04+05:30,30,voice
CDR-003164,917485979569,919690393547,2025-02-11T16:25:39+05:30,99,voice
CDR-003165,917630871663,918840103823,2025-02-11T16:26:36+05:30,242,voice
CDR-003166,917930732092,917134946256,2025-02-11T16:55:50+05:30,146,voice
CDR-003167,917679658289,916509638924,2025-02-11T17:23:58+05:30,143,voice
CDR-003168,916641395672,917730176490,2025-02-11T17:26:51+05:30,35,voice
CDR-003169,916367453616,916424188799,2025-02-11T18:04:00+05:30,42,voice
CDR-003170,917469027111,918485143212,2025-02-11T18:29:03+05:30,6,voice
CDR-003171,917447202903,917970653224,2025-02-11T18:46:52+05:30,0,sms
CDR-003172,916852224261,916424188799,2025-02-11T18:58:53+05:30,86,voice
CDR-003173,916367453616,916424188799,2025-02-11T19:01:20+05:30,92,voice
CDR-003174,918224632063,919415717273,2025-02-11T19:04:52+05:30,194,voice
CDR-003175,919744215949,916937699779,2025-02-11T19:06:26+05:30,58,voice
CDR-003176,917876457943,916849321768,2025-02-11T19:17:10+05:30,45,voice
CDR-003177,918527357736,919342059358,2025-02-11T19:17:53+05:30,320,voice
CDR-003178,917679658289,916876538782,2025-02-11T19:20:44+05:30,239,voice
CDR-003179,916702951376,917147613772,2025-02-11T19:46:08+05:30,7,voice
CDR-003180,918437653138,916665802686,2025-02-11T20:06:03+05:30,11,voice
CDR-003181,917353300525,916543832315,2025-02-11T20:10:43+05:30,43,voice
CDR-003182,918224632063,919415717273,2025-02-11T20:43:58+05:30,85,voice
CDR-003183,917914834602,918251165584,2025-02-11T21:01:08+05:30,32,voice
CDR-003184,918184188031,917876457943,2025-02-11T21:46:49+05:30,0,sms
CDR-003185,916223553521,918772528373,2025-02-11T22:04:25+05:30,24,voice
CDR-003186,918766270784,919577944637,2025-02-11T22:05:13+05:30,0,sms
CDR-003187,916424188799,916852224261,2025-02-11T22:12:47+05:30,187,voice
CDR-003188,918238710435,917679658289,2025-02-11T22:54:19+05:30,27,voice
CDR-003189,916637885677,919690393547,2025-02-11T23:04:27+05:30,41,voice
CDR-003190,918845716772,916051518115,2025-02-11T23:09:34+05:30,0,sms
CDR-003191,916960990031,916691567852,2025-02-11T23:30:53+05:30,25,voice
CDR-003192,919153442407,919688936655,2025-02-11T23:54:57+05:30,47,voice
CDR-003193,917679658289,918829009322,2025-02-12T00:40:39+05:30,144,voice
CDR-003194,916931872820,916935101816,2025-02-12T03:21:28+05:30,60,voice
CDR-003195,919896703780,916309630372,2025-02-12T04:32:39+05:30,256,voice
CDR-003196,916424188799,916931872820,2025-02-12T05:12:46+05:30,52,voice
CDR-003197,917311481954,917994279003,2025-02-12T06:01:44+05:30,0,sms
CDR-003198,916641395672,916022038739,2025-02-12T06:26:31+05:30,25,voice
CDR-003199,918547024696,917970653224,2025-02-12T07:28:14+05:30,78,voice
CDR-003200,917919104175,919275070531,2025-02-12T07:32:22+05:30,93,voice
CDR-003201,918382865694,918063398568,2025-02-12T08:05:43+05:30,34,voice
CDR-003202,916912523398,917989228447,2025-02-12T08:22:12+05:30,0,sms
CDR-003203,916435668733,917260443015,2025-02-12T08:32:44+05:30,47,voice
CDR-003204,918823052386,916194464851,2025-02-12T08:55:22+05:30,13,voice
CDR-003205,918251165584,917914834602,2025-02-12T09:19:48+05:30,5,voice
CDR-003206,918973120296,918829009322,2025-02-12T10:46:21+05:30,0,sms
CDR-003207,919577944637,918973120296,2025-02-12T11:21:05+05:30,62,voice
CDR-003208,919571619646,916555122302,2025-02-12T11:43:33+05:30,73,voice
CDR-003209,916555122302,917989228447,2025-02-12T11:52:39+05:30,69,voice
CDR-003210,917844273643,916702951376,2025-02-12T11:53:38+05:30,74,voice
CDR-003211,916435668733,917260443015,2025-02-12T11:54:24+05:30,95,voice
CDR-003212,917311481954,918547024696,2025-02-12T12:04:12+05:30,0,sms
CDR-003213,918547024696,917970653224,2025-02-12T12:10:42+05:30,108,voice
CDR-003214,917679658289,919415717273,2025-02-12T12:21:12+05:30,507,voice
CDR-003215,919326047954,918524624102,2025-02-12T12:49:33+05:30,26,voice
CDR-003216,916479900999,919742990720,2025-02-12T13:22:06+05:30,107,voice
CDR-003217,919797302867,916424188799,2025-02-12T13:40:09+05:30,36,voice
CDR-003218,916960990031,916888840554,2025-02-12T13:41:50+05:30,0,sms
CDR-003219,917147613772,917844273643,2025-02-12T13:44:25+05:30,0,sms
CDR-003220,918437653138,916637885677,2025-02-12T13:45:21+05:30,80,voice
CDR-003221,916637885677,917447202903,2025-02-12T14:09:56+05:30,35,voice
CDR-003222,918251165584,918572218538,2025-02-12T14:17:00+05:30,0,sms
CDR-003223,916937699779,916122729730,2025-02-12T14:21:48+05:30,125,voice
CDR-003224,916812873288,917556372626,2025-02-12T14:23:34+05:30,223,voice
CDR-003225,916518301062,916424188799,2025-02-12T14:39:05+05:30,64,voice
CDR-003226,916309630372,916022038739,2025-02-12T15:09:45+05:30,326,voice
CDR-003227,918332441743,918527357736,2025-02-12T15:13:30+05:30,37,voice
CDR-003228,917679658289,917846947792,2025-02-12T15:18:48+05:30,16,voice
CDR-003229,917260443015,917353300525,2025-02-12T15:21:51+05:30,79,voice
CDR-003230,918437653138,917485979569,2025-02-12T15:29:06+05:30,26,voice
CDR-003231,919415717273,916694321946,2025-02-12T16:09:24+05:30,0,sms
CDR-003232,918510841654,916694321946,2025-02-12T16:17:51+05:30,13,voice
CDR-003233,917970653224,916309630372,2025-02-12T16:22:24+05:30,104,voice
CDR-003234,916424188799,916935101816,2025-02-12T16:27:31+05:30,43,voice
CDR-003235,917844273643,917876457943,2025-02-12T16:39:32+05:30,66,voice
CDR-003236,916812873288,917260443015,2025-02-12T16:54:45+05:30,85,voice
CDR-003237,917919104175,919275070531,2025-02-12T17:56:26+05:30,26,voice
CDR-003238,916561718843,919688936655,2025-02-12T17:56:51+05:30,12,voice
CDR-003239,918452335165,917545969696,2025-02-12T17:58:03+05:30,180,voice
CDR-003240,918452335165,917837617691,2025-02-12T18:42:47+05:30,75,voice
CDR-003241,918238710435,917500083076,2025-02-12T18:53:45+05:30,190,voice
CDR-003242,919994738491,918452335165,2025-02-12T18:59:49+05:30,38,voice
CDR-003243,919119219019,917311481954,2025-02-12T19:00:06+05:30,10,voice
CDR-003244,918527357736,918332441743,2025-02-12T19:13:12+05:30,0,sms
CDR-003245,916931872820,917469027111,2025-02-12T19:31:15+05:30,99,voice
CDR-003246,916543832315,917556372626,2025-02-12T19:45:57+05:30,487,voice
CDR-003247,918600238302,918680810632,2025-02-12T19:49:43+05:30,69,voice
CDR-003248,918065255396,918452335165,2025-02-12T20:09:10+05:30,76,voice
CDR-003249,918238710435,917500083076,2025-02-12T20:17:22+05:30,19,voice
CDR-003250,919647323963,916275552433,2025-02-12T20:20:54+05:30,26,voice
CDR-003251,917814266084,919994738491,2025-02-12T20:32:03+05:30,139,voice
CDR-003252,918973120296,919577944637,2025-02-12T20:34:51+05:30,0,sms
CDR-003253,919647323963,916375107792,2025-02-12T21:27:40+05:30,12,voice
CDR-003254,916637885677,917485979569,2025-02-12T21:35:54+05:30,156,voice
CDR-003255,916375107792,917876457943,2025-02-12T21:52:57+05:30,34,voice
CDR-003256,917876457943,916849321768,2025-02-12T21:58:24+05:30,40,voice
CDR-003257,916194464851,917616371951,2025-02-12T22:26:40+05:30,0,sms
CDR-003258,916812873288,917260443015,2025-02-12T23:06:30+05:30,16,voice
CDR-003259,916849321768,917147613772,2025-02-12T23:30:40+05:30,130,voice
CDR-003260,916852224261,916424188799,2025-02-13T02:46:04+05:30,0,sms
CDR-003261,919600233059,916309630372,2025-02-13T05:14:07+05:30,0,sms
CDR-003262,916931872820,917914834602,2025-02-13T06:06:59+05:30,81,voice
CDR-003263,916509638924,916855008436,2025-02-13T06:22:34+05:30,91,voice
CDR-003264,916852224261,916424188799,2025-02-13T06:31:49+05:30,125,voice
CDR-003265,917388520357,919747267016,2025-02-13T06:50:21+05:30,59,voice
CDR-003266,916026997648,918510841654,2025-02-13T06:56:08+05:30,22,voice
CDR-003267,919415717273,918829009322,2025-02-13T06:57:13+05:30,38,voice
CDR-003268,916309630372,919600233059,2025-02-13T07:02:01+05:30,11,voice
CDR-003269,918851286499,916665802686,2025-02-13T07:07:38+05:30,0,sms
CDR-003270,916375107792,917876457943,2025-02-13T07:29:47+05:30,210,voice
CDR-003271,917187698223,916996582331,2025-02-13T07:30:54+05:30,30,voice
CDR-003272,916855008436,916876538782,2025-02-13T07:37:03+05:30,8,voice
CDR-003273,917147613772,918184188031,2025-02-13T08:50:49+05:30,114,voice
CDR-003274,919153442407,919688936655,2025-02-13T09:07:22+05:30,201,voice
CDR-003275,916017179896,919747267016,2025-02-13T09:18:12+05:30,86,voice
CDR-003276,916026997648,919326047954,2025-02-13T09:20:38+05:30,30,voice
CDR-003277,917187698223,916935101816,2025-02-13T09:42:43+05:30,117,voice
CDR-003278,916535545166,917914834602,2025-02-13T09:48:44+05:30,0,sms
CDR-003279,916543832315,917556372626,2025-02-13T09:52:04+05:30,0,sms
CDR-003280,918382865694,917538776094,2025-02-13T09:52:35+05:30,29,voice
CDR-003281,917538776094,919371826549,2025-02-13T10:04:59+05:30,23,voice
CDR-003282,918600238302,919994738491,2025-02-13T10:11:21+05:30,13,voice
CDR-003283,916082251340,919415717273,2025-02-13T11:09:46+05:30,36,voice
CDR-003284,919647323963,919571619646,2025-02-13T11:13:36+05:30,87,voice
CDR-003285,916997171985,916309630372,2025-02-13T11:29:05+05:30,0,sms
CDR-003286,916665802686,918851286499,2025-02-13T11:32:16+05:30,143,voice
CDR-003287,918973120296,918510841654,2025-02-13T11:39:13+05:30,27,voice
CDR-003288,918238710435,918829009322,2025-02-13T12:16:07+05:30,53,voice
CDR-003289,916996582331,917538776094,2025-02-13T12:16:47+05:30,32,voice
CDR-003290,918572218538,918251165584,2025-02-13T13:14:45+05:30,28,voice
CDR-003291,919577944637,918973120296,2025-02-13T13:27:00+05:30,69,voice
CDR-003292,917545969696,917260443015,2025-02-13T13:28:33+05:30,81,voice
CDR-003293,916543832315,917260443015,2025-02-13T13:31:54+05:30,71,voice
CDR-003294,916912523398,919647323963,2025-02-13T13:39:50+05:30,116,voice
CDR-003295,917147613772,917876457943,2025-02-13T14:05:52+05:30,190,voice
CDR-003296,917388520357,916051518115,2025-02-13T14:10:23+05:30,9,voice
CDR-003297,919744215949,919714540957,2025-02-13T14:22:58+05:30,27,voice
CDR-003298,916479900999,916518301062,2025-02-13T15:36:33+05:30,164,voice
CDR-003299,918823052386,917888064876,2025-02-13T15:55:54+05:30,150,voice
CDR-003300,916931872820,919371826549,2025-02-13T16:00:21+05:30,10,voice
CDR-003301,916555122302,917989228447,2025-02-13T16:24:19+05:30,10,voice
CDR-003302,916931872820,916424188799,2025-02-13T17:23:28+05:30,53,voice
CDR-003303,918766270784,916026997648,2025-02-13T17:26:17+05:30,49,voice
CDR-003304,917989228447,916555122302,2025-02-13T17:45:37+05:30,37,voice
CDR-003305,917919104175,919275070531,2025-02-13T17:53:41+05:30,42,voice
CDR-003306,919326047954,918766270784,2025-02-13T17:59:08+05:30,305,voice
CDR-003307,919742990720,916367453616,2025-02-13T17:59:13+05:30,26,voice
CDR-003308,916309630372,918771974035,2025-02-13T18:00:01+05:30,130,voice
CDR-003309,917970653224,916309630372,2025-02-13T18:27:43+05:30,12,voice
CDR-003310,918547024696,918452335165,2025-02-13T18:29:58+05:30,16,voice
CDR-003311,917630871663,918524624102,2025-02-13T18:44:17+05:30,10,voice
CDR-003312,919571619646,919647323963,2025-02-13T18:53:02+05:30,33,voice
CDR-003313,916509638924,917679658289,2025-02-13T19:10:24+05:30,67,voice
CDR-003314,918251165584,918047654190,2025-02-13T19:26:30+05:30,73,voice
CDR-003315,918680810632,917311481954,2025-02-13T19:54:10+05:30,177,voice
CDR-003316,916931872820,919371826549,2025-02-13T20:00:17+05:30,128,voice
CDR-003317,918047654190,918251165584,2025-02-13T20:12:30+05:30,49,voice
CDR-003318,919415717273,919577944637,2025-02-13T20:17:48+05:30,22,voice
CDR-003319,916540081641,917876457943,2025-02-13T20:57:50+05:30,96,voice
CDR-003320,918829009322,919415717273,2025-02-13T21:09:03+05:30,21,voice
CDR-003321,917187698223,918843189740,2025-02-13T21:19:13+05:30,52,voice
CDR-003322,917187698223,918227250029,2025-02-13T21:24:35+05:30,0,sms
CDR-003323,917353300525,917260443015,2025-02-13T21:58:00+05:30,16,voice
CDR-003324,917679658289,918829009322,2025-02-13T22:05:48+05:30,168,voice
CDR-003325,916026997648,919326047954,2025-02-13T22:21:44+05:30,0,sms
CDR-003326,916729640279,916665802686,2025-02-13T22:23:54+05:30,0,sms
CDR-003327,916518301062,916424188799,2025-02-13T22:34:06+05:30,31,voice
CDR-003328,919742990720,916367453616,2025-02-13T22:37:24+05:30,0,sms
CDR-003329,918843189740,917538776094,2025-02-13T22:43:59+05:30,0,sms
CDR-003330,916309630372,919896703780,2025-02-13T23:20:22+05:30,16,voice
CDR-003331,916375107792,916997171985,2025-02-13T23:22:40+05:30,27,voice
CDR-003332,916509638924,916082251340,2025-02-13T23:33:14+05:30,45,voice
CDR-003333,916543832315,917556372626,2025-02-13T23:37:35+05:30,91,voice
CDR-003334,916787800822,916812873288,2025-02-13T23:38:18+05:30,0,sms
CDR-003335,916518301062,918382865694,2025-02-13T23:45:33+05:30,54,voice
CDR-003336,918437653138,916637885677,2025-02-13T23:57:56+05:30,60,voice
CDR-003337,916770012075,919714540957,2025-02-14T00:01:37+05:30,33,voice
CDR-003338,916931872820,916935101816,2025-02-14T01:57:32+05:30,33,voice
CDR-003339,919153442407,916705754068,2025-02-14T06:11:53+05:30,49,voice
CDR-003340,916937699779,919744215949,2025-02-14T06:19:37+05:30,46,voice
CDR-003341,917989228447,916555122302,2025-02-14T06:20:11+05:30,49,voice
CDR-003342,917616371951,916194464851,2025-02-14T07:05:52+05:30,49,voice
CDR-003343,916309630372,916022038739,2025-02-14T07:31:51+05:30,14,voice
CDR-003344,916309630372,916960990031,2025-02-14T07:42:17+05:30,49,voice
CDR-003345,918572218538,916022038739,2025-02-14T07:43:07+05:30,0,sms
CDR-003346,916017179896,919747267016,2025-02-14T08:02:35+05:30,83,voice
CDR-003347,918766270784,916026997648,2025-02-14T08:23:19+05:30,34,voice
CDR-003348,919747267016,917952549560,2025-02-14T09:39:29+05:30,52,voice
CDR-003349,918547024696,918452335165,2025-02-14T10:10:16+05:30,23,voice
CDR-003350,918251165584,917123981476,2025-02-14T11:02:39+05:30,94,voice
CDR-003351,918510841654,918973120296,2025-02-14T11:37:18+05:30,23,voice
CDR-003352,916665802686,916637885677,2025-02-14T12:00:54+05:30,31,voice
CDR-003353,918065255396,917134946256,2025-02-14T12:16:31+05:30,123,voice
CDR-003354,917876457943,919600233059,2025-02-14T12:23:14+05:30,20,voice
CDR-003355,919647323963,917989228447,2025-02-14T12:25:29+05:30,145,voice
CDR-003356,916931872820,916367453616,2025-02-14T12:31:37+05:30,89,voice
CDR-003357,917388520357,919747267016,2025-02-14T12:39:43+05:30,62,voice
CDR-003358,916691567852,916275552433,2025-02-14T12:55:45+05:30,127,voice
CDR-003359,918829009322,918973120296,2025-02-14T13:15:30+05:30,21,voice
CDR-003360,916641395672,917730176490,2025-02-14T13:50:39+05:30,107,voice
CDR-003361,916051518115,919772591901,2025-02-14T13:56:44+05:30,102,voice
CDR-003362,917545969696,919690393547,2025-02-14T14:13:27+05:30,15,voice
CDR-003363,918572218538,918382865694,2025-02-14T14:27:42+05:30,62,voice
CDR-003364,918437653138,918680810632,2025-02-14T15:15:59+05:30,0,sms
CDR-003365,918680810632,918600238302,2025-02-14T15:39:57+05:30,40,voice
CDR-003366,917844273643,917876457943,2025-02-14T15:57:50+05:30,36,voice
CDR-003367,918227250029,919371826549,2025-02-14T16:13:17+05:30,44,voice
CDR-003368,919415717273,918829009322,2025-02-14T16:16:32+05:30,60,voice
CDR-003369,916665802686,918437653138,2025-02-14T17:10:55+05:30,141,voice
CDR-003370,917147613772,917876457943,2025-02-14T17:57:25+05:30,242,voice
CDR-003371,917730176490,916641395672,2025-02-14T18:00:22+05:30,5,voice
CDR-003372,916051518115,918525720621,2025-02-14T18:21:29+05:30,58,voice
CDR-003373,917556372626,916812873288,2025-02-14T18:56:23+05:30,0,sms
CDR-003374,916641395672,917730176490,2025-02-14T19:10:25+05:30,53,voice
CDR-003375,917970653224,918547024696,2025-02-14T19:13:05+05:30,85,voice
CDR-003376,919415717273,918524624102,2025-02-14T19:30:00+05:30,157,voice
CDR-003377,918517802039,916637885677,2025-02-14T19:31:26+05:30,1170,voice
CDR-003378,919371826549,916996582331,2025-02-14T19:36:35+05:30,0,sms
CDR-003379,918332441743,919342059358,2025-02-14T19:55:16+05:30,207,voice
CDR-003380,918452335165,919690393547,2025-02-14T19:58:28+05:30,177,voice
CDR-003381,918829009322,917679658289,2025-02-14T20:09:26+05:30,0,sms
CDR-003382,918973120296,917930732092,2025-02-14T20:09:57+05:30,39,voice
CDR-003383,919153442407,919688936655,2025-02-14T20:12:47+05:30,15,voice
CDR-003384,917447202903,918851286499,2025-02-14T20:15:33+05:30,87,voice
CDR-003385,917147613772,916702951376,2025-02-14T20:21:52+05:30,62,voice
CDR-003386,917989228447,919647323963,2025-02-14T20:35:49+05:30,46,voice
CDR-003387,919577944637,919326047954,2025-02-14T21:39:05+05:30,91,voice
CDR-003388,917187698223,916996582331,2025-02-14T21:48:21+05:30,0,sms
CDR-003389,916665802686,918437653138,2025-02-14T22:07:59+05:30,192,voice
CDR-003390,917545969696,919690393547,2025-02-14T22:09:25+05:30,65,voice
CDR-003391,916509638924,916082251340,2025-02-14T22:21:59+05:30,58,voice
CDR-003392,916026997648,918973120296,2025-02-14T22:25:06+05:30,26,voice
CDR-003393,916852224261,916424188799,2025-02-14T22:29:09+05:30,94,voice
CDR-003394,919415717273,918829009322,2025-02-14T23:04:33+05:30,0,sms
CDR-003395,918766270784,919326047954,2025-02-14T23:25:02+05:30,89,voice
CDR-003396,918332441743,919342059358,2025-02-14T23:27:12+05:30,21,voice
CDR-003397,916082251340,916855008436,2025-02-14T23:47:45+05:30,38,voice
CDR-003398,918829009322,917679658289,2025-02-15T01:28:51+05:30,91,voice
CDR-003399,918437653138,917485979569,2025-02-15T03:32:43+05:30,26,voice
CDR-003400,916931872820,916424188799,2025-02-15T06:15:57+05:30,0,sms
CDR-003401,916424188799,919797302867,2025-02-15T06:17:56+05:30,25,voice
CDR-003402,918437653138,918600238302,2025-02-15T06:23:35+05:30,109,voice
CDR-003403,916479900999,916852224261,2025-02-15T06:52:36+05:30,14,voice
CDR-003404,916082251340,919415717273,2025-02-15T07:39:45+05:30,28,voice
CDR-003405,918437653138,916637885677,2025-02-15T07:48:26+05:30,11,voice
CDR-003406,916424188799,916852224261,2025-02-15T07:52:07+05:30,160,voice
CDR-003407,917500083076,917679658289,2025-02-15T08:15:03+05:30,172,voice
CDR-003408,918224632063,916051518115,2025-02-15T08:18:32+05:30,254,voice
CDR-003409,916637885677,918437653138,2025-02-15T08:33:55+05:30,211,voice
CDR-003410,916997171985,917876457943,2025-02-15T08:42:46+05:30,8,voice
CDR-003411,916479900999,918485143212,2025-02-15T08:48:43+05:30,0,sms
CDR-003412,916275552433,918063398568,2025-02-15T08:55:41+05:30,92,voice
CDR-003413,916309630372,919600233059,2025-02-15T09:13:43+05:30,137,voice
CDR-003414,916641395672,917989228447,2025-02-15T09:19:49+05:30,119,voice
CDR-003415,918973120296,918510841654,2025-02-15T09:28:30+05:30,65,voice
CDR-003416,919540149042,919136751526,2025-02-15T10:03:07+05:30,23,voice
CDR-003417,919797302867,916424188799,2025-02-15T10:03:42+05:30,107,voice
CDR-003418,916367453616,919742990720,2025-02-15T10:54:50+05:30,0,sms
CDR-003419,917876587248,916194464851,2025-02-15T11:13:54+05:30,22,voice
CDR-003420,919797302867,916367453616,2025-02-15T11:27:27+05:30,37,voice
CDR-003421,916931872820,916194464851,2025-02-15T11:42:57+05:30,94,voice
CDR-003422,919326047954,918766270784,2025-02-15T12:28:28+05:30,97,voice
CDR-003423,917914834602,918572218538,2025-02-15T12:36:33+05:30,26,voice
CDR-003424,918973120296,918510841654,2025-02-15T12:39:21+05:30,74,voice
CDR-003425,916122729730,919342059358,2025-02-15T12:40:32+05:30,22,voice
CDR-003426,919371826549,916996582331,2025-02-15T12:56:22+05:30,0,sms
CDR-003427,916367453616,916424188799,2025-02-15T12:59:07+05:30,67,voice
CDR-003428,916855008436,916876538782,2025-02-15T13:16:55+05:30,80,voice
CDR-003429,918547024696,917814266084,2025-02-15T13:25:47+05:30,39,voice
CDR-003430,918437653138,919600308487,2025-02-15T14:01:46+05:30,66,voice
CDR-003431,918527357736,918129866499,2025-02-15T14:11:23+05:30,49,voice
CDR-003432,916937699779,916122729730,2025-02-15T14:12:34+05:30,0,sms
CDR-003433,919747267016,917952549560,2025-02-15T14:13:13+05:30,121,voice
CDR-003434,917538776094,918382865694,2025-02-15T14:13:29+05:30,33,voice
CDR-003435,919600233059,918447344267,2025-02-15T14:56:01+05:30,12,voice
CDR-003436,916997171985,916309630372,2025-02-15T15:17:09+05:30,99,voice
CDR-003437,919690393547,917814266084,2025-02-15T15:33:14+05:30,87,voice
CDR-003438,919415717273,918524624102,2025-02-15T15:58:55+05:30,85,voice
CDR-003439,918452335165,919690393547,2025-02-15T16:05:46+05:30,22,voice
CDR-003440,919994738491,918600238302,2025-02-15T16:23:29+05:30,14,voice
CDR-003441,918452335165,918547024696,2025-02-15T16:36:02+05:30,28,voice
CDR-003442,919415717273,918829009322,2025-02-15T17:00:00+05:30,42,voice
CDR-003443,918525720621,919772591901,2025-02-15T17:06:39+05:30,62,voice
CDR-003444,917970653224,916309630372,2025-02-15T17:14:26+05:30,110,voice
CDR-003445,917556372626,917994279003,2025-02-15T17:20:50+05:30,150,voice
CDR-003446,916997171985,916309630372,2025-02-15T17:24:10+05:30,45,voice
CDR-003447,919747267016,918845716772,2025-02-15T17:44:52+05:30,40,voice
CDR-003448,917730176490,917989228447,2025-02-15T18:01:45+05:30,0,sms
CDR-003449,919797302867,918572218538,2025-02-15T18:22:55+05:30,141,voice
CDR-003450,919688936655,916561718843,2025-02-15T18:38:29+05:30,0,sms
CDR-003451,916665802686,916637885677,2025-02-15T18:49:47+05:30,0,sms
CDR-003452,917500083076,917679658289,2025-02-15T19:15:28+05:30,23,voice
CDR-003453,916641395672,919647323963,2025-02-15T19:38:28+05:30,72,voice
CDR-003454,917187698223,916996582331,2025-02-15T19:46:25+05:30,48,voice
CDR-003455,916770012075,919744215949,2025-02-15T19:49:00+05:30,65,voice
CDR-003456,918829009322,918525720621,2025-02-15T19:58:32+05:30,0,sms
CDR-003457,919744215949,916937699779,2025-02-15T20:08:53+05:30,0,sms
CDR-003458,919797302867,917187698223,2025-02-15T20:47:59+05:30,103,voice
CDR-003459,916653793670,919119219019,2025-02-15T20:50:03+05:30,73,voice
CDR-003460,919690393547,918452335165,2025-02-15T21:04:52+05:30,31,voice
CDR-003461,917930732092,919326047954,2025-02-15T21:10:38+05:30,28,voice
CDR-003462,918680810632,918851286499,2025-02-15T21:22:42+05:30,53,voice
CDR-003463,916812873288,916787800822,2025-02-15T21:33:00+05:30,130,voice
CDR-003464,919342059358,918527357736,2025-02-15T21:39:57+05:30,185,voice
CDR-003465,918600238302,916435668733,2025-02-15T21:54:57+05:30,0,sms
CDR-003466,919415717273,916694321946,2025-02-15T22:11:29+05:30,15,voice
CDR-003467,917288961107,919384822654,2025-02-15T22:13:27+05:30,143,voice
CDR-003468,917888064876,918823052386,2025-02-15T22:28:13+05:30,88,voice
CDR-003469,919371826549,916996582331,2025-02-15T22:55:34+05:30,30,voice
CDR-003470,916367453616,916996582331,2025-02-15T23:03:50+05:30,25,voice
CDR-003471,919744215949,919342059358,2025-02-15T23:09:50+05:30,125,voice
CDR-003472,916535545166,917914834602,2025-02-15T23:24:12+05:30,98,voice
CDR-003473,918517802039,916653793670,2025-02-15T23:45:47+05:30,93,voice
CDR-003474,916275552433,916691567852,2025-02-15T23:55:45+05:30,158,voice
CDR-003475,919577944637,918973120296,2025-02-16T00:34:43+05:30,16,voice
CDR-003476,919797302867,916367453616,2025-02-16T02:43:01+05:30,43,voice
CDR-003477,916367453616,919797302867,2025-02-16T03:06:24+05:30,34,voice
CDR-003478,916367453616,916852224261,2025-02-16T03:40:41+05:30,49,voice
CDR-003479,919571619646,917989228447,2025-02-16T04:55:46+05:30,299,voice
CDR-003480,918547024696,917837617691,2025-02-16T06:06:24+05:30,55,voice
CDR-003481,917500083076,916017179896,2025-02-16T07:08:30+05:30,0,sms
CDR-003482,918238710435,918829009322,2025-02-16T07:15:39+05:30,173,voice
CDR-003483,918452335165,918065255396,2025-02-16T07:21:04+05:30,31,voice
CDR-003484,919326047954,918524624102,2025-02-16T07:21:30+05:30,0,sms
CDR-003485,919690393547,917814266084,2025-02-16T07:29:21+05:30,51,voice
CDR-003486,916543832315,917260443015,2025-02-16T07:54:43+05:30,115,voice
CDR-003487,916855008436,916055439146,2025-02-16T08:19:26+05:30,0,sms
CDR-003488,919577944637,916026997648,2025-02-16T08:22:17+05:30,42,voice
CDR-003489,918452335165,919994738491,2025-02-16T08:40:51+05:30,58,voice
CDR-003490,916017179896,919747267016,2025-02-16T08:49:04+05:30,53,voice
CDR-003491,917989228447,917730176490,2025-02-16T08:58:45+05:30,260,voice
CDR-003492,918452335165,917545969696,2025-02-16T09:16:15+05:30,108,voice
CDR-003493,919742990720,916367453616,2025-02-16T09:34:53+05:30,93,voice
CDR-003494,916479900999,918485143212,2025-02-16T10:03:47+05:30,30,voice
CDR-003495,919600233059,918447344267,2025-02-16T10:37:30+05:30,38,voice
CDR-003496,916479900999,917469027111,2025-02-16T11:02:12+05:30,0,sms
CDR-003497,917814266084,918547024696,2025-02-16T11:18:59+05:30,44,voice
CDR-003498,917500083076,916509638924,2025-02-16T11:34:10+05:30,0,sms
CDR-003499,917844273643,916849321768,2025-02-16T11:36:21+05:30,93,voice
CDR-003500,918547024696,918452335165,2025-02-16T11:49:39+05:30,16,voice
CDR-003501,916665802686,917837617691,2025-02-16T12:05:08+05:30,66,voice
CDR-003502,916996582331,917538776094,2025-02-16T12:12:58+05:30,99,voice
CDR-003503,917989228447,916912523398,2025-02-16T12:48:23+05:30,37,voice
CDR-003504,918973120296,918829009322,2025-02-16T13:08:29+05:30,158,voice
CDR-003505,918527357736,918129866499,2025-02-16T13:35:20+05:30,52,voice
CDR-003506,917147613772,918184188031,2025-02-16T13:44:54+05:30,166,voice
CDR-003507,918065255396,917616371951,2025-02-16T14:34:33+05:30,24,voice
CDR-003508,918843189740,917538776094,2025-02-16T14:50:28+05:30,42,voice
CDR-003509,917679658289,916509638924,2025-02-16T14:53:02+05:30,215,voice
CDR-003510,916996582331,917538776094,2025-02-16T15:22:44+05:30,33,voice
CDR-003511,919714540957,916770012075,2025-02-16T15:25:57+05:30,55,voice
CDR-003512,917837617691,917814266084,2025-02-16T15:47:58+05:30,35,voice
CDR-003513,917952549560,916705754068,2025-02-16T15:54:20+05:30,245,voice
CDR-003514,916535545166,918251165584,2025-02-16T15:59:58+05:30,27,voice
CDR-003515,918843189740,916996582331,2025-02-16T16:48:55+05:30,114,voice
CDR-003516,917837617691,918452335165,2025-02-16T17:00:19+05:30,75,voice
CDR-003517,917187698223,916996582331,2025-02-16T17:03:26+05:30,291,voice
CDR-003518,919119219019,916653793670,2025-02-16T17:08:21+05:30,118,voice
CDR-003519,917388520357,917952549560,2025-02-16T17:32:51+05:30,26,voice
CDR-003520,917930732092,919326047954,2025-02-16T17:53:50+05:30,25,voice
CDR-003521,917876457943,917147613772,2025-02-16T17:59:08+05:30,83,voice
CDR-003522,916888840554,916960990031,2025-02-16T18:04:27+05:30,30,voice
CDR-003523,917187698223,919797302867,2025-02-16T19:14:39+05:30,155,voice
CDR-003524,919744215949,916937699779,2025-02-16T19:58:20+05:30,103,voice
CDR-003525,917679658289,917500083076,2025-02-16T20:10:46+05:30,33,voice
CDR-003526,917919104175,917268526587,2025-02-16T20:16:36+05:30,14,voice
CDR-003527,918973120296,916026997648,2025-02-16T20:19:23+05:30,155,voice
CDR-003528,919742990720,917469027111,2025-02-16T20:20:53+05:30,216,voice
CDR-003529,918238710435,917679658289,2025-02-16T20:43:54+05:30,94,voice
CDR-003530,916770012075,919714540957,2025-02-16T21:09:27+05:30,68,voice
CDR-003531,917730176490,916691567852,2025-02-16T21:24:47+05:30,24,voice
CDR-003532,919690393547,918452335165,2025-02-16T22:04:36+05:30,18,voice
CDR-003533,916223553521,918772528373,2025-02-16T22:20:30+05:30,159,voice
CDR-003534,918517802039,916637885677,2025-02-16T23:24:08+05:30,0,sms
CDR-003535,919384822654,916309630372,2025-02-16T23:37:52+05:30,56,voice
CDR-003536,918772528373,916223553521,2025-02-16T23:39:45+05:30,40,voice
CDR-003537,916812873288,917353300525,2025-02-16T23:44:18+05:30,44,voice
CDR-003538,917388520357,916051518115,2025-02-16T23:57:54+05:30,134,voice
CDR-003539,918510841654,918973120296,2025-02-17T00:23:38+05:30,36,voice
CDR-003540,916852224261,916367453616,2025-02-17T00:27:42+05:30,71,voice
CDR-003541,916424188799,917469027111,2025-02-17T01:20:15+05:30,41,voice
CDR-003542,916702951376,916540081641,2025-02-17T03:12:57+05:30,97,voice
CDR-003543,916960990031,917989228447,2025-02-17T04:19:21+05:30,0,sms
CDR-003544,919577944637,919326047954,2025-02-17T05:48:19+05:30,19,voice
CDR-003545,918525720621,918524624102,2025-02-17T06:35:14+05:30,0,sms
CDR-003546,918517802039,916637885677,2025-02-17T06:42:44+05:30,0,sms
CDR-003547,919744215949,919714540957,2025-02-17T06:49:15+05:30,24,voice
CDR-003548,917353300525,916665802686,2025-02-17T06:58:46+05:30,48,voice
CDR-003549,917288961107,916960990031,2025-02-17T07:09:51+05:30,196,voice
CDR-003550,917288961107,919384822654,2025-02-17T07:20:59+05:30,46,voice
CDR-003551,918843189740,917187698223,2025-02-17T07:52:37+05:30,313,voice
CDR-003552,916122729730,919714540957,2025-02-17T07:54:54+05:30,41,voice
CDR-003553,918227250029,917469027111,2025-02-17T07:54:54+05:30,38,voice
CDR-003554,916309630372,919600233059,2025-02-17T07:55:11+05:30,106,voice
CDR-003555,916996582331,918823052386,2025-02-17T08:12:42+05:30,22,voice
CDR-003556,918517802039,916653793670,2025-02-17T08:13:28+05:30,0,sms
CDR-003557,918047654190,918251165584,2025-02-17T08:49:19+05:30,38,voice
CDR-003558,919371826549,917538776094,2025-02-17T08:49:37+05:30,51,voice
CDR-003559,917837617691,918452335165,2025-02-17T08:50:06+05:30,0,sms
CDR-003560,917837617691,917545969696,2025-02-17T08:58:26+05:30,52,voice
CDR-003561,918251165584,918047654190,2025-02-17T09:17:29+05:30,88,voice
CDR-003562,917260443015,917556372626,2025-02-17T09:27:29+05:30,73,voice
CDR-003563,916912523398,917730176490,2025-02-17T10:00:32+05:30,0,sms
CDR-003564,916223553521,917268526587,2025-02-17T10:03:47+05:30,53,voice
CDR-003565,918766270784,918238710435,2025-02-17T11:09:51+05:30,22,voice
CDR-003566,919571619646,919647323963,2025-02-17T11:22:34+05:30,168,voice
CDR-003567,916051518115,916017179896,2025-02-17T11:38:11+05:30,15,voice
CDR-003568,919690393547,916217338638,2025-02-17T11:43:35+05:30,23,voice
CDR-003569,916996582331,917538776094,2025-02-17T12:11:53+05:30,20,voice
CDR-003570,916665802686,918851286499,2025-02-17T12:15:42+05:30,304,voice
CDR-003571,919994738491,918452335165,2025-02-17T12:48:11+05:30,0,sms
CDR-003572,917500083076,916509638924,2025-02-17T13:02:51+05:30,108,voice
CDR-003573,918547024696,916787800822,2025-02-17T13:26:29+05:30,256,voice
CDR-003574,917876457943,917844273643,2025-02-17T13:27:08+05:30,33,voice
CDR-003575,916555122302,917994279003,2025-02-17T13:31:33+05:30,194,voice
CDR-003576,918184188031,917147613772,2025-02-17T13:44:27+05:30,124,voice
CDR-003577,918547024696,917545969696,2025-02-17T14:17:12+05:30,0,sms
CDR-003578,916217338638,916812873288,2025-02-17T14:17:45+05:30,70,voice
CDR-003579,916997171985,916309630372,2025-02-17T14:32:13+05:30,35,voice
CDR-003580,916555122302,919571619646,2025-02-17T14:38:55+05:30,48,voice
CDR-003581,916637885677,916665802686,2025-02-17T14:41:27+05:30,46,voice
CDR-003582,918437653138,916812873288,2025-02-17T15:01:32+05:30,75,voice
CDR-003583,917353300525,916665802686,2025-02-17T15:04:47+05:30,93,voice
CDR-003584,916849321768,917147613772,2025-02-17T15:04:51+05:30,90,voice
CDR-003585,918823052386,918081943102,2025-02-17T15:06:14+05:30,17,voice
CDR-003586,919571619646,917730176490,2025-02-17T15:12:55+05:30,0,sms
CDR-003587,916424188799,918843189740,2025-02-17T15:19:43+05:30,28,voice
CDR-003588,916051518115,918224632063,2025-02-17T15:22:39+05:30,0,sms
CDR-003589,918845716772,916051518115,2025-02-17T15:24:39+05:30,32,voice
CDR-003590,918829009322,919747267016,2025-02-17T15:25:35+05:30,37,voice
CDR-003591,917837617691,919994738491,2025-02-17T15:42:38+05:30,162,voice
CDR-003592,919994738491,917814266084,2025-02-17T15:53:19+05:30,61,voice
CDR-003593,917844273643,917876457943,2025-02-17T15:53:40+05:30,114,voice
CDR-003594,917837617691,917814266084,2025-02-17T16:48:13+05:30,30,voice
CDR-003595,919577944637,918766270784,2025-02-17T17:00:41+05:30,30,voice
CDR-003596,916849321768,917876457943,2025-02-17T17:22:42+05:30,14,voice
CDR-003597,917919104175,919275070531,2025-02-17T17:48:03+05:30,35,voice
CDR-003598,916787800822,916812873288,2025-02-17T17:56:26+05:30,0,sms
CDR-003599,917545969696,917485979569,2025-02-17T18:06:28+05:30,10,voice
CDR-003600,919371826549,917538776094,2025-02-17T18:10:10+05:30,58,voice
CDR-003601,916996582331,916367453616,2025-02-17T18:10:53+05:30,78,voice
CDR-003602,918845716772,916051518115,2025-02-17T18:13:17+05:30,179,voice
CDR-003603,919415717273,919577944637,2025-02-17T18:37:58+05:30,24,voice
CDR-003604,917876457943,916702951376,2025-02-17T18:42:04+05:30,92,voice
CDR-003605,916194464851,916931872820,2025-02-17T19:04:50+05:30,0,sms
CDR-003606,916665802686,917447202903,2025-02-17T19:12:23+05:30,37,voice
CDR-003607,919342059358,918332441743,2025-02-17T19:48:59+05:30,0,sms
CDR-003608,918572218538,918382865694,2025-02-17T20:13:01+05:30,62,voice
CDR-003609,917952549560,917388520357,2025-02-17T20:22:14+05:30,19,voice
CDR-003610,916217338638,916637885677,2025-02-17T20:32:41+05:30,0,sms
CDR-003611,916309630372,919571619646,2025-02-17T20:47:41+05:30,126,voice
CDR-003612,919415717273,919577944637,2025-02-17T21:11:49+05:30,0,sms
CDR-003613,918547024696,916217338638,2025-02-17T21:21:54+05:30,91,voice
CDR-003614,919797302867,918572218538,2025-02-17T21:31:36+05:30,92,voice
CDR-003615,917679658289,916876538782,2025-02-17T21:33:17+05:30,107,voice
CDR-003616,916937699779,916122729730,2025-02-17T22:16:04+05:30,52,voice
CDR-003617,918332441743,919342059358,2025-02-17T22:23:47+05:30,31,voice
CDR-003618,917469027111,916424188799,2025-02-17T22:36:09+05:30,0,sms
CDR-003619,917469027111,918485143212,2025-02-17T22:40:56+05:30,204,voice
CDR-003620,917187698223,918843189740,2025-02-17T22:52:57+05:30,27,voice
CDR-003621,918845716772,916051518115,2025-02-17T23:07:26+05:30,47,voice
CDR-003622,919571619646,916555122302,2025-02-17T23:10:41+05:30,62,voice
CDR-003623,917679658289,918829009322,2025-02-17T23:18:38+05:30,65,voice
CDR-003624,919896703780,916641395672,2025-02-17T23:21:32+05:30,13,voice
CDR-003625,917500083076,917679658289,2025-02-17T23:34:02+05:30,44,voice
CDR-003626,918525720621,919415717273,2025-02-18T02:07:14+05:30,0,sms
CDR-003627,916931872820,916424188799,2025-02-18T02:23:09+05:30,94,voice
CDR-003628,917679658289,919415717273,2025-02-18T04:06:58+05:30,69,voice
CDR-003629,918680810632,917556372626,2025-02-18T05:16:17+05:30,145,voice
CDR-003630,919690393547,916812873288,2025-02-18T06:05:28+05:30,36,voice
CDR-003631,919797302867,916367453616,2025-02-18T06:30:03+05:30,30,voice
CDR-003632,916275552433,918063398568,2025-02-18T06:40:03+05:30,40,voice
CDR-003633,918510841654,919326047954,2025-02-18T06:40:05+05:30,71,voice
CDR-003634,918224632063,916051518115,2025-02-18T06:44:15+05:30,38,voice
CDR-003635,918184188031,916691567852,2025-02-18T06:49:37+05:30,65,voice
CDR-003636,918547024696,917837617691,2025-02-18T07:19:53+05:30,49,voice
CDR-003637,916937699779,916122729730,2025-02-18T07:33:38+05:30,101,voice
CDR-003638,917353300525,916812873288,2025-02-18T07:49:07+05:30,130,voice
CDR-003639,916996582331,919371826549,2025-02-18T07:49:14+05:30,0,sms
CDR-003640,918823052386,917888064876,2025-02-18T07:57:26+05:30,35,voice
CDR-003641,916082251340,916509638924,2025-02-18T08:23:38+05:30,21,voice
CDR-003642,919896703780,917844273643,2025-02-18T09:30:12+05:30,5,voice
CDR-003643,916026997648,918510841654,2025-02-18T09:36:40+05:30,11,voice
CDR-003644,919647323963,916375107792,2025-02-18T09:46:02+05:30,23,voice
CDR-003645,918680810632,918851286499,2025-02-18T10:15:20+05:30,41,voice
CDR-003646,917970653224,916637885677,2025-02-18T10:41:02+05:30,0,sms
CDR-003647,918766270784,916026997648,2025-02-18T10:48:26+05:30,80,voice
CDR-003648,916479900999,917469027111,2025-02-18T10:57:26+05:30,178,voice
CDR-003649,919577944637,918973120296,2025-02-18T11:08:53+05:30,30,voice
CDR-003650,917268526587,916223553521,2025-02-18T11:17:23+05:30,37,voice
CDR-003651,919415717273,918081943102,2025-02-18T11:19:48+05:30,70,voice
CDR-003652,917919104175,919275070531,2025-02-18T11:34:05+05:30,0,sms
CDR-003653,916931872820,916424188799,2025-02-18T12:00:48+05:30,157,voice
CDR-003654,916855008436,916509638924,2025-02-18T12:39:53+05:30,24,voice
CDR-003655,918829009322,916729640279,2025-02-18T12:48:15+05:30,85,voice
CDR-003656,916309630372,916960990031,2025-02-18T12:55:26+05:30,137,voice
CDR-003657,918437653138,918600238302,2025-02-18T13:06:02+05:30,29,voice
CDR-003658,917353300525,917447202903,2025-02-18T13:10:47+05:30,32,voice
CDR-003659,918382865694,917538776094,2025-02-18T13:34:06+05:30,41,voice
CDR-003660,918437653138,916637885677,2025-02-18T13:49:02+05:30,51,voice
CDR-003661,919747267016,918845716772,2025-02-18T13:55:41+05:30,77,voice
CDR-003662,917970653224,916637885677,2025-02-18T13:58:29+05:30,0,sms
CDR-003663,917989228447,916555122302,2025-02-18T14:14:44+05:30,63,voice
CDR-003664,917538776094,916996582331,2025-02-18T14:41:21+05:30,0,sms
CDR-003665,919577944637,916026997648,2025-02-18T14:44:27+05:30,61,voice
CDR-003666,918527357736,918332441743,2025-02-18T15:23:51+05:30,0,sms
CDR-003667,919600233059,916309630372,2025-02-18T15:36:35+05:30,49,voice
CDR-003668,916309630372,919600233059,2025-02-18T16:00:45+05:30,42,voice
CDR-003669,917485979569,918437653138,2025-02-18T16:05:56+05:30,182,voice
CDR-003670,917952549560,917388520357,2025-02-18T16:12:47+05:30,297,voice
CDR-003671,916543832315,917260443015,2025-02-18T16:18:33+05:30,141,voice
CDR-003672,919647323963,917989228447,2025-02-18T16:57:48+05:30,29,voice
CDR-003673,918973120296,918829009322,2025-02-18T17:19:26+05:30,134,voice
CDR-003674,918680810632,917311481954,2025-02-18T17:33:49+05:30,36,voice
CDR-003675,916876538782,917679658289,2025-02-18T17:40:25+05:30,96,voice
CDR-003676,919772591901,916729640279,2025-02-18T17:45:27+05:30,160,voice
CDR-003677,917730176490,919571619646,2025-02-18T17:47:43+05:30,0,sms
CDR-003678,916876538782,917679658289,2025-02-18T18:42:09+05:30,25,voice
CDR-003679,916082251340,916509638924,2025-02-18T18:42:28+05:30,55,voice
CDR-003680,919577944637,916026997648,2025-02-18T19:10:24+05:30,137,voice
CDR-003681,916641395672,917730176490,2025-02-18T19:35:17+05:30,0,sms
CDR-003682,918527357736,919342059358,2025-02-18T19:39:54+05:30,63,voice
CDR-003683,917616371951,916194464851,2025-02-18T19:50:43+05:30,82,voice
CDR-003684,918524624102,919415717273,2025-02-18T19:53:01+05:30,35,voice
CDR-003685,916876538782,918766270784,2025-02-18T19:57:40+05:30,5,voice
CDR-003686,919571619646,917730176490,2025-02-18T20:03:27+05:30,73,voice
CDR-003687,917616371951,916194464851,2025-02-18T20:21:33+05:30,35,voice
CDR-003688,918829009322,917679658289,2025-02-18T20:24:20+05:30,5,voice
CDR-003689,918251165584,918047654190,2025-02-18T20:40:02+05:30,0,sms
CDR-003690,917844273643,916849321768,2025-02-18T20:42:06+05:30,46,voice
CDR-003691,918238710435,918829009322,2025-02-18T20:45:31+05:30,15,voice
CDR-003692,916026997648,919326047954,2025-02-18T21:07:47+05:30,140,voice
CDR-003693,917930732092,919326047954,2025-02-18T21:08:46+05:30,58,voice
CDR-003694,916367453616,916424188799,2025-02-18T21:27:18+05:30,87,voice
CDR-003695,916017179896,918525720621,2025-02-18T21:28:41+05:30,0,sms
CDR-003696,916309630372,918771974035,2025-02-18T21:56:42+05:30,100,voice
CDR-003697,916937699779,916122729730,2025-02-18T21:59:03+05:30,50,voice
CDR-003698,917545969696,916637885677,2025-02-18T22:17:37+05:30,0,sms
CDR-003699,916855008436,916876538782,2025-02-18T22:46:15+05:30,89,voice
CDR-003700,918065255396,918572218538,2025-02-18T22:59:59+05:30,60,voice
CDR-003701,917876457943,916375107792,2025-02-18T23:53:06+05:30,31,voice
CDR-003702,918251165584,917914834602,2025-02-19T01:33:48+05:30,29,voice
CDR-003703,918437653138,918600238302,2025-02-19T01:43:42+05:30,127,voice
CDR-003704,916935101816,919797302867,2025-02-19T01:47:30+05:30,114,voice
CDR-003705,918510841654,919326047954,2025-02-19T04:02:10+05:30,106,voice
CDR-003706,919647323963,917989228447,2025-02-19T06:50:53+05:30,81,voice
CDR-003707,916665802686,916729640279,2025-02-19T07:02:16+05:30,38,voice
CDR-003708,917485979569,919690393547,2025-02-19T07:12:37+05:30,25,voice
CDR-003709,917556372626,917260443015,2025-02-19T07:13:53+05:30,49,voice
CDR-003710,919415717273,919772591901,2025-02-19T07:34:05+05:30,46,voice
CDR-003711,918437653138,916812873288,2025-02-19T07:52:20+05:30,52,voice
CDR-003712,917888064876,918823052386,2025-02-19T07:54:05+05:30,0,sms
CDR-003713,919994738491,917545969696,2025-02-19T08:01:31+05:30,124,voice
CDR-003714,916997171985,916375107792,2025-02-19T08:03:16+05:30,232,voice
CDR-003715,917447202903,916665802686,2025-02-19T08:05:18+05:30,28,voice
CDR-003716,916876538782,917630871663,2025-02-19T08:10:17+05:30,40,voice
CDR-003717,916812873288,918437653138,2025-02-19T08:11:32+05:30,25,voice
CDR-003718,916912523398,919647323963,2025-02-19T08:24:43+05:30,13,voice
CDR-003719,916543832315,917260443015,2025-02-19T08:28:01+05:30,138,voice
CDR-003720,916812873288,917556372626,2025-02-19T08:45:58+05:30,38,voice
CDR-003721,918600238302,918437653138,2025-02-19T09:30:18+05:30,37,voice
CDR-003722,918437653138,916637885677,2025-02-19T09:46:35+05:30,13,voice
CDR-003723,919153442407,917989228447,2025-02-19T09:49:30+05:30,0,sms
CDR-003724,917989228447,916641395672,2025-02-19T10:08:40+05:30,7,voice
CDR-003725,918437653138,916812873288,2025-02-19T10:19:33+05:30,58,voice
CDR-003726,917989228447,916912523398,2025-02-19T10:21:34+05:30,161,voice
CDR-003727,919896703780,916641395672,2025-02-19T11:33:17+05:30,32,voice
CDR-003728,918517802039,918766270784,2025-02-19T11:46:18+05:30,63,voice
CDR-003729,919326047954,916026997648,2025-02-19T11:49:35+05:30,34,voice
CDR-003730,916367453616,919742990720,2025-02-19T11:55:44+05:30,209,voice
CDR-003731,916937699779,919714540957,2025-02-19T12:36:58+05:30,30,voice
CDR-003732,919326047954,916026997648,2025-02-19T12:37:30+05:30,0,sms
CDR-003733,918572218538,918382865694,2025-02-19T12:52:26+05:30,118,voice
CDR-003734,916770012075,919744215949,2025-02-19T13:04:48+05:30,86,voice
CDR-003735,918525720621,919415717273,2025-02-19T13:09:57+05:30,43,voice
CDR-003736,917538776094,916996582331,2025-02-19T13:25:42+05:30,0,sms
CDR-003737,918047654190,918251165584,2025-02-19T13:26:07+05:30,0,sms
CDR-003738,917630871663,916855008436,2025-02-19T13:51:18+05:30,8,voice
CDR-003739,919153442407,916705754068,2025-02-19T13:56:12+05:30,179,voice
CDR-003740,917545969696,919690393547,2025-02-19T15:19:39+05:30,0,sms
CDR-003741,917679658289,919415717273,2025-02-19T15:20:45+05:30,159,voice
CDR-003742,918382865694,918251165584,2025-02-19T15:52:21+05:30,81,voice
CDR-003743,916702951376,917147613772,2025-02-19T16:01:10+05:30,0,sms
CDR-003744,918227250029,916996582331,2025-02-19T16:46:59+05:30,86,voice
CDR-003745,919371826549,917538776094,2025-02-19T17:37:25+05:30,48,voice
CDR-003746,919714540957,916122729730,2025-02-19T17:39:50+05:30,205,voice
CDR-003747,917311481954,918680810632,2025-02-19T18:01:40+05:30,62,voice
CDR-003748,918843189740,916424188799,2025-02-19T18:05:58+05:30,70,voice
CDR-003749,916367453616,916424188799,2025-02-19T18:15:55+05:30,18,voice
CDR-003750,916367453616,919742990720,2025-02-19T19:30:50+05:30,161,voice
CDR-003751,917147613772,917844273643,2025-02-19T19:40:55+05:30,34,voice
CDR-003752,916082251340,916694321946,2025-02-19T19:45:12+05:30,49,voice
CDR-003753,916997171985,916309630372,2025-02-19T19:47:08+05:30,21,voice
CDR-003754,918829009322,919415717273,2025-02-19T20:03:48+05:30,22,voice
CDR-003755,918851286499,916665802686,2025-02-19T20:04:52+05:30,58,voice
CDR-003756,916017179896,917500083076,2025-02-19T20:09:54+05:30,13,voice
CDR-003757,918600238302,918437653138,2025-02-19T20:13:09+05:30,36,voice
CDR-003758,916665802686,916217338638,2025-02-19T20:24:40+05:30,109,voice
CDR-003759,916424188799,916852224261,2025-02-19T20:33:49+05:30,55,voice
CDR-003760,918227250029,916996582331,2025-02-19T20:37:01+05:30,0,sms
CDR-003761,917469027111,919742990720,2025-02-19T20:39:23+05:30,74,voice
CDR-003762,917187698223,919797302867,2025-02-19T21:28:42+05:30,96,voice
CDR-003763,919326047954,918766270784,2025-02-19T21:36:20+05:30,74,voice
CDR-003764,917679658289,917500083076,2025-02-19T21:41:43+05:30,0,sms
CDR-003765,918525720621,919577944637,2025-02-19T21:42:22+05:30,49,voice
CDR-003766,919415717273,916082251340,2025-02-19T22:29:59+05:30,0,sms
CDR-003767,917469027111,916424188799,2025-02-19T22:34:47+05:30,58,voice
CDR-003768,916996582331,918843189740,2025-02-19T23:05:12+05:30,60,voice
CDR-003769,918527357736,918332441743,2025-02-19T23:24:07+05:30,57,voice
CDR-003770,919415717273,918829009322,2025-02-19T23:46:55+05:30,51,voice
CDR-003771,918829009322,919415717273,2025-02-19T23:57:51+05:30,0,sms
CDR-003772,917353300525,917260443015,2025-02-20T04:12:43+05:30,60,voice
CDR-003773,919688936655,916561718843,2025-02-20T05:24:06+05:30,0,sms
CDR-003774,916937699779,919744215949,2025-02-20T06:28:48+05:30,134,voice
CDR-003775,917814266084,919690393547,2025-02-20T06:37:32+05:30,161,voice
CDR-003776,917876457943,917147613772,2025-02-20T06:44:25+05:30,27,voice
CDR-003777,918525720621,918829009322,2025-02-20T06:50:47+05:30,279,voice
CDR-003778,916122729730,916937699779,2025-02-20T07:00:05+05:30,61,voice
CDR-003779,919690393547,916637885677,2025-02-20T07:31:15+05:30,156,voice
CDR-003780,918823052386,917888064876,2025-02-20T07:44:19+05:30,12,voice
CDR-003781,919994738491,917837617691,2025-02-20T08:02:28+05:30,16,voice
CDR-003782,916375107792,917876457943,2025-02-20T08:06:22+05:30,35,voice
CDR-003783,916855008436,916026997648,2025-02-20T08:25:21+05:30,15,voice
CDR-003784,918973120296,917930732092,2025-02-20T09:03:37+05:30,10,voice
CDR-003785,919153442407,917846947792,2025-02-20T09:22:26+05:30,40,voice
CDR-003786,916026997648,919577944637,2025-02-20T09:23:20+05:30,101,voice
CDR-003787,916518301062,918081943102,2025-02-20T09:27:10+05:30,69,voice
CDR-003788,919415717273,918525720621,2025-02-20T10:21:04+05:30,151,voice
CDR-003789,916275552433,919896703780,2025-02-20T10:21:29+05:30,18,voice
CDR-003790,916694321946,919415717273,2025-02-20T10:29:43+05:30,85,voice
CDR-003791,917187698223,918485143212,2025-02-20T10:34:00+05:30,0,sms
CDR-003792,918851286499,917447202903,2025-02-20T10:35:18+05:30,0,sms
CDR-003793,916223553521,917268526587,2025-02-20T11:01:21+05:30,57,voice
CDR-003794,917268526587,916770012075,2025-02-20T11:08:16+05:30,86,voice
CDR-003795,918238710435,918081943102,2025-02-20T11:20:55+05:30,145,voice
CDR-003796,916812873288,917260443015,2025-02-20T11:32:01+05:30,154,voice
CDR-003797,916996582331,919371826549,2025-02-20T11:54:10+05:30,0,sms
CDR-003798,918973120296,916026997648,2025-02-20T12:26:58+05:30,273,voice
CDR-003799,919577944637,918766270784,2025-02-20T13:07:52+05:30,17,voice
CDR-003800,918437653138,916637885677,2025-02-20T13:20:19+05:30,0,sms
CDR-003801,917844273643,917147613772,2025-02-20T14:03:38+05:30,21,voice
CDR-003802,916375107792,917876457943,2025-02-20T14:13:51+05:30,25,voice
CDR-003803,918227250029,917469027111,2025-02-20T14:14:19+05:30,0,sms
CDR-003804,917970653224,916637885677,2025-02-20T14:21:20+05:30,29,voice
CDR-003805,917388520357,917952549560,2025-02-20T14:23:40+05:30,46,voice
CDR-003806,916691567852,916641395672,2025-02-20T14:31:27+05:30,66,voice
CDR-003807,916194464851,916931872820,2025-02-20T14:42:04+05:30,40,voice
CDR-003808,918437653138,917485979569,2025-02-20T14:58:09+05:30,0,sms
CDR-003809,919714540957,919744215949,2025-02-20T15:01:59+05:30,0,sms
CDR-003810,918382865694,918572218538,2025-02-20T15:55:51+05:30,23,voice
CDR-003811,919772591901,916051518115,2025-02-20T15:57:04+05:30,12,voice
CDR-003812,916996582331,919371826549,2025-02-20T16:27:55+05:30,90,voice
CDR-003813,917187698223,918227250029,2025-02-20T16:30:57+05:30,61,voice
CDR-003814,919571619646,916555122302,2025-02-20T16:36:21+05:30,131,voice
CDR-003815,918527357736,918840103823,2025-02-20T16:55:42+05:30,24,voice
CDR-003816,917353300525,916325845808,2025-02-20T17:05:24+05:30,118,voice
CDR-003817,919994738491,919690393547,2025-02-20T17:06:38+05:30,52,voice
CDR-003818,917260443015,917970653224,2025-02-20T17:12:14+05:30,0,sms
CDR-003819,917679658289,918829009322,2025-02-20T17:27:55+05:30,49,voice
CDR-003820,917556372626,917353300525,2025-02-20T18:04:37+05:30,48,voice
CDR-003821,916375107792,916849321768,2025-02-20T18:04:58+05:30,36,voice
CDR-003822,917388520357,918224632063,2025-02-20T18:10:54+05:30,28,voice
CDR-003823,918525720621,916017179896,2025-02-20T18:10:57+05:30,187,voice
CDR-003824,917260443015,917353300525,2025-02-20T18:13:06+05:30,24,voice
CDR-003825,917679658289,918829009322,2025-02-20T18:23:33+05:30,262,voice
CDR-003826,916729640279,918829009322,2025-02-20T18:26:10+05:30,59,voice
CDR-003827,918829009322,919415717273,2025-02-20T18:42:12+05:30,11,voice
CDR-003828,917970653224,917447202903,2025-02-20T18:51:38+05:30,53,voice
CDR-003829,918437653138,918680810632,2025-02-20T18:52:37+05:30,42,voice
CDR-003830,919600233059,916309630372,2025-02-20T19:08:51+05:30,37,voice
CDR-003831,916309630372,917970653224,2025-02-20T19:31:47+05:30,140,voice
CDR-003832,917447202903,916665802686,2025-02-20T19:41:12+05:30,29,voice
CDR-003833,916309630372,919600233059,2025-02-20T19:49:33+05:30,11,voice
CDR-003834,916194464851,917616371951,2025-02-20T20:03:53+05:30,16,voice
CDR-003835,916694321946,919415717273,2025-02-20T20:05:31+05:30,133,voice
CDR-003836,917930732092,918973120296,2025-02-20T20:15:51+05:30,60,voice
CDR-003837,919384822654,917288961107,2025-02-20T20:17:08+05:30,37,voice
CDR-003838,918600238302,916435668733,2025-02-20T20:30:28+05:30,35,voice
CDR-003839,917353300525,916543832315,2025-02-20T20:32:14+05:30,166,voice
CDR-003840,916931872820,916935101816,2025-02-20T20:32:36+05:30,99,voice
CDR-003841,918771974035,916309630372,2025-02-20T20:33:17+05:30,151,voice
CDR-003842,919371826549,916996582331,2025-02-20T20:38:17+05:30,354,voice
CDR-003843,916424188799,916931872820,2025-02-20T20:42:27+05:30,41,voice
CDR-003844,918771974035,916309630372,2025-02-20T20:48:54+05:30,24,voice
CDR-003845,916665802686,918437653138,2025-02-20T20:56:52+05:30,180,voice
CDR-003846,919415717273,918829009322,2025-02-20T21:17:52+05:30,8,voice
CDR-003847,918766270784,916876538782,2025-02-20T21:24:11+05:30,94,voice
CDR-003848,917147613772,916702951376,2025-02-20T21:49:28+05:30,29,voice
CDR-003849,916996582331,918823052386,2025-02-20T21:56:27+05:30,111,voice
CDR-003850,918572218538,917914834602,2025-02-20T22:23:25+05:30,45,voice
CDR-003851,916770012075,919744215949,2025-02-20T22:27:38+05:30,49,voice
CDR-003852,916641395672,919571619646,2025-02-20T22:44:53+05:30,52,voice
CDR-003853,918510841654,916026997648,2025-02-20T23:07:12+05:30,81,voice
CDR-003854,916637885677,918437653138,2025-02-20T23:54:21+05:30,132,voice
CDR-003855,919415717273,918524624102,2025-02-20T23:56:25+05:30,14,voice
CDR-003856,919797302867,916367453616,2025-02-21T00:26:43+05:30,144,voice
CDR-003857,919384822654,916309630372,2025-02-21T02:01:29+05:30,95,voice
CDR-003858,916997171985,916309630372,2025-02-21T02:49:15+05:30,153,voice
CDR-003859,917844273643,918184188031,2025-02-21T06:35:03+05:30,0,sms
CDR-003860,916641395672,919571619646,2025-02-21T06:38:07+05:30,0,sms
CDR-003861,916223553521,917268526587,2025-02-21T06:51:02+05:30,18,voice
CDR-003862,916937699779,919714540957,2025-02-21T06:54:15+05:30,109,voice
CDR-003863,916217338638,916665802686,2025-02-21T07:02:55+05:30,0,sms
CDR-003864,918525720621,919415717273,2025-02-21T07:14:26+05:30,15,voice
CDR-003865,919371826549,918227250029,2025-02-21T07:28:55+05:30,26,voice
CDR-003866,918452335165,916435668733,2025-02-21T07:34:39+05:30,88,voice
CDR-003867,917616371951,918065255396,2025-02-21T08:05:52+05:30,0,sms
CDR-003868,916424188799,917469027111,2025-02-21T08:20:25+05:30,61,voice
CDR-003869,916309630372,918771974035,2025-02-21T08:23:49+05:30,24,voice
CDR-003870,916367453616,916424188799,2025-02-21T08:32:22+05:30,58,voice
CDR-003871,919571619646,916641395672,2025-02-21T08:51:32+05:30,44,voice
CDR-003872,917837617691,919994738491,2025-02-21T08:58:26+05:30,99,voice
CDR-003873,916217338638,916812873288,2025-02-21T09:08:15+05:30,0,sms
CDR-003874,916852224261,917888064876,2025-02-21T09:12:41+05:30,0,sms
CDR-003875,918047654190,918251165584,2025-02-21T09:35:46+05:30,95,voice
CDR-003876,917353300525,917260443015,2025-02-21T09:58:46+05:30,169,voice
CDR-003877,918772528373,916223553521,2025-02-21T10:02:26+05:30,101,voice
CDR-003878,919688936655,919153442407,2025-02-21T10:09:04+05:30,0,sms
CDR-003879,918524624102,919415717273,2025-02-21T10:15:12+05:30,92,voice
CDR-003880,918680810632,918437653138,2025-02-21T10:15:36+05:30,20,voice
CDR-003881,917952549560,916705754068,2025-02-21T10:41:07+05:30,11,voice
CDR-003882,916435668733,918437653138,2025-02-21T11:06:06+05:30,5,voice
CDR-003883,919600233059,916309630372,2025-02-21T11:31:12+05:30,24,voice
CDR-003884,917914834602,918572218538,2025-02-21T11:35:36+05:30,0,sms
CDR-003885,917930732092,918973120296,2025-02-21T11:46:10+05:30,94,voice
CDR-003886,916509638924,917630871663,2025-02-21T12:46:10+05:30,86,voice
CDR-003887,916082251340,916694321946,2025-02-21T12:46:43+05:30,121,voice
CDR-003888,919797302867,917187698223,2025-02-21T12:50:20+05:30,60,voice
CDR-003889,918437653138,918680810632,2025-02-21T13:03:57+05:30,164,voice
CDR-003890,918452335165,918547024696,2025-02-21T13:30:59+05:30,219,voice
CDR-003891,916996582331,919371826549,2025-02-21T13:32:58+05:30,242,voice
CDR-003892,919600233059,916309630372,2025-02-21T13:47:02+05:30,59,voice
CDR-003893,919600233059,918447344267,2025-02-21T13:56:44+05:30,329,voice
CDR-003894,917814266084,919994738491,2025-02-21T14:17:54+05:30,228,voice
CDR-003895,917288961107,919384822654,2025-02-21T15:05:05+05:30,202,voice
CDR-003896,918680810632,918437653138,2025-02-21T16:08:46+05:30,0,sms
CDR-003897,916935101816,916931872820,2025-02-21T16:13:29+05:30,174,voice
CDR-003898,919571619646,917730176490,2025-02-21T16:50:51+05:30,33,voice
CDR-003899,919742990720,916367453616,2025-02-21T16:52:56+05:30,22,voice
CDR-003900,919384822654,917970653224,2025-02-21T17:06:44+05:30,30,voice
CDR-003901,917952549560,919747267016,2025-02-21T17:29:00+05:30,52,voice
CDR-003902,917556372626,918680810632,2025-02-21T17:29:17+05:30,229,voice
CDR-003903,918227250029,916996582331,2025-02-21T17:48:40+05:30,319,voice
CDR-003904,917260443015,916812873288,2025-02-21T18:03:10+05:30,40,voice
CDR-003905,919797302867,916935101816,2025-02-21T18:16:00+05:30,13,voice
CDR-003906,917147613772,917844273643,2025-02-21T18:17:27+05:30,225,voice
CDR-003907,919647323963,919571619646,2025-02-21T18:24:50+05:30,36,voice
CDR-003908,918771974035,916309630372,2025-02-21T18:38:18+05:30,0,sms
CDR-003909,916217338638,919690393547,2025-02-21T19:04:09+05:30,59,voice
CDR-003910,916702951376,917147613772,2025-02-21T19:10:57+05:30,140,voice
CDR-003911,917930732092,916026997648,2025-02-21T19:11:23+05:30,302,voice
CDR-003912,917876457943,916702951376,2025-02-21T19:15:26+05:30,26,voice
CDR-003913,917288961107,919384822654,2025-02-21T19:50:13+05:30,105,voice
CDR-003914,916017179896,919747267016,2025-02-21T19:54:20+05:30,90,voice
CDR-003915,916855008436,916876538782,2025-02-21T20:06:03+05:30,41,voice
CDR-003916,916051518115,916017179896,2025-02-21T20:14:49+05:30,19,voice
CDR-003917,916217338638,916665802686,2025-02-21T20:18:36+05:30,60,voice
CDR-003918,919384822654,916309630372,2025-02-21T20:23:17+05:30,38,voice
CDR-003919,919384822654,916849321768,2025-02-21T20:48:22+05:30,144,voice
CDR-003920,917679658289,916055439146,2025-02-21T20:49:16+05:30,33,voice
CDR-003921,919577944637,918525720621,2025-02-21T21:02:14+05:30,42,voice
CDR-003922,917469027111,916424188799,2025-02-21T21:05:52+05:30,10,voice
CDR-003923,919797302867,916931872820,2025-02-21T21:07:29+05:30,45,voice
CDR-003924,917952549560,916017179896,2025-02-21T21:20:26+05:30,0,sms
CDR-003925,919742990720,916367453616,2025-02-21T21:23:09+05:30,95,voice
CDR-003926,917952549560,917388520357,2025-02-21T21:40:26+05:30,0,sms
CDR-003927,916641395672,917730176490,2025-02-21T21:52:48+05:30,41,voice
CDR-003928,917311481954,918547024696,2025-02-21T22:10:36+05:30,0,sms
CDR-003929,918224632063,919415717273,2025-02-21T22:22:14+05:30,74,voice
CDR-003930,916702951376,916375107792,2025-02-21T22:35:18+05:30,98,voice
CDR-003931,919600233059,916849321768,2025-02-21T22:48:20+05:30,36,voice
CDR-003932,919600233059,916309630372,2025-02-21T22:54:14+05:30,58,voice
CDR-003933,918517802039,916637885677,2025-02-21T22:58:17+05:30,9,voice
CDR-003934,919384822654,916309630372,2025-02-21T23:36:48+05:30,85,voice
CDR-003935,917353300525,917260443015,2025-02-21T23:42:43+05:30,90,voice
CDR-003936,918600238302,918437653138,2025-02-21T23:57:02+05:30,25,voice
CDR-003937,917500083076,916876538782,2025-02-21T23:58:46+05:30,110,voice
CDR-003938,916309630372,919384822654,2025-02-22T00:03:37+05:30,0,sms
CDR-003939,916876538782,917679658289,2025-02-22T02:49:24+05:30,166,voice
CDR-003940,917837617691,919994738491,2025-02-22T02:57:18+05:30,20,voice
CDR-003941,916665802686,916729640279,2025-02-22T04:01:20+05:30,26,voice
CDR-003942,917260443015,917353300525,2025-02-22T06:40:04+05:30,17,voice
CDR-003943,917844273643,916849321768,2025-02-22T06:41:34+05:30,33,voice
CDR-003944,916641395672,917989228447,2025-02-22T07:16:08+05:30,0,sms
CDR-003945,916931872820,916424188799,2025-02-22T07:18:36+05:30,30,voice
CDR-003946,918829009322,919415717273,2025-02-22T07:32:02+05:30,60,voice
CDR-003947,917989228447,919647323963,2025-02-22T07:37:02+05:30,15,voice
CDR-003948,919384822654,919600233059,2025-02-22T07:41:13+05:30,54,voice
CDR-003949,918766270784,918840103823,2025-02-22T07:47:55+05:30,66,voice
CDR-003950,919690393547,916217338638,2025-02-22T08:42:27+05:30,64,voice
CDR-003951,917147613772,916702951376,2025-02-22T08:46:12+05:30,86,voice
CDR-003952,916223553521,917268526587,2025-02-22T09:03:26+05:30,15,voice
CDR-003953,918224632063,919415717273,2025-02-22T09:12:36+05:30,16,voice
CDR-003954,919415717273,917679658289,2025-02-22T09:21:04+05:30,51,voice
CDR-003955,919571619646,916641395672,2025-02-22T09:30:45+05:30,34,voice
CDR-003956,918251165584,917914834602,2025-02-22T10:31:59+05:30,29,voice
CDR-003957,917268526587,916770012075,2025-02-22T10:36:41+05:30,22,voice
CDR-003958,919326047954,916026997648,2025-02-22T10:43:18+05:30,117,voice
CDR-003959,918766270784,919577944637,2025-02-22T11:04:32+05:30,222,voice
CDR-003960,918524624102,919415717273,2025-02-22T11:10:12+05:30,52,voice
CDR-003961,917679658289,919415717273,2025-02-22T11:19:15+05:30,125,voice
CDR-003962,916026997648,919577944637,2025-02-22T11:28:24+05:30,61,voice
CDR-003963,919896703780,916641395672,2025-02-22T12:00:44+05:30,0,sms
CDR-003964,918843189740,917123981476,2025-02-22T12:06:44+05:30,24,voice
CDR-003965,916122729730,916937699779,2025-02-22T12:31:15+05:30,0,sms
CDR-003966,917930732092,918766270784,2025-02-22T12:39:40+05:30,37,voice
CDR-003967,919577944637,917679658289,2025-02-22T12:53:01+05:30,0,sms
CDR-003968,919600233059,916309630372,2025-02-22T12:59:13+05:30,244,voice
CDR-003969,919600233059,916309630372,2025-02-22T13:00:46+05:30,91,voice
CDR-003970,919577944637,919326047954,2025-02-22T13:35:49+05:30,106,voice
CDR-003971,916637885677,916665802686,2025-02-22T13:59:27+05:30,0,sms
CDR-003972,916309630372,919896703780,2025-02-22T14:23:16+05:30,47,voice
CDR-003973,919153442407,919688936655,2025-02-22T14:27:40+05:30,45,voice
CDR-003974,916543832315,917556372626,2025-02-22T14:44:05+05:30,0,sms
CDR-003975,916960990031,916309630372,2025-02-22T14:47:31+05:30,30,voice
CDR-003976,916518301062,918382865694,2025-02-22T14:48:58+05:30,125,voice
CDR-003977,916787800822,916637885677,2025-02-22T14:49:03+05:30,362,voice
CDR-003978,916876538782,916855008436,2025-02-22T14:52:13+05:30,38,voice
CDR-003979,916996582331,916367453616,2025-02-22T15:01:36+05:30,41,voice
CDR-003980,916849321768,919384822654,2025-02-22T15:07:00+05:30,45,voice
CDR-003981,916309630372,918771974035,2025-02-22T15:07:43+05:30,240,voice
CDR-003982,918680810632,917556372626,2025-02-22T15:09:55+05:30,64,voice
CDR-003983,918766270784,916026997648,2025-02-22T15:22:58+05:30,72,voice
CDR-003984,916665802686,916787800822,2025-02-22T15:29:55+05:30,57,voice
CDR-003985,918572218538,919797302867,2025-02-22T15:43:22+05:30,43,voice
CDR-003986,917679658289,916509638924,2025-02-22T16:00:22+05:30,180,voice
CDR-003987,918437653138,916637885677,2025-02-22T16:12:25+05:30,0,sms
CDR-003988,919371826549,916931872820,2025-02-22T16:21:09+05:30,65,voice
CDR-003989,919744215949,919714540957,2025-02-22T16:46:51+05:30,139,voice
CDR-003990,919384822654,917288961107,2025-02-22T17:02:01+05:30,18,voice
CDR-003991,919647323963,917989228447,2025-02-22T17:15:18+05:30,25,voice
CDR-003992,917952549560,917388520357,2025-02-22T17:33:10+05:30,333,voice
CDR-003993,918829009322,917679658289,2025-02-22T18:08:12+05:30,21,voice
CDR-003994,919577944637,916026997648,2025-02-22T18:26:07+05:30,38,voice
CDR-003995,916702951376,916375107792,2025-02-22T18:26:37+05:30,92,voice
CDR-003996,916194464851,917616371951,2025-02-22T18:40:45+05:30,79,voice
CDR-003997,918766270784,919577944637,2025-02-22T18:57:37+05:30,95,voice
CDR-003998,917630871663,916082251340,2025-02-22T19:03:00+05:30,126,voice
CDR-003999,917545969696,918452335165,2025-02-22T19:03:27+05:30,57,voice
CDR-004000,918437653138,916637885677,2025-02-22T19:24:40+05:30,96,voice
CDR-004001,916424188799,917469027111,2025-02-22T19:29:10+05:30,0,sms
CDR-004002,916309630372,918771974035,2025-02-22T19:32:39+05:30,147,voice
CDR-004003,918227250029,916996582331,2025-02-22T19:46:08+05:30,45,voice
CDR-004004,917876587248,919371826549,2025-02-22T19:59:10+05:30,21,voice
CDR-004005,916509638924,916082251340,2025-02-22T20:12:08+05:30,83,voice
CDR-004006,919600233059,916309630372,2025-02-22T20:18:19+05:30,91,voice
CDR-004007,919896703780,916275552433,2025-02-22T20:36:22+05:30,96,voice
CDR-004008,916787800822,916637885677,2025-02-22T20:44:58+05:30,235,voice
CDR-004009,916694321946,918510841654,2025-02-22T20:51:36+05:30,100,voice
CDR-004010,918437653138,918600238302,2025-02-22T20:53:24+05:30,63,voice
CDR-004011,916665802686,916729640279,2025-02-22T20:56:09+05:30,56,voice
CDR-004012,919896703780,916641395672,2025-02-22T21:12:27+05:30,285,voice
CDR-004013,916479900999,917469027111,2025-02-22T21:12:51+05:30,39,voice
CDR-004014,918600238302,918437653138,2025-02-22T21:14:17+05:30,138,voice
CDR-004015,917888064876,918823052386,2025-02-22T21:37:18+05:30,22,voice
CDR-004016,917353300525,917260443015,2025-02-22T21:42:19+05:30,0,sms
CDR-004017,917545969696,919994738491,2025-02-22T21:57:27+05:30,294,voice
CDR-004018,917837617691,918547024696,2025-02-22T22:06:09+05:30,212,voice
CDR-004019,917447202903,917970653224,2025-02-22T22:32:57+05:30,22,voice
CDR-004020,916729640279,916665802686,2025-02-22T22:57:27+05:30,220,voice
CDR-004021,917447202903,916637885677,2025-02-22T23:05:30+05:30,21,voice
CDR-004022,916702951376,916325845808,2025-02-22T23:26:58+05:30,25,voice
CDR-004023,916770012075,917268526587,2025-02-22T23:53:12+05:30,52,voice
CDR-004024,918437653138,918600238302,2025-02-23T02:18:31+05:30,124,voice
CDR-004025,919600233059,916849321768,2025-02-23T02:34:00+05:30,18,voice
CDR-004026,917970653224,916637885677,2025-02-23T02:35:36+05:30,0,sms
CDR-004027,916424188799,916518301062,2025-02-23T03:16:19+05:30,0,sms
CDR-004028,916787800822,916665802686,2025-02-23T04:21:12+05:30,57,voice
CDR-004029,916694321946,919415717273,2025-02-23T04:30:59+05:30,27,voice
CDR-004030,918829009322,919415717273,2025-02-23T04:44:07+05:30,32,voice
CDR-004031,916787800822,916665802686,2025-02-23T05:21:17+05:30,14,voice
CDR-004032,919384822654,919600233059,2025-02-23T05:39:17+05:30,22,voice
CDR-004033,916217338638,916637885677,2025-02-23T06:00:11+05:30,80,voice
CDR-004034,919577944637,916729640279,2025-02-23T06:43:30+05:30,0,sms
CDR-004035,917616371951,918251165584,2025-02-23T06:43:53+05:30,8,voice
CDR-004036,916876538782,917679658289,2025-02-23T07:11:17+05:30,223,voice
CDR-004037,918843189740,916996582331,2025-02-23T07:23:26+05:30,52,voice
CDR-004038,918251165584,918047654190,2025-02-23T07:39:44+05:30,169,voice
CDR-004039,919326047954,918524624102,2025-02-23T07:44:53+05:30,54,voice
CDR-004040,916937699779,919744215949,2025-02-23T07:55:39+05:30,39,voice
CDR-004041,919577944637,916026997648,2025-02-23T08:06:01+05:30,37,voice
CDR-004042,917353300525,916812873288,2025-02-23T08:06:07+05:30,13,voice
CDR-004043,916367453616,916479900999,2025-02-23T08:49:40+05:30,0,sms
CDR-004044,919744215949,916937699779,2025-02-23T09:14:15+05:30,0,sms
CDR-004045,917888064876,918823052386,2025-02-23T09:16:36+05:30,59,voice
CDR-004046,916812873288,917485979569,2025-02-23T09:24:08+05:30,121,voice
CDR-004047,916309630372,919600233059,2025-02-23T09:24:11+05:30,25,voice
CDR-004048,919571619646,917730176490,2025-02-23T09:44:44+05:30,214,voice
CDR-004049,916561718843,919688936655,2025-02-23T10:22:03+05:30,30,voice
CDR-004050,916931872820,919371826549,2025-02-23T10:22:28+05:30,78,voice
CDR-004051,919600233059,916309630372,2025-02-23T10:24:33+05:30,146,voice
CDR-004052,916309630372,918771974035,2025-02-23T11:02:57+05:30,12,voice
CDR-004053,918771974035,916309630372,2025-02-23T11:37:08+05:30,32,voice
CDR-004054,916309630372,917970653224,2025-02-23T11:37:56+05:30,39,voice
CDR-004055,918547024696,917545969696,2025-02-23T11:42:42+05:30,130,voice
CDR-004056,916729640279,918829009322,2025-02-23T11:43:10+05:30,61,voice
CDR-004057,917989228447,916641395672,2025-02-23T12:23:17+05:30,128,voice
CDR-004058,919994738491,917545969696,2025-02-23T14:05:42+05:30,35,voice
CDR-004059,918251165584,918572218538,2025-02-23T14:21:37+05:30,119,voice
CDR-004060,916309630372,916960990031,2025-02-23T14:26:31+05:30,43,voice
CDR-004061,918525720621,916051518115,2025-02-23T14:44:30+05:30,99,voice
CDR-004062,919747267016,917388520357,2025-02-23T14:59:39+05:30,88,voice
CDR-004063,916017179896,919747267016,2025-02-23T15:00:00+05:30,63,voice
CDR-004064,918452335165,919690393547,2025-02-23T15:19:45+05:30,265,voice
CDR-004065,917545969696,919994738491,2025-02-23T15:48:16+05:30,11,voice
CDR-004066,916729640279,918829009322,2025-02-23T16:25:45+05:30,51,voice
CDR-004067,918332441743,918081943102,2025-02-23T17:02:14+05:30,21,voice
CDR-004068,916082251340,916694321946,2025-02-23T17:03:57+05:30,36,voice
CDR-004069,917814266084,919690393547,2025-02-23T17:45:10+05:30,77,voice
CDR-004070,918238710435,918766270784,2025-02-23T17:56:25+05:30,64,voice
CDR-004071,916931872820,916424188799,2025-02-23T18:29:37+05:30,50,voice
CDR-004072,916479900999,916518301062,2025-02-23T18:53:00+05:30,88,voice
CDR-004073,919690393547,917485979569,2025-02-23T18:53:41+05:30,60,voice
CDR-004074,917260443015,916543832315,2025-02-23T19:03:43+05:30,48,voice
CDR-004075,916855008436,916509638924,2025-02-23T19:12:06+05:30,44,voice
CDR-004076,916855008436,916876538782,2025-02-23T19:36:36+05:30,196,voice
CDR-004077,916691567852,916275552433,2025-02-23T19:50:01+05:30,100,voice
CDR-004078,916937699779,919744215949,2025-02-23T20:18:17+05:30,29,voice
CDR-004079,917876457943,916997171985,2025-02-23T20:37:40+05:30,72,voice
CDR-004080,918251165584,918572218538,2025-02-23T21:13:41+05:30,0,sms
CDR-004081,916931872820,916424188799,2025-02-23T21:45:34+05:30,30,voice
CDR-004082,916665802686,916637885677,2025-02-23T22:02:23+05:30,32,voice
CDR-004083,917538776094,919371826549,2025-02-23T22:02:48+05:30,170,voice
CDR-004084,916637885677,916665802686,2025-02-23T22:03:59+05:30,86,voice
CDR-004085,916424188799,916852224261,2025-02-23T22:34:12+05:30,47,voice
CDR-004086,917930732092,918766270784,2025-02-23T22:43:24+05:30,0,sms
CDR-004087,918973120296,917930732092,2025-02-23T22:56:47+05:30,29,voice
CDR-004088,917311481954,918680810632,2025-02-23T22:58:56+05:30,92,voice
CDR-004089,916997171985,917876457943,2025-02-23T23:07:58+05:30,0,sms
CDR-004090,919153442407,919688936655,2025-02-23T23:19:21+05:30,55,voice
CDR-004091,918547024696,917837617691,2025-02-23T23:20:25+05:30,40,voice
CDR-004092,919577944637,918525720621,2025-02-23T23:35:32+05:30,0,sms
CDR-004093,917469027111,916479900999,2025-02-23T23:38:40+05:30,68,voice
CDR-004094,918251165584,917914834602,2025-02-23T23:45:25+05:30,106,voice
CDR-004095,916026997648,918973120296,2025-02-23T23:46:17+05:30,29,voice
CDR-004096,916435668733,916637885677,2025-02-24T00:23:45+05:30,153,voice
CDR-004097,919571619646,917730176490,2025-02-24T01:15:10+05:30,30,voice
CDR-004098,919600233059,916309630372,2025-02-24T01:48:49+05:30,106,voice
CDR-004099,919688936655,919153442407,2025-02-24T02:58:51+05:30,78,voice
CDR-004100,918227250029,916996582331,2025-02-24T06:00:14+05:30,0,sms
CDR-004101,918437653138,916435668733,2025-02-24T06:02:12+05:30,51,voice
CDR-004102,916937699779,919714540957,2025-02-24T06:07:29+05:30,73,voice
CDR-004103,917469027111,917538776094,2025-02-24T06:13:29+05:30,54,voice
CDR-004104,919577944637,918766270784,2025-02-24T06:19:37+05:30,85,voice
CDR-004105,917930732092,919326047954,2025-02-24T06:33:52+05:30,160,voice
CDR-004106,919994738491,917814266084,2025-02-24T06:51:56+05:30,66,voice
CDR-004107,919797302867,918823052386,2025-02-24T06:57:27+05:30,19,voice
CDR-004108,918973120296,917930732092,2025-02-24T07:04:13+05:30,20,voice
CDR-004109,916996582331,916367453616,2025-02-24T07:12:28+05:30,169,voice
CDR-004110,916082251340,916509638924,2025-02-24T08:17:49+05:30,74,voice
CDR-004111,918766270784,919577944637,2025-02-24T08:59:15+05:30,122,voice
CDR-004112,916223553521,918772528373,2025-02-24T09:05:45+05:30,58,voice
CDR-004113,916194464851,917616371951,2025-02-24T09:18:30+05:30,56,voice
CDR-004114,918680810632,918851286499,2025-02-24T10:39:55+05:30,0,sms
CDR-004115,919371826549,916931872820,2025-02-24T11:49:48+05:30,48,voice
CDR-004116,917447202903,918851286499,2025-02-24T12:08:58+05:30,242,voice
CDR-004117,917837617691,919994738491,2025-02-24T13:02:43+05:30,7,voice
CDR-004118,916812873288,916787800822,2025-02-24T13:22:23+05:30,74,voice
CDR-004119,916051518115,918845716772,2025-02-24T13:31:56+05:30,57,voice
CDR-004120,917876457943,919600233059,2025-02-24T13:58:12+05:30,65,voice
CDR-004121,919690393547,918547024696,2025-02-24T14:13:52+05:30,45,voice
CDR-004122,917388520357,917134946256,2025-02-24T14:31:13+05:30,119,voice
CDR-004123,916641395672,917989228447,2025-02-24T14:37:52+05:30,0,sms
CDR-004124,918238710435,918081943102,2025-02-24T15:12:17+05:30,0,sms
CDR-004125,916637885677,917447202903,2025-02-24T15:13:36+05:30,68,voice
CDR-004126,916026997648,918766270784,2025-02-24T15:35:42+05:30,22,voice
CDR-004127,916876538782,917679658289,2025-02-24T15:37:02+05:30,48,voice
CDR-004128,916367453616,916931872820,2025-02-24T15:41:36+05:30,87,voice
CDR-004129,919415717273,918829009322,2025-02-24T15:43:47+05:30,96,voice
CDR-004130,916787800822,918547024696,2025-02-24T15:57:37+05:30,49,voice
CDR-004131,919994738491,918452335165,2025-02-24T16:28:14+05:30,0,sms
CDR-004132,918517802039,916653793670,2025-02-24T16:46:20+05:30,31,voice
CDR-004133,919797302867,917187698223,2025-02-24T16:58:37+05:30,54,voice
CDR-004134,918823052386,918081943102,2025-02-24T16:59:23+05:30,109,voice
CDR-004135,916309630372,916293377920,2025-02-24T17:39:30+05:30,37,voice
CDR-004136,916194464851,917616371951,2025-02-24T17:41:57+05:30,0,sms
CDR-004137,918437653138,918680810632,2025-02-24T18:09:07+05:30,94,voice
CDR-004138,917469027111,916424188799,2025-02-24T18:18:41+05:30,56,voice
CDR-004139,916509638924,917679658289,2025-02-24T18:22:22+05:30,166,voice
CDR-004140,917914834602,918251165584,2025-02-24T18:23:55+05:30,33,voice
CDR-004141,916935101816,917187698223,2025-02-24T18:31:09+05:30,38,voice
CDR-004142,916876538782,917679658289,2025-02-24T18:45:34+05:30,125,voice
CDR-004143,919326047954,917930732092,2025-02-24T18:47:07+05:30,42,voice
CDR-004144,917989228447,916912523398,2025-02-24T18:55:16+05:30,33,voice
CDR-004145,916931872820,916424188799,2025-02-24T19:19:06+05:30,24,voice
CDR-004146,916637885677,918437653138,2025-02-24T19:19:45+05:30,60,voice
CDR-004147,916424188799,916367453616,2025-02-24T19:27:50+05:30,0,sms
CDR-004148,917952549560,916017179896,2025-02-24T20:24:06+05:30,37,voice
CDR-004149,919384822654,916309630372,2025-02-24T20:27:32+05:30,85,voice
CDR-004150,916051518115,918525720621,2025-02-24T21:03:38+05:30,0,sms
CDR-004151,917730176490,919571619646,2025-02-24T21:10:46+05:30,212,voice
CDR-004152,919797302867,918823052386,2025-02-24T21:18:33+05:30,31,voice
CDR-004153,919384822654,916309630372,2025-02-24T21:28:30+05:30,330,voice
CDR-004154,917388520357,916051518115,2025-02-24T21:29:48+05:30,30,voice
CDR-004155,919384822654,916309630372,2025-02-24T21:37:04+05:30,19,voice
CDR-004156,918829009322,916729640279,2025-02-24T21:39:08+05:30,19,voice
CDR-004157,916026997648,918973120296,2025-02-24T22:00:32+05:30,34,voice
CDR-004158,919415717273,916694321946,2025-02-24T22:04:14+05:30,0,sms
CDR-004159,919153442407,916849321768,2025-02-24T22:10:28+05:30,56,voice
CDR-004160,918547024696,917970653224,2025-02-24T22:14:30+05:30,56,voice
CDR-004161,919326047954,917930732092,2025-02-24T22:22:35+05:30,128,voice
CDR-004162,916694321946,916509638924,2025-02-24T22:38:38+05:30,0,sms
CDR-004163,916996582331,918843189740,2025-02-24T22:41:04+05:30,30,voice
CDR-004164,916518301062,916424188799,2025-02-24T22:42:27+05:30,52,voice
CDR-004165,916787800822,916665802686,2025-02-24T23:04:57+05:30,0,sms
CDR-004166,916017179896,916051518115,2025-02-24T23:11:30+05:30,27,voice
CDR-004167,919384822654,917970653224,2025-02-24T23:24:46+05:30,113,voice
CDR-004168,916997171985,916309630372,2025-02-24T23:56:02+05:30,42,voice
CDR-004169,916309630372,919896703780,2025-02-25T00:33:16+05:30,0,sms
CDR-004170,916787800822,916665802686,2025-02-25T00:37:27+05:30,132,voice
CDR-004171,916026997648,918973120296,2025-02-25T01:19:03+05:30,5,voice
CDR-004172,917730176490,916641395672,2025-02-25T06:10:16+05:30,0,sms
CDR-004173,918437653138,918600238302,2025-02-25T06:24:02+05:30,0,sms
CDR-004174,918766270784,919326047954,2025-02-25T06:51:59+05:30,18,voice
CDR-004175,916435668733,917260443015,2025-02-25T06:52:11+05:30,28,voice
CDR-004176,917556372626,916812873288,2025-02-25T07:36:48+05:30,41,voice
CDR-004177,916665802686,917837617691,2025-02-25T07:45:54+05:30,175,voice
CDR-004178,918829009322,918238710435,2025-02-25T08:54:15+05:30,0,sms
CDR-004179,917814266084,919690393547,2025-02-25T09:05:57+05:30,0,sms
CDR-004180,917876457943,918184188031,2025-02-25T10:04:31+05:30,14,voice
CDR-004181,916555122302,919647323963,2025-02-25T10:07:41+05:30,62,voice
CDR-004182,918251165584,916535545166,2025-02-25T10:11:59+05:30,86,voice
CDR-004183,916051518115,918845716772,2025-02-25T10:26:10+05:30,65,voice
CDR-004184,917147613772,918063398568,2025-02-25T10:33:40+05:30,136,voice
CDR-004185,917260443015,917353300525,2025-02-25T11:14:49+05:30,99,voice
CDR-004186,918572218538,919797302867,2025-02-25T11:17:32+05:30,0,sms
CDR-004187,916665802686,916637885677,2025-02-25T11:23:19+05:30,133,voice
CDR-004188,916509638924,916082251340,2025-02-25T11:39:35+05:30,17,voice
CDR-004189,918829009322,919415717273,2025-02-25T12:05:37+05:30,40,voice
CDR-004190,917876457943,916540081641,2025-02-25T12:09:28+05:30,19,voice
CDR-004191,917989228447,918840103823,2025-02-25T12:15:30+05:30,105,voice
CDR-004192,918600238302,918680810632,2025-02-25T12:24:40+05:30,89,voice
CDR-004193,918829009322,919415717273,2025-02-25T12:30:29+05:30,60,voice
CDR-004194,916641395672,917989228447,2025-02-25T12:39:40+05:30,78,voice
CDR-004195,916641395672,917989228447,2025-02-25T12:50:33+05:30,49,voice
CDR-004196,918973120296,918829009322,2025-02-25T13:35:01+05:30,51,voice
CDR-004197,917837617691,917545969696,2025-02-25T13:49:44+05:30,0,sms
CDR-004198,916665802686,916729640279,2025-02-25T14:21:32+05:30,73,voice
CDR-004199,919896703780,916309630372,2025-02-25T14:46:03+05:30,23,voice
CDR-004200,917268526587,916223553521,2025-02-25T14:51:08+05:30,0,sms
CDR-004201,918047654190,918251165584,2025-02-25T15:02:36+05:30,66,voice
CDR-004202,916935101816,916424188799,2025-02-25T15:36:49+05:30,11,voice
CDR-004203,917260443015,916435668733,2025-02-25T16:22:09+05:30,60,voice
CDR-004204,918525720621,918829009322,2025-02-25T16:25:08+05:30,143,voice
CDR-004205,916637885677,918517802039,2025-02-25T16:39:04+05:30,0,sms
CDR-004206,917989228447,916912523398,2025-02-25T16:41:47+05:30,57,voice
CDR-004207,916122729730,919714540957,2025-02-25T16:42:53+05:30,49,voice
CDR-004208,918572218538,918447344267,2025-02-25T16:45:23+05:30,39,voice
CDR-004209,919688936655,916997171985,2025-02-25T16:50:44+05:30,37,voice
CDR-004210,916935101816,917187698223,2025-02-25T17:39:02+05:30,0,sms
CDR-004211,916479900999,916852224261,2025-02-25T18:06:17+05:30,86,voice
CDR-004212,918452335165,917837617691,2025-02-25T18:19:47+05:30,263,voice
CDR-004213,917914834602,918572218538,2025-02-25T18:19:51+05:30,0,sms
CDR-004214,919688936655,919153442407,2025-02-25T18:43:27+05:30,147,voice
CDR-004215,916082251340,916509638924,2025-02-25T18:48:50+05:30,256,voice
CDR-004216,918600238302,918437653138,2025-02-25T18:58:50+05:30,69,voice
CDR-004217,919577944637,917679658289,2025-02-25T19:21:00+05:30,122,voice
CDR-004218,918527357736,919342059358,2025-02-25T19:21:41+05:30,347,voice
CDR-004219,917147613772,917844273643,2025-02-25T19:24:09+05:30,0,sms
CDR-004220,918227250029,916996582331,2025-02-25T20:00:18+05:30,107,voice
CDR-004221,916729640279,916665802686,2025-02-25T20:02:20+05:30,28,voice
CDR-004222,917994279003,917919104175,2025-02-25T20:36:00+05:30,237,voice
CDR-004223,917500083076,917679658289,2025-02-25T20:48:46+05:30,157,voice
CDR-004224,919647323963,916555122302,2025-02-25T20:57:14+05:30,43,voice
CDR-004225,917485979569,917545969696,2025-02-25T21:04:24+05:30,32,voice
CDR-004226,919577944637,918525720621,2025-02-25T21:05:44+05:30,0,sms
CDR-004227,916509638924,917500083076,2025-02-25T21:06:09+05:30,49,voice
CDR-004228,916702951376,917876457943,2025-02-25T22:10:53+05:30,62,voice
CDR-004229,917388520357,916051518115,2025-02-25T22:11:31+05:30,74,voice
CDR-004230,916641395672,919647323963,2025-02-25T22:24:47+05:30,34,voice
CDR-004231,917556372626,917260443015,2025-02-25T22:37:26+05:30,0,sms
CDR-004232,916082251340,916509638924,2025-02-25T23:34:26+05:30,48,voice
CDR-004233,917989228447,916912523398,2025-02-25T23:49:51+05:30,101,voice
CDR-004234,916637885677,918437653138,2025-02-26T02:28:35+05:30,88,voice
CDR-004235,918829009322,917679658289,2025-02-26T02:39:11+05:30,238,voice
CDR-004236,916424188799,916852224261,2025-02-26T04:37:00+05:30,58,voice
CDR-004237,916555122302,917989228447,2025-02-26T05:01:30+05:30,92,voice
CDR-004238,918437653138,916637885677,2025-02-26T05:54:16+05:30,56,voice
CDR-004239,918238710435,918766270784,2025-02-26T06:05:07+05:30,69,voice
CDR-004240,916017179896,917500083076,2025-02-26T06:09:18+05:30,43,voice
CDR-004241,918485143212,917994279003,2025-02-26T06:36:10+05:30,33,voice
CDR-004242,917930732092,918973120296,2025-02-26T06:41:31+05:30,84,voice
CDR-004243,918843189740,917187698223,2025-02-26T06:48:26+05:30,73,voice
CDR-004244,919714540957,916937699779,2025-02-26T06:57:32+05:30,0,sms
CDR-004245,917930732092,918766270784,2025-02-26T07:05:56+05:30,130,voice
CDR-004246,916435668733,918600238302,2025-02-26T07:20:54+05:30,12,voice
CDR-004247,918332441743,919342059358,2025-02-26T07:46:01+05:30,34,voice
CDR-004248,916996582331,918843189740,2025-02-26T07:54:03+05:30,10,voice
CDR-004249,919577944637,917679658289,2025-02-26T07:57:12+05:30,0,sms
CDR-004250,918382865694,916641395672,2025-02-26T07:59:52+05:30,49,voice
CDR-004251,918437653138,918600238302,2025-02-26T08:01:57+05:30,15,voice
CDR-004252,919690393547,916217338638,2025-02-26T08:06:42+05:30,325,voice
CDR-004253,917914834602,919136751526,2025-02-26T08:07:38+05:30,46,voice
CDR-004254,916729640279,919577944637,2025-02-26T08:15:35+05:30,114,voice
CDR-004255,916641395672,919896703780,2025-02-26T09:06:47+05:30,38,voice
CDR-004256,916852224261,916424188799,2025-02-26T09:51:50+05:30,20,voice
CDR-004257,916812873288,917260443015,2025-02-26T10:05:04+05:30,43,voice
CDR-004258,916435668733,917260443015,2025-02-26T10:24:26+05:30,134,voice
CDR-004259,918973120296,917930732092,2025-02-26T10:34:20+05:30,34,voice
CDR-004260,917147613772,916702951376,2025-02-26T11:02:12+05:30,0,sms
CDR-004261,918851286499,917447202903,2025-02-26T11:38:51+05:30,0,sms
CDR-004262,916435668733,917260443015,2025-02-26T12:03:14+05:30,17,voice
CDR-004263,919647323963,916641395672,2025-02-26T12:22:42+05:30,19,voice
CDR-004264,916375107792,917876457943,2025-02-26T12:41:16+05:30,90,voice
CDR-004265,918680810632,917311481954,2025-02-26T12:48:02+05:30,0,sms
CDR-004266,916217338638,916665802686,2025-02-26T12:53:21+05:30,126,voice
CDR-004267,916787800822,916812873288,2025-02-26T13:10:31+05:30,41,voice
CDR-004268,919690393547,918452335165,2025-02-26T13:12:25+05:30,116,voice
CDR-004269,916641395672,916691567852,2025-02-26T13:45:01+05:30,59,voice
CDR-004270,919647323963,916912523398,2025-02-26T13:54:11+05:30,0,sms
CDR-004271,918524624102,918081943102,2025-02-26T15:33:01+05:30,31,voice
CDR-004272,918572218538,918251165584,2025-02-26T15:35:46+05:30,19,voice
CDR-004273,917876457943,916849321768,2025-02-26T15:37:44+05:30,53,voice
CDR-004274,919384822654,917288961107,2025-02-26T16:02:50+05:30,38,voice
CDR-004275,917679658289,917500083076,2025-02-26T16:05:32+05:30,65,voice
CDR-004276,918680810632,917311481954,2025-02-26T16:29:17+05:30,76,voice
CDR-004277,919342059358,918332441743,2025-02-26T16:48:28+05:30,0,sms
CDR-004278,919415717273,916694321946,2025-02-26T17:00:19+05:30,197,voice
CDR-004279,919688936655,916561718843,2025-02-26T17:09:51+05:30,28,voice
CDR-004280,917147613772,918184188031,2025-02-26T17:25:13+05:30,254,voice
CDR-004281,918437653138,918680810632,2025-02-26T18:01:21+05:30,9,voice
CDR-004282,917814266084,918547024696,2025-02-26T18:16:17+05:30,0,sms
CDR-004283,917545969696,917837617691,2025-02-26T18:20:37+05:30,0,sms
CDR-004284,917469027111,916424188799,2025-02-26T18:29:04+05:30,44,voice
CDR-004285,918524624102,919415717273,2025-02-26T18:39:55+05:30,25,voice
CDR-004286,917888064876,918823052386,2025-02-26T18:42:09+05:30,174,voice
CDR-004287,916729640279,918829009322,2025-02-26T19:26:26+05:30,91,voice
CDR-004288,916702951376,917147613772,2025-02-26T19:27:15+05:30,128,voice
CDR-004289,916555122302,917989228447,2025-02-26T19:31:51+05:30,110,voice
CDR-004290,916424188799,916852224261,2025-02-26T20:33:10+05:30,56,voice
CDR-004291,916937699779,919714540957,2025-02-26T20:45:57+05:30,627,voice
CDR-004292,918510841654,916694321946,2025-02-26T20:47:06+05:30,0,sms
CDR-004293,918524624102,919326047954,2025-02-26T20:48:22+05:30,15,voice
CDR-004294,919690393547,918547024696,2025-02-26T21:12:24+05:30,55,voice
CDR-004295,919371826549,916996582331,2025-02-26T21:41:29+05:30,143,voice
CDR-004296,916424188799,916367453616,2025-02-26T21:47:12+05:30,0,sms
CDR-004297,916637885677,917545969696,2025-02-26T21:49:35+05:30,0,sms
CDR-004298,916770012075,916122729730,2025-02-26T22:02:14+05:30,36,voice
CDR-004299,916852224261,916424188799,2025-02-26T22:06:30+05:30,87,voice
CDR-004300,919797302867,916424188799,2025-02-26T22:16:46+05:30,64,voice
CDR-004301,919384822654,916849321768,2025-02-26T22:20:35+05:30,120,voice
CDR-004302,919742990720,917469027111,2025-02-26T22:28:38+05:30,97,voice
CDR-004303,918547024696,918452335165,2025-02-26T22:31:12+05:30,65,voice
CDR-004304,916509638924,916855008436,2025-02-26T22:40:42+05:30,85,voice
CDR-004305,916424188799,916852224261,2025-02-26T22:50:19+05:30,165,voice
CDR-004306,918851286499,917447202903,2025-02-26T23:13:08+05:30,384,voice
CDR-004307,919690393547,917814266084,2025-02-26T23:13:11+05:30,23,voice
CDR-004308,916367453616,916518301062,2025-02-26T23:19:28+05:30,82,voice
CDR-004309,917730176490,919571619646,2025-02-26T23:30:59+05:30,113,voice
CDR-004310,916424188799,919797302867,2025-02-27T00:17:14+05:30,29,voice
CDR-004311,916876538782,916729640279,2025-02-27T00:34:56+05:30,16,voice
CDR-004312,918524624102,919415717273,2025-02-27T01:51:09+05:30,38,voice
CDR-004313,919415717273,918829009322,2025-02-27T03:42:39+05:30,15,voice
CDR-004314,918238710435,918829009322,2025-02-27T05:14:59+05:30,72,voice
CDR-004315,916017179896,919747267016,2025-02-27T05:15:09+05:30,5,voice
CDR-004316,916935101816,916424188799,2025-02-27T06:24:56+05:30,121,voice
CDR-004317,917268526587,916223553521,2025-02-27T06:25:09+05:30,98,voice
CDR-004318,918572218538,918382865694,2025-02-27T07:07:25+05:30,94,voice
CDR-004319,919415717273,918829009322,2025-02-27T07:43:44+05:30,19,voice
CDR-004320,916479900999,918485143212,2025-02-27T08:09:08+05:30,67,voice
CDR-004321,916561718843,919688936655,2025-02-27T08:25:14+05:30,36,voice
CDR-004322,916518301062,918081943102,2025-02-27T08:33:47+05:30,8,voice
CDR-004323,916275552433,919896703780,2025-02-27T09:00:30+05:30,219,voice
CDR-004324,917556372626,916543832315,2025-02-27T09:18:29+05:30,101,voice
CDR-004325,916937699779,919714540957,2025-02-27T09:19:15+05:30,33,voice
CDR-004326,919384822654,916309630372,2025-02-27T09:30:37+05:30,12,voice
CDR-004327,917930732092,918973120296,2025-02-27T09:33:08+05:30,36,voice
CDR-004328,916424188799,916518301062,2025-02-27T09:45:21+05:30,83,voice
CDR-004329,919275070531,919136751526,2025-02-27T10:17:43+05:30,65,voice
CDR-004330,916770012075,919714540957,2025-02-27T10:28:39+05:30,0,sms
CDR-004331,919688936655,916997171985,2025-02-27T10:52:43+05:30,66,voice
CDR-004332,916479900999,916367453616,2025-02-27T10:56:27+05:30,29,voice
CDR-004333,916960990031,916888840554,2025-02-27T10:57:23+05:30,168,voice
CDR-004334,917187698223,919797302867,2025-02-27T11:18:40+05:30,29,voice
CDR-004335,919577944637,919772591901,2025-02-27T12:05:34+05:30,295,voice
CDR-004336,916518301062,918081943102,2025-02-27T12:13:08+05:30,43,voice
CDR-004337,916217338638,916637885677,2025-02-27T12:18:37+05:30,46,voice
CDR-004338,919577944637,918973120296,2025-02-27T13:33:13+05:30,61,voice
CDR-004339,916665802686,918437653138,2025-02-27T13:41:27+05:30,210,voice
CDR-004340,917538776094,916996582331,2025-02-27T13:51:38+05:30,50,voice
CDR-004341,917187698223,916935101816,2025-02-27T13:53:16+05:30,24,voice
CDR-004342,919415717273,917679658289,2025-02-27T14:16:05+05:30,381,voice
CDR-004343,919577944637,918510841654,2025-02-27T14:25:44+05:30,51,voice
CDR-004344,916812873288,916787800822,2025-02-27T14:29:32+05:30,30,voice
CDR-004345,918547024696,918452335165,2025-02-27T14:39:04+05:30,27,voice
CDR-004346,918251165584,917914834602,2025-02-27T14:44:20+05:30,0,sms
CDR-004347,919571619646,916641395672,2025-02-27T15:11:54+05:30,76,voice
CDR-004348,918227250029,916996582331,2025-02-27T15:19:47+05:30,48,voice
CDR-004349,918227250029,919371826549,2025-02-27T15:20:28+05:30,53,voice
CDR-004350,916852224261,916424188799,2025-02-27T15:24:57+05:30,24,voice
CDR-004351,919577944637,917679658289,2025-02-27T15:27:50+05:30,0,sms
CDR-004352,918572218538,919797302867,2025-02-27T15:52:34+05:30,168,voice
CDR-004353,916729640279,916665802686,2025-02-27T16:02:59+05:30,159,voice
CDR-004354,918829009322,919415717273,2025-02-27T16:03:21+05:30,66,voice
CDR-004355,917469027111,917538776094,2025-02-27T16:23:06+05:30,21,voice
CDR-004356,916876538782,916026997648,2025-02-27T16:32:44+05:30,119,voice
CDR-004357,916996582331,917538776094,2025-02-27T16:36:03+05:30,67,voice
CDR-004358,917187698223,919136751526,2025-02-27T16:45:58+05:30,0,sms
CDR-004359,916694321946,916509638924,2025-02-27T16:52:27+05:30,0,sms
CDR-004360,916637885677,916665802686,2025-02-27T16:58:34+05:30,66,voice
CDR-004361,919647323963,916375107792,2025-02-27T17:13:15+05:30,160,voice
CDR-004362,918332441743,918527357736,2025-02-27T17:46:35+05:30,42,voice
CDR-004363,918572218538,919797302867,2025-02-27T17:59:06+05:30,32,voice
CDR-004364,919772591901,919415717273,2025-02-27T19:03:02+05:30,67,voice
CDR-004365,917147613772,916702951376,2025-02-27T19:13:30+05:30,0,sms
CDR-004366,916435668733,918437653138,2025-02-27T19:14:37+05:30,48,voice
CDR-004367,918184188031,917147613772,2025-02-27T19:35:49+05:30,0,sms
CDR-004368,916518301062,916424188799,2025-02-27T19:41:38+05:30,40,voice
CDR-004369,919747267016,916017179896,2025-02-27T20:07:26+05:30,24,voice
CDR-004370,918251165584,918047654190,2025-02-27T20:10:31+05:30,0,sms
CDR-004371,916309630372,917970653224,2025-02-27T20:15:10+05:30,144,voice
CDR-004372,916518301062,916424188799,2025-02-27T20:21:48+05:30,23,voice
CDR-004373,916424188799,916931872820,2025-02-27T20:42:22+05:30,17,voice
CDR-004374,916852224261,916424188799,2025-02-27T21:08:07+05:30,9,voice
CDR-004375,919326047954,917930732092,2025-02-27T21:31:17+05:30,0,sms
CDR-004376,917989228447,916912523398,2025-02-27T21:41:37+05:30,0,sms
CDR-004377,918437653138,918600238302,2025-02-27T21:44:04+05:30,21,voice
CDR-004378,916665802686,918437653138,2025-02-27T21:45:04+05:30,63,voice
CDR-004379,919994738491,917814266084,2025-02-27T21:48:48+05:30,13,voice
CDR-004380,918600238302,918680810632,2025-02-27T21:55:48+05:30,83,voice
CDR-004381,919688936655,919153442407,2025-02-27T21:56:15+05:30,58,voice
CDR-004382,919384822654,916849321768,2025-02-27T22:07:59+05:30,0,sms
CDR-004383,919797302867,917187698223,2025-02-27T22:17:35+05:30,92,voice
CDR-004384,916691567852,916275552433,2025-02-27T22:21:55+05:30,69,voice
CDR-004385,916217338638,916665802686,2025-02-27T22:28:17+05:30,383,voice
CDR-004386,916694321946,919415717273,2025-02-27T22:30:01+05:30,21,voice
CDR-004387,918572218538,918382865694,2025-02-27T22:31:16+05:30,29,voice
CDR-004388,918437653138,916637885677,2025-02-27T22:46:52+05:30,354,voice
CDR-004389,916960990031,916691567852,2025-02-27T22:51:51+05:30,0,sms
CDR-004390,916729640279,916665802686,2025-02-27T22:59:33+05:30,47,voice
CDR-004391,916309630372,919384822654,2025-02-27T23:10:34+05:30,126,voice
CDR-004392,919326047954,917930732092,2025-02-27T23:16:22+05:30,22,voice
CDR-004393,918843189740,917187698223,2025-02-27T23:54:06+05:30,44,voice
CDR-004394,916637885677,916217338638,2025-02-28T00:00:16+05:30,22,voice
CDR-004395,918600238302,918437653138,2025-02-28T01:09:52+05:30,155,voice
CDR-004396,916424188799,916518301062,2025-02-28T02:38:41+05:30,108,voice
CDR-004397,916665802686,916637885677,2025-02-28T03:11:04+05:30,28,voice
CDR-004398,916665802686,916637885677,2025-02-28T03:20:43+05:30,0,sms
CDR-004399,916691567852,917730176490,2025-02-28T03:59:11+05:30,35,voice
CDR-004400,916424188799,918843189740,2025-02-28T04:18:11+05:30,157,voice
CDR-004401,918251165584,918047654190,2025-02-28T04:20:28+05:30,39,voice
CDR-004402,916375107792,916997171985,2025-02-28T04:50:17+05:30,114,voice
CDR-004403,917187698223,918485143212,2025-02-28T06:06:22+05:30,92,voice
CDR-004404,918766270784,919326047954,2025-02-28T06:09:02+05:30,39,voice
CDR-004405,917447202903,918851286499,2025-02-28T06:18:43+05:30,33,voice
CDR-004406,919688936655,916561718843,2025-02-28T06:33:53+05:30,172,voice
CDR-004407,916665802686,916729640279,2025-02-28T06:55:20+05:30,110,voice
CDR-004408,919744215949,916937699779,2025-02-28T06:58:29+05:30,27,voice
CDR-004409,916770012075,919714540957,2025-02-28T07:00:00+05:30,78,voice
CDR-004410,916912523398,917989228447,2025-02-28T07:02:07+05:30,30,voice
CDR-004411,917730176490,916641395672,2025-02-28T08:03:17+05:30,78,voice
CDR-004412,918524624102,918525720621,2025-02-28T08:19:10+05:30,16,voice
CDR-004413,917814266084,919690393547,2025-02-28T08:27:37+05:30,42,voice
CDR-004414,918517802039,916637885677,2025-02-28T08:28:21+05:30,0,sms
CDR-004415,918547024696,917311481954,2025-02-28T08:45:18+05:30,0,sms
CDR-004416,917844273643,917147613772,2025-02-28T08:49:55+05:30,90,voice
CDR-004417,916223553521,919744215949,2025-02-28T09:08:42+05:30,51,voice
CDR-004418,916217338638,916665802686,2025-02-28T09:22:55+05:30,10,voice
CDR-004419,919600233059,916849321768,2025-02-28T09:24:55+05:30,56,voice
CDR-004420,916931872820,919371826549,2025-02-28T09:28:03+05:30,86,voice
CDR-004421,918600238302,918447344267,2025-02-28T10:07:52+05:30,25,voice
CDR-004422,916194464851,917616371951,2025-02-28T10:16:03+05:30,0,sms
CDR-004423,917485979569,919690393547,2025-02-28T10:23:05+05:30,0,sms
CDR-004424,916812873288,918437653138,2025-02-28T10:26:29+05:30,52,voice
CDR-004425,917630871663,916082251340,2025-02-28T10:41:44+05:30,62,voice
CDR-004426,918452335165,918547024696,2025-02-28T10:44:35+05:30,27,voice
CDR-004427,918382865694,918572218538,2025-02-28T10:53:11+05:30,360,voice
CDR-004428,917469027111,918485143212,2025-02-28T11:13:17+05:30,57,voice
CDR-004429,916912523398,917989228447,2025-02-28T12:42:10+05:30,44,voice
CDR-004430,916787800822,916665802686,2025-02-28T12:45:21+05:30,65,voice
CDR-004431,916194464851,916931872820,2025-02-28T12:45:29+05:30,21,voice
CDR-004432,918224632063,919415717273,2025-02-28T13:54:49+05:30,0,sms
CDR-004433,916641395672,917989228447,2025-02-28T13:56:46+05:30,0,sms
CDR-004434,917989228447,918840103823,2025-02-28T14:18:03+05:30,0,sms
CDR-004435,917147613772,917876457943,2025-02-28T14:24:30+05:30,71,voice
CDR-004436,919342059358,918527357736,2025-02-28T14:29:02+05:30,62,voice
CDR-004437,916812873288,917260443015,2025-02-28T14:34:21+05:30,49,voice
CDR-004438,918572218538,917914834602,2025-02-28T14:36:10+05:30,21,voice
CDR-004439,917679658289,916509638924,2025-02-28T14:44:17+05:30,110,voice
CDR-004440,916637885677,918437653138,2025-02-28T15:05:00+05:30,0,sms
CDR-004441,916637885677,918437653138,2025-02-28T15:21:20+05:30,40,voice
CDR-004442,919797302867,916424188799,2025-02-28T15:44:00+05:30,27,voice
CDR-004443,916935101816,916931872820,2025-02-28T16:00:10+05:30,174,voice
CDR-004444,918600238302,918437653138,2025-02-28T16:09:12+05:30,0,sms
CDR-004445,918973120296,918510841654,2025-02-28T16:09:29+05:30,37,voice
CDR-004446,917679658289,919415717273,2025-02-28T16:22:26+05:30,98,voice
CDR-004447,916852224261,917888064876,2025-02-28T17:10:29+05:30,21,voice
CDR-004448,916641395672,919571619646,2025-02-28T17:30:46+05:30,0,sms
CDR-004449,917388520357,919577944637,2025-02-28T17:32:28+05:30,66,voice
CDR-004450,918517802039,916637885677,2025-02-28T17:33:12+05:30,314,voice
CDR-004451,916641395672,919571619646,2025-02-28T18:36:37+05:30,59,voice
CDR-004452,916931872820,917914834602,2025-02-28T18:45:44+05:30,138,voice
CDR-004453,917485979569,918437653138,2025-02-28T18:46:42+05:30,0,sms
CDR-004454,918437653138,916637885677,2025-02-28T18:54:11+05:30,0,sms
CDR-004455,919797302867,916424188799,2025-02-28T19:02:50+05:30,79,voice
CDR-004456,916653793670,918517802039,2025-02-28T19:04:19+05:30,48,voice
CDR-004457,916996582331,917187698223,2025-02-28T19:14:02+05:30,143,voice
CDR-004458,918184188031,916691567852,2025-02-28T19:15:06+05:30,258,voice
CDR-004459,918524624102,919415717273,2025-02-28T19:22:46+05:30,62,voice
CDR-004460,916543832315,917556372626,2025-02-28T19:23:27+05:30,112,voice
CDR-004461,916665802686,916637885677,2025-02-28T19:24:29+05:30,20,voice
CDR-004462,916637885677,916665802686,2025-02-28T19:48:48+05:30,28,voice
CDR-004463,916367453616,919742990720,2025-02-28T19:49:51+05:30,6,voice
CDR-004464,916637885677,918437653138,2025-02-28T19:50:09+05:30,413,voice
CDR-004465,918238710435,918081943102,2025-02-28T20:03:19+05:30,316,voice
CDR-004466,916217338638,916665802686,2025-02-28T20:17:09+05:30,218,voice
CDR-004467,916518301062,916424188799,2025-02-28T20:21:27+05:30,219,voice
CDR-004468,916518301062,916424188799,2025-02-28T20:45:15+05:30,31,voice
CDR-004469,916852224261,916424188799,2025-02-28T21:05:35+05:30,66,voice
CDR-004470,918251165584,917914834602,2025-02-28T21:14:17+05:30,78,voice
CDR-004471,917260443015,917556372626,2025-02-28T21:27:31+05:30,22,voice
CDR-004472,918829009322,918973120296,2025-02-28T21:33:06+05:30,119,voice
CDR-004473,917485979569,917545969696,2025-02-28T21:33:55+05:30,49,voice
CDR-004474,916309630372,917970653224,2025-02-28T21:46:22+05:30,12,voice
CDR-004475,916852224261,916424188799,2025-02-28T21:50:45+05:30,259,voice
CDR-004476,918251165584,917914834602,2025-02-28T21:59:07+05:30,52,voice
CDR-004477,916849321768,916375107792,2025-02-28T22:02:49+05:30,48,voice
CDR-004478,916424188799,916518301062,2025-02-28T22:15:43+05:30,71,voice
CDR-004479,916637885677,918437653138,2025-02-28T22:17:04+05:30,114,voice
CDR-004480,916787800822,916665802686,2025-02-28T22:30:08+05:30,0,sms
CDR-004481,917288961107,916960990031,2025-02-28T22:30:52+05:30,0,sms
CDR-004482,918547024696,917837617691,2025-02-28T22:39:32+05:30,0,sms
CDR-004483,916876538782,918766270784,2025-02-28T22:55:07+05:30,37,voice
CDR-004484,919797302867,916367453616,2025-02-28T23:16:21+05:30,18,voice
CDR-004485,916518301062,916424188799,2025-02-28T23:18:15+05:30,131,voice
CDR-004486,916217338638,916665802686,2025-02-28T23:22:33+05:30,21,voice
CDR-004487,917914834602,918251165584,2025-02-28T23:35:36+05:30,62,voice
CDR-004488,917989228447,916555122302,2025-02-28T23:58:26+05:30,0,sms
CDR-004489,916637885677,916787800822,2025-03-01T00:08:40+05:30,33,voice
CDR-004490,918829009322,917679658289,2025-03-01T00:22:01+05:30,0,sms
CDR-004491,916637885677,918437653138,2025-03-01T00:30:53+05:30,25,voice
CDR-004492,919797302867,916424188799,2025-03-01T01:35:13+05:30,0,sms
CDR-004493,917679658289,918829009322,2025-03-01T01:37:44+05:30,82,voice
CDR-004494,918510841654,919326047954,2025-03-01T03:02:22+05:30,126,voice
CDR-004495,916637885677,916665802686,2025-03-01T03:45:10+05:30,88,voice
CDR-004496,918437653138,916637885677,2025-03-01T04:30:33+05:30,45,voice
CDR-004497,917545969696,917485979569,2025-03-01T04:46:35+05:30,13,voice
CDR-004498,916309630372,919896703780,2025-03-01T05:12:55+05:30,62,voice
CDR-004499,916217338638,916637885677,2025-03-01T06:33:58+05:30,88,voice
CDR-004500,916787800822,916637885677,2025-03-01T07:08:59+05:30,63,voice
CDR-004501,916665802686,916637885677,2025-03-01T08:05:05+05:30,127,voice
CDR-004502,918510841654,916026997648,2025-03-01T08:12:30+05:30,32,voice
CDR-004503,917837617691,917814266084,2025-03-01T08:18:20+05:30,700,voice
CDR-004504,918600238302,918437653138,2025-03-01T08:24:38+05:30,43,voice
CDR-004505,917679658289,916876538782,2025-03-01T08:27:23+05:30,370,voice
CDR-004506,918973120296,916026997648,2025-03-01T08:28:31+05:30,0,sms
CDR-004507,919326047954,918524624102,2025-03-01T09:21:03+05:30,38,voice
CDR-004508,919747267016,917388520357,2025-03-01T09:59:31+05:30,18,voice
CDR-004509,916479900999,916518301062,2025-03-01T10:13:55+05:30,115,voice
CDR-004510,918823052386,919797302867,2025-03-01T10:50:37+05:30,0,sms
CDR-004511,917353300525,916543832315,2025-03-01T11:03:19+05:30,79,voice
CDR-004512,919688936655,919647323963,2025-03-01T11:23:14+05:30,30,voice
CDR-004513,918572218538,919797302867,2025-03-01T11:28:01+05:30,48,voice
CDR-004514,916309630372,919896703780,2025-03-01T11:30:19+05:30,53,voice
CDR-004515,916367453616,919742990720,2025-03-01T11:31:31+05:30,32,voice
CDR-004516,918973120296,919577944637,2025-03-01T11:33:26+05:30,225,voice
CDR-004517,916543832315,917556372626,2025-03-01T11:49:27+05:30,273,voice
CDR-004518,918452335165,919690393547,2025-03-01T11:59:55+05:30,0,sms
CDR-004519,918382865694,918572218538,2025-03-01T12:15:10+05:30,64,voice
CDR-004520,919415717273,918525720621,2025-03-01T12:46:55+05:30,67,voice
CDR-004521,916665802686,916787800822,2025-03-01T13:03:24+05:30,76,voice
CDR-004522,916017179896,916051518115,2025-03-01T13:11:48+05:30,114,voice
CDR-004523,916375107792,919647323963,2025-03-01T13:15:08+05:30,53,voice
CDR-004524,918680810632,918437653138,2025-03-01T13:19:56+05:30,0,sms
CDR-004525,918525720621,919577944637,2025-03-01T13:26:19+05:30,154,voice
CDR-004526,919577944637,916729640279,2025-03-01T14:08:04+05:30,47,voice
CDR-004527,918524624102,919415717273,2025-03-01T14:32:14+05:30,36,voice
CDR-004528,916787800822,916665802686,2025-03-01T14:35:37+05:30,276,voice
CDR-004529,917679658289,918829009322,2025-03-01T14:55:32+05:30,0,sms
CDR-004530,919415717273,916694321946,2025-03-01T15:17:55+05:30,0,sms
CDR-004531,918547024696,917545969696,2025-03-01T15:24:32+05:30,49,voice
CDR-004532,918332441743,919342059358,2025-03-01T15:55:18+05:30,12,voice
CDR-004533,916787800822,916637885677,2025-03-01T15:59:44+05:30,46,voice
CDR-004534,918452335165,919690393547,2025-03-01T16:01:03+05:30,51,voice
CDR-004535,916729640279,919772591901,2025-03-01T16:10:17+05:30,0,sms
CDR-004536,919415717273,918829009322,2025-03-01T16:12:10+05:30,28,voice
CDR-004537,918600238302,918437653138,2025-03-01T16:21:58+05:30,196,voice
CDR-004538,918829009322,919415717273,2025-03-01T16:36:54+05:30,0,sms
CDR-004539,918851286499,916665802686,2025-03-01T16:48:02+05:30,29,voice
CDR-004540,916309630372,919384822654,2025-03-01T17:07:15+05:30,64,voice
CDR-004541,918184188031,916691567852,2025-03-01T17:10:19+05:30,0,sms
CDR-004542,919415717273,918224632063,2025-03-01T17:36:39+05:30,0,sms
CDR-004543,917844273643,916849321768,2025-03-01T17:43:50+05:30,0,sms
CDR-004544,916912523398,917989228447,2025-03-01T17:56:55+05:30,28,voice
CDR-004545,918382865694,916935101816,2025-03-01T18:07:47+05:30,47,voice
CDR-004546,916694321946,918829009322,2025-03-01T18:08:45+05:30,323,voice
CDR-004547,917679658289,916876538782,2025-03-01T18:21:28+05:30,0,sms
CDR-004548,916026997648,917930732092,2025-03-01T18:21:43+05:30,11,voice
CDR-004549,916787800822,916665802686,2025-03-01T18:35:11+05:30,54,voice
CDR-004550,916082251340,917630871663,2025-03-01T18:37:09+05:30,102,voice
CDR-004551,916637885677,916665802686,2025-03-01T18:39:46+05:30,99,voice
CDR-004552,916375107792,916849321768,2025-03-01T18:52:35+05:30,0,sms
CDR-004553,919714540957,916937699779,2025-03-01T19:01:19+05:30,59,voice
CDR-004554,917930732092,918766270784,2025-03-01T19:08:04+05:30,51,voice
CDR-004555,918600238302,918437653138,2025-03-01T19:12:33+05:30,24,voice
CDR-004556,916017179896,919747267016,2025-03-01T19:26:06+05:30,230,voice
CDR-004557,916275552433,916691567852,2025-03-01T19:29:15+05:30,38,voice
CDR-004558,916217338638,916637885677,2025-03-01T19:34:02+05:30,34,voice
CDR-004559,916912523398,917989228447,2025-03-01T19:37:00+05:30,160,voice
CDR-004560,918238710435,917679658289,2025-03-01T19:39:53+05:30,30,voice
CDR-004561,917500083076,918238710435,2025-03-01T19:53:12+05:30,0,sms
CDR-004562,916787800822,916637885677,2025-03-01T19:58:08+05:30,0,sms
CDR-004563,918829009322,918973120296,2025-03-01T20:05:38+05:30,116,voice
CDR-004564,916555122302,917989228447,2025-03-01T20:10:27+05:30,114,voice
CDR-004565,917679658289,919415717273,2025-03-01T20:10:58+05:30,104,voice
CDR-004566,918829009322,917679658289,2025-03-01T20:38:19+05:30,83,voice
CDR-004567,916729640279,919772591901,2025-03-01T20:41:03+05:30,20,voice
CDR-004568,918437653138,916637885677,2025-03-01T20:41:38+05:30,26,voice
CDR-004569,916637885677,918437653138,2025-03-01T20:45:32+05:30,1145,voice
CDR-004570,919688936655,916561718843,2025-03-01T21:03:47+05:30,250,voice
CDR-004571,918600238302,918437653138,2025-03-01T21:04:45+05:30,17,voice
CDR-004572,916194464851,918823052386,2025-03-01T21:14:09+05:30,58,voice
CDR-004573,916931872820,917469027111,2025-03-01T21:16:24+05:30,0,sms
CDR-004574,918766270784,919326047954,2025-03-01T21:19:12+05:30,0,sms
CDR-004575,918829009322,917679658289,2025-03-01T21:29:26+05:30,96,voice
CDR-004576,919714540957,916770012075,2025-03-01T21:42:51+05:30,0,sms
CDR-004577,916509638924,916694321946,2025-03-01T21:49:00+05:30,30,voice
CDR-004578,917353300525,917260443015,2025-03-01T21:57:27+05:30,0,sms
CDR-004579,919415717273,918829009322,2025-03-01T22:04:23+05:30,72,voice
CDR-004580,918517802039,917545969696,2025-03-01T22:10:42+05:30,0,sms
CDR-004581,916637885677,916787800822,2025-03-01T22:13:30+05:30,72,voice
CDR-004582,916787800822,916812873288,2025-03-01T23:07:26+05:30,82,voice
CDR-004583,919742990720,916367453616,2025-03-01T23:14:40+05:30,17,voice
CDR-004584,917538776094,916996582331,2025-03-01T23:15:37+05:30,0,sms
CDR-004585,916017179896,916051518115,2025-03-01T23:24:33+05:30,48,voice
CDR-004586,918829009322,917679658289,2025-03-01T23:29:45+05:30,50,voice
CDR-004587,916367453616,916479900999,2025-03-01T23:32:26+05:30,163,voice
CDR-004588,916937699779,919744215949,2025-03-01T23:42:51+05:30,0,sms
CDR-004589,918251165584,918572218538,2025-03-01T23:50:04+05:30,0,sms
CDR-004590,916637885677,916665802686,2025-03-02T00:25:59+05:30,43,voice
CDR-004591,918524624102,919415717273,2025-03-02T00:47:10+05:30,219,voice
CDR-004592,916309630372,919896703780,2025-03-02T01:19:59+05:30,6,voice
CDR-004593,919415717273,918829009322,2025-03-02T01:21:55+05:30,66,voice
CDR-004594,916694321946,919415717273,2025-03-02T02:18:06+05:30,20,voice
CDR-004595,916694321946,919415717273,2025-03-02T02:38:09+05:30,174,voice
CDR-004596,916694321946,919415717273,2025-03-02T03:08:36+05:30,179,voice
CDR-004597,916876538782,917679658289,2025-03-02T03:29:40+05:30,31,voice
CDR-004598,916665802686,916637885677,2025-03-02T04:22:15+05:30,0,sms
CDR-004599,916026997648,919577944637,2025-03-02T06:41:12+05:30,0,sms
CDR-004600,918382865694,919742990720,2025-03-02T06:42:32+05:30,74,voice
CDR-004601,917147613772,917876457943,2025-03-02T06:45:39+05:30,38,voice
CDR-004602,918238710435,918829009322,2025-03-02T07:30:34+05:30,61,voice
CDR-004603,919688936655,916997171985,2025-03-02T08:21:18+05:30,58,voice
CDR-004604,916367453616,916424188799,2025-03-02T08:45:02+05:30,10,voice
CDR-004605,916194464851,916931872820,2025-03-02T09:16:40+05:30,25,voice
CDR-004606,916855008436,916876538782,2025-03-02T09:24:06+05:30,60,voice
CDR-004607,916935101816,916424188799,2025-03-02T09:45:37+05:30,124,voice
CDR-004608,919326047954,918766270784,2025-03-02T09:56:05+05:30,21,voice
CDR-004609,916543832315,917556372626,2025-03-02T09:57:04+05:30,59,voice
CDR-004610,918238710435,917679658289,2025-03-02T10:32:53+05:30,0,sms
CDR-004611,917914834602,918572218538,2025-03-02T10:34:56+05:30,77,voice
CDR-004612,918382865694,916935101816,2025-03-02T11:06:41+05:30,12,voice
CDR-004613,916518301062,916367453616,2025-03-02T11:24:56+05:30,204,voice
CDR-004614,918829009322,919415717273,2025-03-02T11:40:41+05:30,0,sms
CDR-004615,917730176490,916641395672,2025-03-02T11:42:27+05:30,37,voice
CDR-004616,917914834602,918251165584,2025-03-02T12:11:23+05:30,20,voice
CDR-004617,916665802686,916787800822,2025-03-02T12:11:49+05:30,34,voice
CDR-004618,918382865694,916935101816,2025-03-02T12:12:41+05:30,143,voice
CDR-004619,918823052386,918081943102,2025-03-02T12:16:30+05:30,0,sms
CDR-004620,916051518115,918525720621,2025-03-02T12:16:31+05:30,11,voice
CDR-004621,916017179896,917500083076,2025-03-02T12:27:39+05:30,273,voice
CDR-004622,919371826549,916931872820,2025-03-02T13:03:33+05:30,29,voice
CDR-004623,919577944637,918766270784,2025-03-02T13:13:05+05:30,25,voice
CDR-004624,918525720621,919415717273,2025-03-02T13:14:18+05:30,0,sms
CDR-004625,916931872820,919797302867,2025-03-02T13:35:04+05:30,35,voice
CDR-004626,918485143212,917994279003,2025-03-02T14:19:09+05:30,89,voice
CDR-004627,916694321946,919415717273,2025-03-02T14:34:41+05:30,103,voice
CDR-004628,919690393547,917814266084,2025-03-02T14:56:02+05:30,45,voice
CDR-004629,916435668733,918437653138,2025-03-02T15:08:17+05:30,11,voice
CDR-004630,916694321946,916082251340,2025-03-02T15:10:33+05:30,43,voice
CDR-004631,919119219019,916653793670,2025-03-02T15:16:21+05:30,0,sms
CDR-004632,918224632063,916051518115,2025-03-02T15:25:14+05:30,56,voice
CDR-004633,918510841654,918973120296,2025-03-02T15:53:12+05:30,65,voice
CDR-004634,919415717273,918224632063,2025-03-02T15:59:30+05:30,153,voice
CDR-004635,916997171985,917876457943,2025-03-02T16:03:58+05:30,10,voice
CDR-004636,916729640279,918829009322,2025-03-02T16:06:21+05:30,36,voice
CDR-004637,916309630372,919600233059,2025-03-02T16:06:29+05:30,0,sms
CDR-004638,919688936655,916540081641,2025-03-02T16:11:31+05:30,144,voice
CDR-004639,918829009322,918238710435,2025-03-02T16:32:28+05:30,0,sms
CDR-004640,917989228447,916912523398,2025-03-02T16:35:10+05:30,15,voice
CDR-004641,918843189740,916535545166,2025-03-02T16:46:18+05:30,0,sms
CDR-004642,916309630372,919600233059,2025-03-02T17:14:25+05:30,18,voice
CDR-004643,917989228447,916912523398,2025-03-02T17:19:07+05:30,62,voice
CDR-004644,919153442407,916705754068,2025-03-02T17:25:38+05:30,30,voice
CDR-004645,916309630372,916960990031,2025-03-02T17:57:49+05:30,102,voice
CDR-004646,916888840554,916960990031,2025-03-02T17:57:49+05:30,166,voice
CDR-004647,917545969696,918547024696,2025-03-02T17:58:10+05:30,33,voice
CDR-004648,919342059358,918332441743,2025-03-02T18:06:16+05:30,84,voice
CDR-004649,918680810632,917311481954,2025-03-02T18:18:24+05:30,62,voice
CDR-004650,918065255396,917134946256,2025-03-02T18:28:12+05:30,55,voice
CDR-004651,919690393547,917814266084,2025-03-02T18:56:49+05:30,0,sms
CDR-004652,919342059358,916122729730,2025-03-02T19:12:59+05:30,47,voice
CDR-004653,917679658289,918238710435,2025-03-02T19:31:49+05:30,29,voice
CDR-004654,919896703780,916275552433,2025-03-02T19:32:53+05:30,102,voice
CDR-004655,919896703780,916309630372,2025-03-02T19:34:44+05:30,86,voice
CDR-004656,918224632063,916051518115,2025-03-02T19:39:41+05:30,124,voice
CDR-004657,917679658289,919415717273,2025-03-02T19:47:56+05:30,127,voice
CDR-004658,917679658289,918829009322,2025-03-02T20:21:26+05:30,223,voice
CDR-004659,917730176490,919571619646,2025-03-02T20:24:22+05:30,31,voice
CDR-004660,918829009322,916694321946,2025-03-02T20:29:05+05:30,127,voice
CDR-004661,918238710435,917679658289,2025-03-02T20:39:53+05:30,134,voice
CDR-004662,919326047954,918524624102,2025-03-02T20:50:10+05:30,17,voice
CDR-004663,916876538782,918766270784,2025-03-02T21:13:59+05:30,0,sms
CDR-004664,917679658289,919415717273,2025-03-02T21:24:59+05:30,157,voice
CDR-004665,916026997648,917930732092,2025-03-02T21:25:58+05:30,95,voice
CDR-004666,919994738491,918452335165,2025-03-02T21:52:42+05:30,108,voice
CDR-004667,916935101816,919797302867,2025-03-02T22:00:27+05:30,0,sms
CDR-004668,916812873288,916787800822,2025-03-02T22:21:02+05:30,384,voice
CDR-004669,916535545166,918251165584,2025-03-02T22:34:26+05:30,0,sms
CDR-004670,917353300525,916812873288,2025-03-02T22:34:58+05:30,0,sms
CDR-004671,916309630372,917970653224,2025-03-02T22:37:49+05:30,56,voice
CDR-004672,917679658289,917500083076,2025-03-02T23:00:13+05:30,0,sms
CDR-004673,919690393547,917814266084,2025-03-02T23:03:26+05:30,88,voice
CDR-004674,917469027111,918485143212,2025-03-02T23:10:28+05:30,705,voice
CDR-004675,918527357736,917919104175,2025-03-02T23:11:08+05:30,36,voice
CDR-004676,916082251340,916694321946,2025-03-02T23:32:18+05:30,0,sms
CDR-004677,916960990031,917288961107,2025-03-02T23:49:59+05:30,44,voice
CDR-004678,917837617691,918547024696,2025-03-03T00:32:26+05:30,61,voice
CDR-004679,916122729730,916937699779,2025-03-03T00:43:46+05:30,132,voice
CDR-004680,917970653224,916309630372,2025-03-03T02:42:32+05:30,21,voice
CDR-004681,916876538782,917679658289,2025-03-03T04:46:07+05:30,34,voice
CDR-004682,918238710435,918829009322,2025-03-03T04:47:25+05:30,196,voice
CDR-004683,916367453616,919797302867,2025-03-03T05:16:27+05:30,49,voice
CDR-004684,918524624102,919415717273,2025-03-03T05:32:31+05:30,53,voice
CDR-004685,917268526587,916223553521,2025-03-03T06:02:24+05:30,103,voice
CDR-004686,916026997648,918973120296,2025-03-03T06:04:50+05:30,24,voice
CDR-004687,916435668733,916637885677,2025-03-03T06:13:04+05:30,61,voice
CDR-004688,916931872820,919371826549,2025-03-03T06:34:48+05:30,366,voice
CDR-004689,917288961107,919384822654,2025-03-03T06:43:04+05:30,38,voice
CDR-004690,916509638924,917994279003,2025-03-03T06:57:07+05:30,63,voice
CDR-004691,918771974035,916309630372,2025-03-03T07:12:08+05:30,107,voice
CDR-004692,917844273643,917147613772,2025-03-03T07:26:11+05:30,14,voice
CDR-004693,918437653138,916812873288,2025-03-03T07:27:25+05:30,45,voice
CDR-004694,917469027111,916479900999,2025-03-03T08:03:05+05:30,18,voice
CDR-004695,918572218538,917914834602,2025-03-03T08:26:59+05:30,39,voice
CDR-004696,919571619646,917730176490,2025-03-03T08:41:01+05:30,0,sms
CDR-004697,916665802686,916637885677,2025-03-03T09:02:38+05:30,42,voice
CDR-004698,916787800822,916637885677,2025-03-03T09:25:13+05:30,55,voice
CDR-004699,917730176490,919571619646,2025-03-03T09:27:21+05:30,46,voice
CDR-004700,919896703780,916309630372,2025-03-03T09:27:25+05:30,94,voice
CDR-004701,918772528373,916223553521,2025-03-03T09:28:15+05:30,41,voice
CDR-004702,918224632063,916051518115,2025-03-03T09:48:09+05:30,28,voice
CDR-004703,918851286499,916665802686,2025-03-03T09:49:10+05:30,123,voice
CDR-004704,916694321946,919415717273,2025-03-03T10:09:21+05:30,22,voice
CDR-004705,919415717273,918829009322,2025-03-03T10:11:26+05:30,44,voice
CDR-004706,919326047954,917930732092,2025-03-03T10:19:03+05:30,16,voice
CDR-004707,916637885677,916217338638,2025-03-03T10:19:09+05:30,46,voice
CDR-004708,917147613772,917876457943,2025-03-03T10:40:34+05:30,275,voice
CDR-004709,916770012075,916122729730,2025-03-03T11:00:20+05:30,0,sms
CDR-004710,918452335165,916435668733,2025-03-03T11:09:31+05:30,397,voice
CDR-004711,916912523398,919647323963,2025-03-03T11:27:19+05:30,181,voice
CDR-004712,916694321946,918829009322,2025-03-03T11:47:17+05:30,0,sms
CDR-004713,917814266084,919690393547,2025-03-03T12:02:15+05:30,153,voice
CDR-004714,918437653138,918680810632,2025-03-03T12:03:54+05:30,204,voice
CDR-004715,917556372626,916543832315,2025-03-03T12:27:59+05:30,40,voice
CDR-004716,918437653138,916435668733,2025-03-03T12:30:07+05:30,38,voice
CDR-004717,917679658289,918829009322,2025-03-03T12:34:26+05:30,67,voice
CDR-004718,916122729730,919342059358,2025-03-03T12:40:09+05:30,12,voice
CDR-004719,918547024696,917814266084,2025-03-03T12:48:21+05:30,28,voice
CDR-004720,916876538782,917679658289,2025-03-03T13:00:53+05:30,5,voice
CDR-004721,917679658289,918238710435,2025-03-03T13:12:59+05:30,0,sms
CDR-004722,918766270784,919326047954,2025-03-03T13:20:06+05:30,152,voice
CDR-004723,917556372626,918680810632,2025-03-03T13:22:29+05:30,111,voice
CDR-004724,916729640279,919577944637,2025-03-03T13:45:07+05:30,310,voice
CDR-004725,916309630372,916960990031,2025-03-03T13:53:49+05:30,19,voice
CDR-004726,916694321946,916082251340,2025-03-03T13:57:02+05:30,98,voice
CDR-004727,918184188031,917844273643,2025-03-03T14:00:00+05:30,18,voice
CDR-004728,917447202903,918851286499,2025-03-03T14:04:54+05:30,18,voice
CDR-004729,917914834602,918251165584,2025-03-03T14:50:28+05:30,54,voice
CDR-004730,916694321946,918829009322,2025-03-03T14:59:52+05:30,109,voice
CDR-004731,919153442407,919688936655,2025-03-03T15:06:45+05:30,157,voice
CDR-004732,919714540957,916223553521,2025-03-03T15:09:47+05:30,41,voice
CDR-004733,918823052386,917888064876,2025-03-03T15:27:58+05:30,60,voice
CDR-004734,918527357736,919342059358,2025-03-03T15:29:50+05:30,62,voice
CDR-004735,918251165584,917123981476,2025-03-03T16:04:49+05:30,13,voice
CDR-004736,916026997648,916855008436,2025-03-03T16:15:55+05:30,8,voice
CDR-004737,918452335165,919690393547,2025-03-03T16:26:56+05:30,13,voice
CDR-004738,918224632063,919415717273,2025-03-03T16:37:21+05:30,54,voice
CDR-004739,916275552433,916691567852,2025-03-03T17:33:26+05:30,52,voice
CDR-004740,916665802686,916217338638,2025-03-03T17:53:28+05:30,21,voice
CDR-004741,917260443015,916543832315,2025-03-03T18:26:34+05:30,89,voice
CDR-004742,919896703780,916309630372,2025-03-03T18:26:35+05:30,17,voice
CDR-004743,917876587248,916194464851,2025-03-03T18:29:59+05:30,127,voice
CDR-004744,917187698223,916996582331,2025-03-03T18:51:56+05:30,0,sms
CDR-004745,918829009322,917679658289,2025-03-03T19:04:24+05:30,208,voice
CDR-004746,919742990720,916479900999,2025-03-03T19:17:34+05:30,18,voice
CDR-004747,917989228447,919153442407,2025-03-03T19:22:28+05:30,43,voice
CDR-004748,918600238302,919994738491,2025-03-03T19:39:56+05:30,84,voice
CDR-004749,919994738491,917814266084,2025-03-03T19:43:27+05:30,451,voice
CDR-004750,919415717273,919577944637,2025-03-03T20:43:30+05:30,61,voice
CDR-004751,917500083076,917679658289,2025-03-03T20:54:18+05:30,36,voice
CDR-004752,918524624102,919415717273,2025-03-03T21:03:28+05:30,41,voice
CDR-004753,919577944637,919326047954,2025-03-03T21:04:23+05:30,21,voice
CDR-004754,916876538782,917679658289,2025-03-03T21:56:01+05:30,160,voice
CDR-004755,917989228447,916641395672,2025-03-03T21:59:05+05:30,87,voice
CDR-004756,919415717273,917679658289,2025-03-03T22:05:47+05:30,14,voice
CDR-004757,917500083076,917679658289,2025-03-03T22:11:40+05:30,52,voice
CDR-004758,919571619646,916555122302,2025-03-03T22:37:13+05:30,238,voice
CDR-004759,917353300525,917260443015,2025-03-03T22:43:50+05:30,6,voice
CDR-004760,918766270784,919326047954,2025-03-03T22:44:19+05:30,0,sms
CDR-004761,916935101816,919797302867,2025-03-03T22:49:23+05:30,67,voice
CDR-004762,916641395672,917730176490,2025-03-03T22:52:11+05:30,94,voice
CDR-004763,918973120296,919577944637,2025-03-03T23:15:08+05:30,11,voice
CDR-004764,916424188799,916367453616,2025-03-03T23:28:32+05:30,10,voice
CDR-004765,917679658289,918829009322,2025-03-03T23:40:05+05:30,0,sms
CDR-004766,918525720621,916051518115,2025-03-03T23:50:25+05:30,24,voice
CDR-004767,916367453616,916424188799,2025-03-04T00:31:11+05:30,66,voice
CDR-004768,919415717273,916694321946,2025-03-04T01:36:33+05:30,201,voice
CDR-004769,919415717273,918524624102,2025-03-04T01:42:25+05:30,146,voice
CDR-004770,916424188799,916931872820,2025-03-04T03:19:19+05:30,88,voice
CDR-004771,918524624102,919415717273,2025-03-04T03:32:37+05:30,0,sms
CDR-004772,916996582331,918843189740,2025-03-04T03:51:59+05:30,30,voice
CDR-004773,918238710435,917679658289,2025-03-04T04:18:06+05:30,24,voice
CDR-004774,919415717273,917679658289,2025-03-04T05:03:49+05:30,186,voice
CDR-004775,916435668733,918437653138,2025-03-04T05:56:43+05:30,110,voice
CDR-004776,919797302867,916424188799,2025-03-04T05:58:30+05:30,53,voice
CDR-004777,917814266084,919690393547,2025-03-04T06:11:56+05:30,260,voice
CDR-004778,917630871663,916509638924,2025-03-04T06:56:06+05:30,99,voice
CDR-004779,919714540957,919744215949,2025-03-04T06:56:20+05:30,192,voice
CDR-004780,918766270784,919326047954,2025-03-04T07:44:23+05:30,81,voice
CDR-004781,916641395672,917730176490,2025-03-04T07:47:27+05:30,223,voice
CDR-004782,919994738491,918452335165,2025-03-04T08:01:32+05:30,204,voice
CDR-004783,918845716772,919747267016,2025-03-04T08:21:25+05:30,140,voice
CDR-004784,917260443015,916543832315,2025-03-04T08:22:57+05:30,123,voice
CDR-004785,917888064876,918823052386,2025-03-04T08:28:40+05:30,22,voice
CDR-004786,919688936655,919153442407,2025-03-04T08:30:33+05:30,0,sms
CDR-004787,917914834602,916194464851,2025-03-04T08:41:37+05:30,5,voice
CDR-004788,916812873288,917556372626,2025-03-04T09:19:29+05:30,14,voice
CDR-004789,919896703780,917844273643,2025-03-04T09:21:31+05:30,42,voice
CDR-004790,917679658289,917846947792,2025-03-04T09:31:46+05:30,0,sms
CDR-004791,919326047954,916017179896,2025-03-04T09:58:29+05:30,0,sms
CDR-004792,918517802039,916637885677,2025-03-04T11:05:56+05:30,14,voice
CDR-004793,917679658289,916055439146,2025-03-04T11:47:57+05:30,0,sms
CDR-004794,918510841654,918973120296,2025-03-04T12:02:46+05:30,30,voice
CDR-004795,917876457943,916375107792,2025-03-04T12:05:08+05:30,97,voice
CDR-004796,918572218538,918382865694,2025-03-04T12:18:59+05:30,1225,voice
CDR-004797,916637885677,917846947792,2025-03-04T12:23:24+05:30,0,sms
CDR-004798,916518301062,916367453616,2025-03-04T12:25:58+05:30,29,voice
CDR-004799,916309630372,918771974035,2025-03-04T12:37:11+05:30,136,voice
CDR-004800,917919104175,919275070531,2025-03-04T12:40:54+05:30,0,sms
CDR-004801,919797302867,916424188799,2025-03-04T12:51:42+05:30,40,voice
CDR-004802,916424188799,916935101816,2025-03-04T12:55:44+05:30,91,voice
CDR-004803,917447202903,917353300525,2025-03-04T13:05:57+05:30,257,voice
CDR-004804,917556372626,916812873288,2025-03-04T13:18:08+05:30,0,sms
CDR-004805,918680810632,918600238302,2025-03-04T13:33:00+05:30,31,voice
CDR-004806,916051518115,917388520357,2025-03-04T13:51:02+05:30,91,voice
CDR-004807,917545969696,916637885677,2025-03-04T13:55:17+05:30,12,voice
CDR-004808,919994738491,917837617691,2025-03-04T14:36:21+05:30,51,voice
CDR-004809,919747267016,917952549560,2025-03-04T14:44:52+05:30,0,sms
CDR-004810,918065255396,917134946256,2025-03-04T14:46:03+05:30,24,voice
CDR-004811,916051518115,918065255396,2025-03-04T14:51:54+05:30,198,voice
CDR-004812,918973120296,917930732092,2025-03-04T15:06:34+05:30,80,voice
CDR-004813,919688936655,916561718843,2025-03-04T15:22:44+05:30,221,voice
CDR-004814,918525720621,919772591901,2025-03-04T15:24:16+05:30,123,voice
CDR-004815,917545969696,919690393547,2025-03-04T16:07:46+05:30,7,voice
CDR-004816,919797302867,917187698223,2025-03-04T16:22:03+05:30,252,voice
CDR-004817,916309630372,919384822654,2025-03-04T16:22:34+05:30,0,sms
CDR-004818,919326047954,919577944637,2025-03-04T16:23:08+05:30,159,voice
CDR-004819,916641395672,919896703780,2025-03-04T16:48:37+05:30,139,voice
CDR-004820,918572218538,918382865694,2025-03-04T17:05:15+05:30,14,voice
CDR-004821,917876457943,917147613772,2025-03-04T17:29:38+05:30,78,voice
CDR-004822,919688936655,916561718843,2025-03-04T17:38:39+05:30,37,voice
CDR-004823,919326047954,916705754068,2025-03-04T17:39:22+05:30,24,voice
CDR-004824,916702951376,917147613772,2025-03-04T18:26:41+05:30,47,voice
CDR-004825,919571619646,917730176490,2025-03-04T18:31:13+05:30,213,voice
CDR-004826,916641395672,919571619646,2025-03-04T18:35:32+05:30,78,voice
CDR-004827,916935101816,916424188799,2025-03-04T18:46:27+05:30,32,voice
CDR-004828,916960990031,916691567852,2025-03-04T19:11:43+05:30,0,sms
CDR-004829,919384822654,916309630372,2025-03-04T19:49:19+05:30,127,voice
CDR-004830,916561718843,919688936655,2025-03-04T19:55:37+05:30,80,voice
CDR-004831,918332441743,918527357736,2025-03-04T20:07:27+05:30,94,voice
CDR-004832,916479900999,918485143212,2025-03-04T20:26:59+05:30,26,voice
CDR-004833,917556372626,916543832315,2025-03-04T20:38:17+05:30,54,voice
CDR-004834,916931872820,917469027111,2025-03-04T20:52:29+05:30,124,voice
CDR-004835,918437653138,916665802686,2025-03-04T21:00:01+05:30,71,voice
CDR-004836,919896703780,917844273643,2025-03-04T21:08:39+05:30,37,voice
CDR-004837,919577944637,919326047954,2025-03-04T21:10:42+05:30,459,voice
CDR-004838,916509638924,917630871663,2025-03-04T21:16:21+05:30,140,voice
CDR-004839,918525720621,918829009322,2025-03-04T21:37:39+05:30,66,voice
CDR-004840,917844273643,917147613772,2025-03-04T22:30:19+05:30,67,voice
CDR-004841,917970653224,916637885677,2025-03-04T22:54:01+05:30,82,voice
CDR-004842,918973120296,918510841654,2025-03-04T22:55:24+05:30,50,voice
CDR-004843,916082251340,917630871663,2025-03-04T23:05:31+05:30,62,voice
CDR-004844,917147613772,916702951376,2025-03-04T23:14:27+05:30,171,voice
CDR-004845,919600233059,916849321768,2025-03-04T23:15:18+05:30,52,voice
CDR-004846,917447202903,916665802686,2025-03-04T23:25:19+05:30,134,voice
CDR-004847,916194464851,916931872820,2025-03-04T23:31:44+05:30,316,voice
CDR-004848,918766270784,918517802039,2025-03-04T23:44:55+05:30,101,voice
CDR-004849,917538776094,916996582331,2025-03-04T23:49:52+05:30,111,voice
CDR-004850,918600238302,916435668733,2025-03-05T01:21:49+05:30,77,voice
CDR-004851,918437653138,916665802686,2025-03-05T04:52:31+05:30,60,voice
CDR-004852,916435668733,918437653138,2025-03-05T04:55:47+05:30,23,voice
CDR-004853,917147613772,916702951376,2025-03-05T06:09:14+05:30,234,voice
CDR-004854,917989228447,916912523398,2025-03-05T06:09:22+05:30,19,voice
CDR-004855,916641395672,916022038739,2025-03-05T06:54:41+05:30,179,voice
CDR-004856,916997171985,916375107792,2025-03-05T07:10:48+05:30,219,voice
CDR-004857,917919104175,919275070531,2025-03-05T08:01:13+05:30,86,voice
CDR-004858,916194464851,917616371951,2025-03-05T08:15:34+05:30,35,voice
CDR-004859,916375107792,916702951376,2025-03-05T08:19:29+05:30,0,sms
CDR-004860,919577944637,917679658289,2025-03-05T08:22:23+05:30,23,voice
CDR-004861,916540081641,917876457943,2025-03-05T08:39:03+05:30,44,voice
CDR-004862,917876457943,917844273643,2025-03-05T08:53:02+05:30,27,voice
CDR-004863,919153442407,919688936655,2025-03-05T09:02:11+05:30,31,voice
CDR-004864,916518301062,916424188799,2025-03-05T09:11:16+05:30,55,voice
CDR-004865,916017179896,916051518115,2025-03-05T09:12:41+05:30,161,voice
CDR-004866,917914834602,916535545166,2025-03-05T09:24:48+05:30,182,voice
CDR-004867,916694321946,916017179896,2025-03-05T09:31:42+05:30,8,voice
CDR-004868,916912523398,919647323963,2025-03-05T09:41:02+05:30,89,voice
CDR-004869,916367453616,919742990720,2025-03-05T09:49:53+05:30,13,voice
CDR-004870,916637885677,918517802039,2025-03-05T10:02:15+05:30,0,sms
CDR-004871,919744215949,916770012075,2025-03-05T10:25:45+05:30,24,voice
CDR-004872,917187698223,918227250029,2025-03-05T12:28:09+05:30,24,voice
CDR-004873,918829009322,919415717273,2025-03-05T12:31:15+05:30,132,voice
CDR-004874,917876457943,916849321768,2025-03-05T12:47:12+05:30,48,voice
CDR-004875,918524624102,919326047954,2025-03-05T12:53:30+05:30,19,voice
CDR-004876,918485143212,916479900999,2025-03-05T12:56:48+05:30,38,voice
CDR-004877,917844273643,916849321768,2025-03-05T13:21:24+05:30,122,voice
CDR-004878,916479900999,917469027111,2025-03-05T13:24:40+05:30,62,voice
CDR-004879,919384822654,916309630372,2025-03-05T13:43:46+05:30,0,sms
CDR-004880,918047654190,919600308487,2025-03-05T13:48:33+05:30,138,voice
CDR-004881,916665802686,916637885677,2025-03-05T14:05:33+05:30,49,voice
CDR-004882,917914834602,918572218538,2025-03-05T14:22:00+05:30,60,voice
CDR-004883,916026997648,916876538782,2025-03-05T14:39:06+05:30,53,voice
CDR-004884,916702951376,917844273643,2025-03-05T14:49:37+05:30,47,voice
CDR-004885,919326047954,917930732092,2025-03-05T15:06:48+05:30,98,voice
CDR-004886,918510841654,918973120296,2025-03-05T15:32:33+05:30,41,voice
CDR-004887,917260443015,916543832315,2025-03-05T15:47:26+05:30,0,sms
CDR-004888,918524624102,919415717273,2025-03-05T15:50:56+05:30,11,voice
CDR-004889,917814266084,918547024696,2025-03-05T16:01:32+05:30,66,voice
CDR-004890,918047654190,918251165584,2025-03-05T16:06:41+05:30,40,voice
CDR-004891,919577944637,918973120296,2025-03-05T16:15:00+05:30,23,voice
CDR-004892,919714540957,916770012075,2025-03-05T16:24:34+05:30,26,voice
CDR-004893,916855008436,916876538782,2025-03-05T16:41:08+05:30,22,voice
CDR-004894,916122729730,919714540957,2025-03-05T17:36:21+05:30,28,voice
CDR-004895,918184188031,916691567852,2025-03-05T18:00:31+05:30,104,voice
CDR-004896,919797302867,916935101816,2025-03-05T18:30:32+05:30,42,voice
CDR-004897,917485979569,918437653138,2025-03-05T18:32:01+05:30,43,voice
CDR-004898,918437653138,916637885677,2025-03-05T18:34:48+05:30,119,voice
CDR-004899,918382865694,918572218538,2025-03-05T18:46:01+05:30,134,voice
CDR-004900,918527357736,919342059358,2025-03-05T18:47:09+05:30,13,voice
CDR-004901,918382865694,916518301062,2025-03-05T19:27:34+05:30,43,voice
CDR-004902,918224632063,916051518115,2025-03-05T19:32:10+05:30,14,voice
CDR-004903,916702951376,916275552433,2025-03-05T19:33:32+05:30,47,voice
CDR-004904,918238710435,917679658289,2025-03-05T19:35:20+05:30,0,sms
CDR-004905,918382865694,918572218538,2025-03-05T19:39:12+05:30,0,sms
CDR-004906,919747267016,917952549560,2025-03-05T19:41:02+05:30,108,voice
CDR-004907,917914834602,916931872820,2025-03-05T20:27:00+05:30,20,voice
CDR-004908,919577944637,917388520357,2025-03-05T20:37:31+05:30,46,voice
CDR-004909,916026997648,918766270784,2025-03-05T20:48:20+05:30,157,voice
CDR-004910,918510841654,917679658289,2025-03-05T20:58:50+05:30,132,voice
CDR-004911,917353300525,916665802686,2025-03-05T21:36:58+05:30,94,voice
CDR-004912,916931872820,916367453616,2025-03-05T21:45:58+05:30,29,voice
CDR-004913,916637885677,917545969696,2025-03-05T22:16:06+05:30,64,voice
CDR-004914,916435668733,918437653138,2025-03-05T22:30:04+05:30,35,voice
CDR-004915,917844273643,918129866499,2025-03-05T22:45:42+05:30,98,voice
CDR-004916,917500083076,916017179896,2025-03-05T22:49:38+05:30,91,voice
CDR-004917,916017179896,918829009322,2025-03-05T23:00:21+05:30,27,voice
CDR-004918,918332441743,919342059358,2025-03-05T23:09:27+05:30,213,voice
CDR-004919,917147613772,917876457943,2025-03-05T23:48:44+05:30,40,voice
CDR-004920,916665802686,916729640279,2025-03-06T01:00:42+05:30,656,voice
CDR-004921,919896703780,916309630372,2025-03-06T02:27:53+05:30,64,voice
CDR-004922,918437653138,918600238302,2025-03-06T02:48:57+05:30,54,voice
CDR-004923,917447202903,916665802686,2025-03-06T05:57:38+05:30,76,voice
CDR-004924,919647323963,916912523398,2025-03-06T06:13:48+05:30,16,voice
CDR-004925,916367453616,916931872820,2025-03-06T06:19:00+05:30,34,voice
CDR-004926,918766270784,919326047954,2025-03-06T07:08:25+05:30,36,voice
CDR-004927,919384822654,917288961107,2025-03-06T07:20:27+05:30,49,voice
CDR-004928,917914834602,918251165584,2025-03-06T07:20:50+05:30,296,voice
CDR-004929,919896703780,916275552433,2025-03-06T08:05:09+05:30,0,sms
CDR-004930,916641395672,917989228447,2025-03-06T08:19:07+05:30,272,voice
CDR-004931,917814266084,919690393547,2025-03-06T08:51:49+05:30,64,voice
CDR-004932,917147613772,917288961107,2025-03-06T09:04:20+05:30,222,voice
CDR-004933,916082251340,919415717273,2025-03-06T09:43:44+05:30,0,sms
CDR-004934,916702951376,917147613772,2025-03-06T09:57:41+05:30,39,voice
CDR-004935,916849321768,917147613772,2025-03-06T10:04:01+05:30,77,voice
CDR-004936,917679658289,918829009322,2025-03-06T10:08:13+05:30,186,voice
CDR-004937,916375107792,917876457943,2025-03-06T10:26:02+05:30,70,voice
CDR-004938,918843189740,918063398568,2025-03-06T10:37:15+05:30,95,voice
CDR-004939,917311481954,918547024696,2025-03-06T10:48:56+05:30,0,sms
CDR-004940,918829009322,919415717273,2025-03-06T11:12:31+05:30,856,voice
CDR-004941,917388520357,919577944637,2025-03-06T11:16:05+05:30,38,voice
CDR-004942,916935101816,916424188799,2025-03-06T11:22:12+05:30,26,voice
CDR-004943,916694321946,919415717273,2025-03-06T11:29:19+05:30,144,voice
CDR-004944,917147613772,917288961107,2025-03-06T11:30:02+05:30,202,voice
CDR-004945,916424188799,917469027111,2025-03-06T11:50:30+05:30,42,voice
CDR-004946,916509638924,917630871663,2025-03-06T12:42:43+05:30,62,voice
CDR-004947,916051518115,918845716772,2025-03-06T13:10:25+05:30,0,sms
CDR-004948,917500083076,918238710435,2025-03-06T13:23:34+05:30,256,voice
CDR-004949,917260443015,916812873288,2025-03-06T14:05:33+05:30,18,voice
CDR-004950,917989228447,916641395672,2025-03-06T14:05:38+05:30,0,sms
CDR-004951,917876457943,917147613772,2025-03-06T14:17:59+05:30,256,voice
CDR-004952,916535545166,919136751526,2025-03-06T14:25:58+05:30,116,voice
CDR-004953,917353300525,916543832315,2025-03-06T14:28:04+05:30,21,voice
CDR-004954,917469027111,918485143212,2025-03-06T14:51:35+05:30,59,voice
CDR-004955,919577944637,918766270784,2025-03-06T14:53:56+05:30,46,voice
CDR-004956,917730176490,919571619646,2025-03-06T15:27:15+05:30,490,voice
CDR-004957,916787800822,916812873288,2025-03-06T15:48:17+05:30,143,voice
CDR-004958,916855008436,916082251340,2025-03-06T15:54:00+05:30,7,voice
CDR-004959,918251165584,916535545166,2025-03-06T15:55:19+05:30,21,voice
CDR-004960,918238710435,917679658289,2025-03-06T16:00:33+05:30,106,voice
CDR-004961,917545969696,919994738491,2025-03-06T16:21:02+05:30,59,voice
CDR-004962,917485979569,917545969696,2025-03-06T16:21:51+05:30,0,sms
CDR-004963,918238710435,917679658289,2025-03-06T16:23:40+05:30,16,voice
CDR-004964,919577944637,918973120296,2025-03-06T16:33:06+05:30,0,sms
CDR-004965,918525720621,918524624102,2025-03-06T16:49:09+05:30,74,voice
CDR-004966,916694321946,919415717273,2025-03-06T16:52:24+05:30,20,voice
CDR-004967,918251165584,916535545166,2025-03-06T16:55:49+05:30,38,voice
CDR-004968,916561718843,919688936655,2025-03-06T17:15:58+05:30,39,voice
CDR-004969,917616371951,916194464851,2025-03-06T17:17:04+05:30,309,voice
CDR-004970,916770012075,919744215949,2025-03-06T17:39:38+05:30,52,voice
CDR-004971,917187698223,918227250029,2025-03-06T18:08:27+05:30,98,voice
CDR-004972,916637885677,916665802686,2025-03-06T18:22:50+05:30,126,voice
CDR-004973,918510841654,916694321946,2025-03-06T18:24:49+05:30,0,sms
CDR-004974,919577944637,918766270784,2025-03-06T18:33:04+05:30,23,voice
CDR-004975,919994738491,917545969696,2025-03-06T18:37:11+05:30,34,voice
CDR-004976,916852224261,916424188799,2025-03-06T18:44:21+05:30,142,voice
CDR-004977,919415717273,918829009322,2025-03-06T18:44:48+05:30,297,voice
CDR-004978,917469027111,916479900999,2025-03-06T19:07:25+05:30,176,voice
CDR-004979,917353300525,916543832315,2025-03-06T19:16:42+05:30,146,voice
CDR-004980,918452335165,919994738491,2025-03-06T19:25:37+05:30,56,voice
CDR-004981,918452335165,919690393547,2025-03-06T19:26:29+05:30,113,voice
CDR-004982,916509638924,917994279003,2025-03-06T19:57:38+05:30,0,sms
CDR-004983,919647323963,919688936655,2025-03-06T19:58:24+05:30,0,sms
CDR-004984,916852224261,916424188799,2025-03-06T20:42:48+05:30,93,voice
CDR-004985,916997171985,916309630372,2025-03-06T20:44:25+05:30,88,voice
CDR-004986,919647323963,916912523398,2025-03-06T20:47:38+05:30,14,voice
CDR-004987,916217338638,916665802686,2025-03-06T21:13:45+05:30,20,voice
CDR-004988,916849321768,916375107792,2025-03-06T21:14:52+05:30,87,voice
CDR-004989,918452335165,916435668733,2025-03-06T21:20:16+05:30,7,voice
CDR-004990,916852224261,916479900999,2025-03-06T21:20:45+05:30,0,sms
CDR-004991,918527357736,919342059358,2025-03-06T21:21:29+05:30,65,voice
CDR-004992,919326047954,918766270784,2025-03-06T21:47:17+05:30,37,voice
CDR-004993,918600238302,918437653138,2025-03-06T21:59:28+05:30,0,sms
CDR-004994,917388520357,917952549560,2025-03-06T22:00:54+05:30,0,sms
CDR-004995,919153442407,919688936655,2025-03-06T22:01:35+05:30,17,voice
CDR-004996,917730176490,919571619646,2025-03-06T22:04:03+05:30,34,voice
CDR-004997,916812873288,917485979569,2025-03-06T22:26:27+05:30,51,voice
CDR-004998,918771974035,916309630372,2025-03-06T22:51:05+05:30,0,sms
CDR-004999,916691567852,916275552433,2025-03-06T22:51:31+05:30,5,voice
CDR-005000,918823052386,917888064876,2025-03-06T22:55:09+05:30,72,voice
CDR-005001,918843189740,917187698223,2025-03-06T23:00:13+05:30,34,voice
CDR-005002,918524624102,919415717273,2025-03-06T23:06:48+05:30,170,voice
CDR-005003,916641395672,919571619646,2025-03-06T23:45:05+05:30,51,voice
CDR-005004,916694321946,918510841654,2025-03-06T23:46:03+05:30,89,voice
CDR-005005,916787800822,916665802686,2025-03-07T00:55:57+05:30,0,sms
CDR-005006,917353300525,916543832315,2025-03-07T05:18:11+05:30,0,sms
CDR-005007,917288961107,917147613772,2025-03-07T05:29:02+05:30,113,voice
CDR-005008,916637885677,916665802686,2025-03-07T05:52:01+05:30,329,voice
CDR-005009,918973120296,918829009322,2025-03-07T06:07:12+05:30,0,sms
CDR-005010,918845716772,916855008436,2025-03-07T06:21:49+05:30,0,sms
CDR-005011,916309630372,916293377920,2025-03-07T06:35:30+05:30,0,sms
CDR-005012,916309630372,919571619646,2025-03-07T06:49:23+05:30,25,voice
CDR-005013,917353300525,916665802686,2025-03-07T07:28:25+05:30,34,voice
CDR-005014,917876457943,916849321768,2025-03-07T07:37:40+05:30,0,sms
CDR-005015,917388520357,917952549560,2025-03-07T08:01:42+05:30,50,voice
CDR-005016,916694321946,919415717273,2025-03-07T08:36:48+05:30,61,voice
CDR-005017,917469027111,917538776094,2025-03-07T08:40:00+05:30,118,voice
CDR-005018,917288961107,916960990031,2025-03-07T08:40:27+05:30,12,voice
CDR-005019,919896703780,916309630372,2025-03-07T09:00:07+05:30,29,voice
CDR-005020,917545969696,918547024696,2025-03-07T09:12:34+05:30,0,sms
CDR-005021,916694321946,916509638924,2025-03-07T09:38:18+05:30,55,voice
CDR-005022,916535545166,918251165584,2025-03-07T09:43:30+05:30,216,voice
CDR-005023,916888840554,916960990031,2025-03-07T09:45:20+05:30,57,voice
CDR-005024,918525720621,919415717273,2025-03-07T09:50:45+05:30,0,sms
CDR-005025,918547024696,918452335165,2025-03-07T10:03:47+05:30,63,voice
CDR-005026,917268526587,916223553521,2025-03-07T10:37:16+05:30,55,voice
CDR-005027,918527357736,918840103823,2025-03-07T10:46:33+05:30,171,voice
CDR-005028,917353300525,916325845808,2025-03-07T10:48:29+05:30,61,voice
CDR-005029,918843189740,917187698223,2025-03-07T10:54:21+05:30,0,sms
CDR-005030,916223553521,918772528373,2025-03-07T11:12:12+05:30,32,voice
CDR-005031,916309630372,919600233059,2025-03-07T11:14:01+05:30,70,voice
CDR-005032,917919104175,919275070531,2025-03-07T11:22:09+05:30,13,voice
CDR-005033,917388520357,918224632063,2025-03-07T11:22:16+05:30,78,voice
CDR-005034,918524624102,917630871663,2025-03-07T11:49:40+05:30,39,voice
CDR-005035,916694321946,919415717273,2025-03-07T12:17:27+05:30,25,voice
CDR-005036,916997171985,917876457943,2025-03-07T12:32:18+05:30,0,sms
CDR-005037,918766270784,919326047954,2025-03-07T12:34:42+05:30,27,voice
CDR-005038,919690393547,916217338638,2025-03-07T12:56:24+05:30,81,voice
CDR-005039,918680810632,917846947792,2025-03-07T13:08:47+05:30,51,voice
CDR-005040,916996582331,917538776094,2025-03-07T13:19:28+05:30,121,voice
CDR-005041,919577944637,918973120296,2025-03-07T13:33:24+05:30,18,voice
CDR-005042,916637885677,919690393547,2025-03-07T13:38:44+05:30,40,voice
CDR-005043,916309630372,916997171985,2025-03-07T14:03:35+05:30,40,voice
CDR-005044,917311481954,919119219019,2025-03-07T14:20:52+05:30,34,voice
CDR-005045,916702951376,916325845808,2025-03-07T14:45:41+05:30,446,voice
CDR-005046,916960990031,916309630372,2025-03-07T14:49:56+05:30,12,voice
CDR-005047,918251165584,916535545166,2025-03-07T14:57:28+05:30,48,voice
CDR-005048,916931872820,916194464851,2025-03-07T15:03:04+05:30,33,voice
CDR-005049,918823052386,916194464851,2025-03-07T15:17:26+05:30,48,voice
CDR-005050,916309630372,919896703780,2025-03-07T15:27:36+05:30,35,voice
CDR-005051,918823052386,918081943102,2025-03-07T15:35:50+05:30,141,voice
CDR-005052,917876587248,918527357736,2025-03-07T15:45:11+05:30,47,voice
CDR-005053,916665802686,916787800822,2025-03-07T15:49:02+05:30,49,voice
CDR-005054,916852224261,916022038739,2025-03-07T16:03:03+05:30,12,voice
CDR-005055,916375107792,916849321768,2025-03-07T16:32:00+05:30,32,voice
CDR-005056,916479900999,919742990720,2025-03-07T16:32:53+05:30,78,voice
CDR-005057,916017179896,917952549560,2025-03-07T16:44:29+05:30,69,voice
CDR-005058,917989228447,916912523398,2025-03-07T17:23:45+05:30,44,voice
CDR-005059,916122729730,919714540957,2025-03-07T17:26:41+05:30,271,voice
CDR-005060,918332441743,918081943102,2025-03-07T17:48:51+05:30,90,voice
CDR-005061,917187698223,918843189740,2025-03-07T17:49:09+05:30,23,voice
CDR-005062,918437653138,916637885677,2025-03-07T18:13:39+05:30,51,voice
CDR-005063,916937699779,916122729730,2025-03-07T18:41:04+05:30,0,sms
CDR-005064,916217338638,916637885677,2025-03-07T18:50:35+05:30,0,sms
CDR-005065,919994738491,918452335165,2025-03-07T19:19:29+05:30,91,voice
CDR-005066,917876457943,916849321768,2025-03-07T19:21:22+05:30,109,voice
CDR-005067,918251165584,917914834602,2025-03-07T19:47:54+05:30,38,voice
CDR-005068,918823052386,917888064876,2025-03-07T20:08:23+05:30,1126,voice
CDR-005069,916309630372,916960990031,2025-03-07T20:30:20+05:30,0,sms
CDR-005070,918829009322,919415717273,2025-03-07T20:38:24+05:30,57,voice
CDR-005071,918251165584,918047654190,2025-03-07T20:42:44+05:30,78,voice
CDR-005072,916702951376,916275552433,2025-03-07T20:57:19+05:30,37,voice
CDR-005073,919415717273,919577944637,2025-03-07T20:57:52+05:30,73,voice
CDR-005074,918843189740,917187698223,2025-03-07T21:03:06+05:30,48,voice
CDR-005075,916770012075,919744215949,2025-03-07T21:04:54+05:30,116,voice
CDR-005076,916435668733,916637885677,2025-03-07T21:23:00+05:30,27,voice
CDR-005077,916367453616,916479900999,2025-03-07T21:58:50+05:30,19,voice
CDR-005078,916691567852,916960990031,2025-03-07T22:13:14+05:30,90,voice
CDR-005079,919772591901,919415717273,2025-03-07T22:24:39+05:30,20,voice
CDR-005080,917260443015,917556372626,2025-03-07T22:35:31+05:30,40,voice
CDR-005081,916540081641,916702951376,2025-03-07T22:45:18+05:30,35,voice
CDR-005082,916852224261,916424188799,2025-03-07T22:58:11+05:30,105,voice
CDR-005083,919326047954,916026997648,2025-03-07T23:10:35+05:30,57,voice
CDR-005084,919690393547,916217338638,2025-03-07T23:18:17+05:30,91,voice
CDR-005085,916424188799,916931872820,2025-03-07T23:18:24+05:30,0,sms
CDR-005086,916960990031,917288961107,2025-03-07T23:57:58+05:30,77,voice
CDR-005087,918224632063,916694321946,2025-03-08T01:53:22+05:30,109,voice
CDR-005088,918437653138,918600238302,2025-03-08T05:01:32+05:30,0,sms
CDR-005089,916367453616,916518301062,2025-03-08T05:50:27+05:30,217,voice
CDR-005090,916855008436,917630871663,2025-03-08T06:16:34+05:30,80,voice
CDR-005091,916424188799,916852224261,2025-03-08T06:54:57+05:30,35,voice
CDR-005092,919571619646,917846947792,2025-03-08T07:24:50+05:30,186,voice
CDR-005093,918829009322,916694321946,2025-03-08T07:31:40+05:30,27,voice
CDR-005094,916543832315,917260443015,2025-03-08T08:03:07+05:30,242,voice
CDR-005095,919577944637,918766270784,2025-03-08T08:08:00+05:30,0,sms
CDR-005096,917545969696,917837617691,2025-03-08T08:38:30+05:30,10,voice
CDR-005097,919119219019,917311481954,2025-03-08T08:49:09+05:30,23,voice
CDR-005098,916435668733,917260443015,2025-03-08T08:51:16+05:30,28,voice
CDR-005099,916424188799,916852224261,2025-03-08T09:11:43+05:30,42,voice
CDR-005100,917930732092,918766270784,2025-03-08T09:14:41+05:30,38,voice
CDR-005101,918766270784,917930732092,2025-03-08T09:31:20+05:30,42,voice
CDR-005102,918973120296,918829009322,2025-03-08T10:12:01+05:30,93,voice
CDR-005103,918251165584,918572218538,2025-03-08T10:22:05+05:30,499,voice
CDR-005104,917388520357,919577944637,2025-03-08T10:39:01+05:30,59,voice
CDR-005105,917989228447,916555122302,2025-03-08T10:53:49+05:30,121,voice
CDR-005106,918224632063,916051518115,2025-03-08T11:03:34+05:30,10,voice
CDR-005107,916555122302,917994279003,2025-03-08T11:03:53+05:30,98,voice
CDR-005108,916309630372,916997171985,2025-03-08T11:08:50+05:30,41,voice
CDR-005109,917500083076,916876538782,2025-03-08T11:19:05+05:30,194,voice
CDR-005110,919994738491,918600238302,2025-03-08T11:26:32+05:30,12,voice
CDR-005111,916912523398,917989228447,2025-03-08T11:30:37+05:30,8,voice
CDR-005112,916194464851,917616371951,2025-03-08T11:36:48+05:30,88,voice
CDR-005113,918452335165,917545969696,2025-03-08T11:37:14+05:30,32,voice
CDR-005114,918829009322,919415717273,2025-03-08T11:48:22+05:30,28,voice
CDR-005115,916702951376,917147613772,2025-03-08T11:52:38+05:30,13,voice
CDR-005116,918829009322,916729640279,2025-03-08T12:07:15+05:30,0,sms
CDR-005117,916275552433,916702951376,2025-03-08T13:25:35+05:30,119,voice
CDR-005118,918829009322,919415717273,2025-03-08T13:52:12+05:30,32,voice
CDR-005119,919326047954,917930732092,2025-03-08T13:53:22+05:30,42,voice
CDR-005120,917970653224,916309630372,2025-03-08T14:20:22+05:30,23,voice
CDR-005121,919571619646,917989228447,2025-03-08T14:34:26+05:30,48,voice
CDR-005122,919647323963,916641395672,2025-03-08T15:07:22+05:30,41,voice
CDR-005123,916026997648,919577944637,2025-03-08T15:07:57+05:30,49,voice
CDR-005124,918065255396,918447344267,2025-03-08T15:27:30+05:30,122,voice
CDR-005125,916637885677,918437653138,2025-03-08T15:39:36+05:30,31,voice
CDR-005126,916960990031,916309630372,2025-03-08T15:40:56+05:30,79,voice
CDR-005127,917914834602,919136751526,2025-03-08T15:45:24+05:30,36,voice
CDR-005128,917730176490,919571619646,2025-03-08T15:55:09+05:30,48,voice
CDR-005129,918680810632,917846947792,2025-03-08T15:55:14+05:30,0,sms
CDR-005130,918771974035,916309630372,2025-03-08T16:12:46+05:30,60,voice
CDR-005131,916770012075,919714540957,2025-03-08T16:45:06+05:30,9,voice
CDR-005132,918771974035,916309630372,2025-03-08T16:50:34+05:30,23,voice
CDR-005133,918437653138,918600238302,2025-03-08T16:56:42+05:30,115,voice
CDR-005134,917485979569,919690393547,2025-03-08T17:44:47+05:30,48,voice
CDR-005135,916691567852,916275552433,2025-03-08T18:08:59+05:30,17,voice
CDR-005136,918973120296,916026997648,2025-03-08T18:21:39+05:30,75,voice
CDR-005137,917147613772,917844273643,2025-03-08T18:46:54+05:30,6,voice
CDR-005138,916637885677,916665802686,2025-03-08T19:03:04+05:30,35,voice
CDR-005139,916876538782,917679658289,2025-03-08T19:17:19+05:30,41,voice
CDR-005140,917919104175,918332441743,2025-03-08T19:27:56+05:30,95,voice
CDR-005141,917469027111,916931872820,2025-03-08T19:46:06+05:30,35,voice
CDR-005142,918766270784,919577944637,2025-03-08T19:50:01+05:30,18,voice
CDR-005143,917447202903,916665802686,2025-03-08T20:08:33+05:30,28,voice
CDR-005144,917952549560,919747267016,2025-03-08T20:16:22+05:30,135,voice
CDR-005145,917919104175,919275070531,2025-03-08T20:19:39+05:30,394,voice
CDR-005146,919577944637,919326047954,2025-03-08T20:40:17+05:30,27,voice
CDR-005147,916122729730,919714540957,2025-03-08T20:55:21+05:30,57,voice
CDR-005148,918766270784,919326047954,2025-03-08T20:55:59+05:30,75,voice
CDR-005149,916479900999,916518301062,2025-03-08T21:07:09+05:30,29,voice
CDR-005150,916509638924,917679658289,2025-03-08T21:13:57+05:30,90,voice
CDR-005151,919600233059,917876457943,2025-03-08T21:23:23+05:30,161,voice
CDR-005152,917500083076,916017179896,2025-03-08T22:04:31+05:30,21,voice
CDR-005153,917876457943,917147613772,2025-03-08T22:18:51+05:30,99,voice
CDR-005154,917538776094,916996582331,2025-03-08T22:20:31+05:30,55,voice
CDR-005155,918851286499,917447202903,2025-03-08T22:21:07+05:30,6,voice
CDR-005156,918527357736,917876587248,2025-03-08T22:39:12+05:30,0,sms
CDR-005157,918600238302,918437653138,2025-03-08T22:59:44+05:30,0,sms
CDR-005158,916509638924,917500083076,2025-03-08T23:01:20+05:30,42,voice
CDR-005159,916855008436,916082251340,2025-03-08T23:02:56+05:30,64,voice
CDR-005160,916479900999,919742990720,2025-03-08T23:14:20+05:30,221,voice
CDR-005161,916996582331,918227250029,2025-03-08T23:16:30+05:30,96,voice
CDR-005162,916702951376,916375107792,2025-03-08T23:31:24+05:30,37,voice
CDR-005163,916665802686,916787800822,2025-03-08T23:33:08+05:30,134,voice
CDR-005164,917679658289,919577944637,2025-03-09T00:49:00+05:30,58,voice
CDR-005165,917630871663,916509638924,2025-03-09T02:13:55+05:30,70,voice
CDR-005166,919797302867,916935101816,2025-03-09T03:43:57+05:30,55,voice
CDR-005167,919797302867,916424188799,2025-03-09T04:55:48+05:30,205,voice
CDR-005168,918525720621,919415717273,2025-03-09T05:55:00+05:30,0,sms
CDR-005169,916876538782,916855008436,2025-03-09T06:27:34+05:30,9,voice
CDR-005170,918510841654,916026997648,2025-03-09T06:28:12+05:30,30,voice
CDR-005171,917876457943,919647323963,2025-03-09T06:29:32+05:30,39,voice
CDR-005172,918485143212,917469027111,2025-03-09T06:29:48+05:30,0,sms
CDR-005173,916641395672,919571619646,2025-03-09T06:29:51+05:30,192,voice
CDR-005174,917556372626,916543832315,2025-03-09T06:30:38+05:30,240,voice
CDR-005175,916275552433,916691567852,2025-03-09T06:57:49+05:30,6,voice
CDR-005176,916702951376,916555122302,2025-03-09T07:10:05+05:30,106,voice
CDR-005177,917814266084,916705754068,2025-03-09T07:16:11+05:30,34,voice
CDR-005178,919577944637,919326047954,2025-03-09T07:17:04+05:30,60,voice
CDR-005179,918524624102,919326047954,2025-03-09T07:31:08+05:30,261,voice
CDR-005180,916535545166,918251165584,2025-03-09T07:34:55+05:30,0,sms
CDR-005181,918572218538,919797302867,2025-03-09T08:01:58+05:30,0,sms
CDR-005182,919744215949,916223553521,2025-03-09T08:30:06+05:30,31,voice
CDR-005183,916849321768,917844273643,2025-03-09T09:05:06+05:30,87,voice
CDR-005184,918224632063,916293377920,2025-03-09T10:08:26+05:30,54,voice
CDR-005185,917187698223,916996582331,2025-03-09T10:56:50+05:30,224,voice
CDR-005186,917469027111,916424188799,2025-03-09T11:19:45+05:30,68,voice
CDR-005187,918525720621,918829009322,2025-03-09T11:30:02+05:30,47,voice
CDR-005188,916509638924,917679658289,2025-03-09T11:32:10+05:30,144,voice
CDR-005189,918437653138,919600308487,2025-03-09T11:53:56+05:30,0,sms
CDR-005190,918238710435,917679658289,2025-03-09T11:54:52+05:30,13,voice
CDR-005191,917630871663,916082251340,2025-03-09T12:41:44+05:30,226,voice
CDR-005192,918600238302,918680810632,2025-03-09T12:50:12+05:30,0,sms
CDR-005193,916849321768,917876457943,2025-03-09T13:04:00+05:30,0,sms
CDR-005194,916026997648,916876538782,2025-03-09T13:06:44+05:30,0,sms
CDR-005195,916653793670,918517802039,2025-03-09T13:23:13+05:30,38,voice
CDR-005196,918485143212,917994279003,2025-03-09T13:31:49+05:30,17,voice
CDR-005197,916309630372,918771974035,2025-03-09T14:02:24+05:30,37,voice
CDR-005198,917844273643,917147613772,2025-03-09T14:18:48+05:30,63,voice
CDR-005199,917147613772,916702951376,2025-03-09T14:35:34+05:30,138,voice
CDR-005200,918547024696,918452335165,2025-03-09T14:36:15+05:30,24,voice
CDR-005201,917888064876,918823052386,2025-03-09T16:24:04+05:30,25,voice
CDR-005202,916543832315,917837617691,2025-03-09T18:54:26+05:30,23,voice
CDR-005203,917147613772,918184188031,2025-03-09T18:59:17+05:30,0,sms
CDR-005204,917876457943,916997171985,2025-03-09T19:30:24+05:30,130,voice
CDR-005205,917469027111,917538776094,2025-03-09T19:39:34+05:30,0,sms
CDR-005206,919342059358,918332441743,2025-03-09T19:41:38+05:30,204,voice
CDR-005207,916424188799,918382865694,2025-03-09T19:50:00+05:30,71,voice
CDR-005208,917989228447,919647323963,2025-03-09T19:53:54+05:30,98,voice
CDR-005209,916912523398,917989228447,2025-03-09T19:56:13+05:30,104,voice
CDR-005210,917500083076,917679658289,2025-03-09T20:33:05+05:30,45,voice
CDR-005211,916217338638,916812873288,2025-03-09T20:38:37+05:30,78,voice
CDR-005212,916641395672,919571619646,2025-03-09T21:02:45+05:30,13,voice
CDR-005213,917260443015,917556372626,2025-03-09T21:06:11+05:30,157,voice
CDR-005214,918845716772,919747267016,2025-03-09T21:15:03+05:30,12,voice
CDR-005215,917930732092,919326047954,2025-03-09T21:31:27+05:30,110,voice
CDR-005216,919742990720,918382865694,2025-03-09T21:31:44+05:30,95,voice
CDR-005217,916641395672,917730176490,2025-03-09T21:41:39+05:30,12,voice
CDR-005218,919326047954,918524624102,2025-03-09T21:42:47+05:30,5,voice
CDR-005219,916026997648,918766270784,2025-03-09T22:11:47+05:30,0,sms
CDR-005220,918224632063,919415717273,2025-03-09T22:27:56+05:30,282,voice
CDR-005221,917485979569,916637885677,2025-03-09T23:02:51+05:30,24,voice
CDR-005222,916912523398,917989228447,2025-03-09T23:07:07+05:30,46,voice
CDR-005223,919797302867,916424188799,2025-03-09T23:11:26+05:30,112,voice
CDR-005224,916852224261,917888064876,2025-03-09T23:33:44+05:30,0,sms
CDR-005225,916275552433,916691567852,2025-03-09T23:56:25+05:30,89,voice
CDR-005226,919690393547,916637885677,2025-03-10T00:05:45+05:30,58,voice
CDR-005227,916691567852,916275552433,2025-03-10T00:07:11+05:30,28,voice
CDR-005228,916509638924,917679658289,2025-03-10T01:16:53+05:30,41,voice
CDR-005229,917556372626,916543832315,2025-03-10T01:58:29+05:30,25,voice
CDR-005230,917679658289,916876538782,2025-03-10T03:31:03+05:30,63,voice
CDR-005231,918524624102,919415717273,2025-03-10T05:36:42+05:30,47,voice
CDR-005232,917538776094,916996582331,2025-03-10T06:03:25+05:30,96,voice
CDR-005233,917187698223,918843189740,2025-03-10T06:04:57+05:30,249,voice
CDR-005234,916641395672,917730176490,2025-03-10T06:11:57+05:30,5,voice
CDR-005235,916637885677,917447202903,2025-03-10T06:39:21+05:30,26,voice
CDR-005236,918517802039,916637885677,2025-03-10T07:17:09+05:30,320,voice
CDR-005237,916535545166,917914834602,2025-03-10T07:55:49+05:30,325,voice
CDR-005238,916912523398,919647323963,2025-03-10T08:25:13+05:30,0,sms
CDR-005239,916702951376,917876457943,2025-03-10T08:30:41+05:30,117,voice
CDR-005240,916960990031,916691567852,2025-03-10T08:37:22+05:30,14,voice
CDR-005241,916435668733,917260443015,2025-03-10T09:00:20+05:30,0,sms
CDR-005242,917616371951,916194464851,2025-03-10T09:08:29+05:30,100,voice
CDR-005243,918437653138,917485979569,2025-03-10T09:21:57+05:30,105,voice
CDR-005244,918772528373,916223553521,2025-03-10T10:16:39+05:30,65,voice
CDR-005245,917630871663,918840103823,2025-03-10T11:08:04+05:30,50,voice
CDR-005246,917469027111,916479900999,2025-03-10T12:52:56+05:30,0,sms
CDR-005247,917814266084,919690393547,2025-03-10T12:54:52+05:30,16,voice
CDR-005248,918527357736,916293377920,2025-03-10T13:37:45+05:30,36,voice
CDR-005249,916435668733,916637885677,2025-03-10T13:41:58+05:30,146,voice
CDR-005250,917914834602,916194464851,2025-03-10T13:53:23+05:30,0,sms
CDR-005251,918572218538,918382865694,2025-03-10T13:59:39+05:30,26,voice
CDR-005252,917814266084,917837617691,2025-03-10T14:08:51+05:30,0,sms
CDR-005253,916812873288,917556372626,2025-03-10T14:09:50+05:30,69,voice
CDR-005254,916691567852,916275552433,2025-03-10T14:11:09+05:30,99,voice
CDR-005255,918452335165,918065255396,2025-03-10T14:18:20+05:30,69,voice
CDR-005256,916996582331,916852224261,2025-03-10T14:18:37+05:30,25,voice
CDR-005257,916637885677,916217338638,2025-03-10T15:32:56+05:30,0,sms
CDR-005258,918843189740,917187698223,2025-03-10T15:44:46+05:30,160,voice
CDR-005259,916509638924,917630871663,2025-03-10T16:01:22+05:30,0,sms
CDR-005260,916912523398,917989228447,2025-03-10T16:09:48+05:30,30,voice
CDR-005261,916935101816,916424188799,2025-03-10T16:09:55+05:30,28,voice
CDR-005262,916960990031,917288961107,2025-03-10T16:15:52+05:30,32,voice
CDR-005263,917447202903,916665802686,2025-03-10T16:57:05+05:30,0,sms
CDR-005264,917469027111,918485143212,2025-03-10T17:18:07+05:30,38,voice
CDR-005265,917447202903,917353300525,2025-03-10T17:38:09+05:30,27,voice
CDR-005266,916518301062,918081943102,2025-03-10T17:44:13+05:30,10,voice
CDR-005267,919797302867,916424188799,2025-03-10T18:01:57+05:30,173,voice
CDR-005268,916665802686,916787800822,2025-03-10T18:13:09+05:30,259,voice
CDR-005269,916637885677,916217338638,2025-03-10T18:13:27+05:30,32,voice
CDR-005270,917545969696,919994738491,2025-03-10T18:54:17+05:30,40,voice
CDR-005271,919896703780,916309630372,2025-03-10T19:41:50+05:30,156,voice
CDR-005272,917630871663,916082251340,2025-03-10T19:55:50+05:30,0,sms
CDR-005273,917952549560,917388520357,2025-03-10T19:59:04+05:30,300,voice
CDR-005274,919690393547,917485979569,2025-03-10T20:15:04+05:30,79,voice
CDR-005275,918766270784,919326047954,2025-03-10T20:20:18+05:30,63,voice
CDR-005276,917814266084,919690393547,2025-03-10T20:43:28+05:30,323,voice
CDR-005277,916665802686,917447202903,2025-03-10T20:53:07+05:30,17,voice
CDR-005278,917500083076,917679658289,2025-03-10T21:05:27+05:30,24,voice
CDR-005279,917469027111,917538776094,2025-03-10T21:31:49+05:30,60,voice
CDR-005280,916424188799,916852224261,2025-03-10T21:32:44+05:30,0,sms
CDR-005281,916424188799,917469027111,2025-03-10T21:35:37+05:30,18,voice
CDR-005282,919384822654,916849321768,2025-03-10T21:39:22+05:30,128,voice
CDR-005283,918224632063,919415717273,2025-03-10T21:54:38+05:30,61,voice
CDR-005284,918224632063,919415717273,2025-03-10T22:16:30+05:30,114,voice
CDR-005285,916691567852,917288961107,2025-03-10T22:36:07+05:30,51,voice
CDR-005286,917187698223,918227250029,2025-03-10T22:39:01+05:30,0,sms
CDR-005287,916325845808,916702951376,2025-03-10T22:51:32+05:30,5,voice
CDR-005288,919744215949,919714540957,2025-03-10T23:17:41+05:30,34,voice
CDR-005289,919326047954,916026997648,2025-03-10T23:23:29+05:30,82,voice
CDR-005290,917970653224,916637885677,2025-03-10T23:27:20+05:30,202,voice
CDR-005291,917500083076,916876538782,2025-03-11T02:35:19+05:30,71,voice
CDR-005292,916017179896,918525720621,2025-03-11T03:47:04+05:30,52,voice
CDR-005293,916812873288,916787800822,2025-03-11T04:44:30+05:30,1046,voice
CDR-005294,919326047954,917930732092,2025-03-11T06:17:54+05:30,17,voice
CDR-005295,917989228447,916555122302,2025-03-11T06:30:46+05:30,98,voice
CDR-005296,917545969696,918129866499,2025-03-11T06:34:33+05:30,63,voice
CDR-005297,916702951376,917147613772,2025-03-11T06:36:19+05:30,251,voice
CDR-005298,917630871663,916082251340,2025-03-11T06:38:39+05:30,21,voice
CDR-005299,918527357736,919342059358,2025-03-11T06:39:45+05:30,78,voice
CDR-005300,916026997648,919577944637,2025-03-11T06:41:59+05:30,31,voice
CDR-005301,916876538782,917679658289,2025-03-11T06:52:33+05:30,164,voice
CDR-005302,916223553521,919744215949,2025-03-11T07:29:11+05:30,39,voice
CDR-005303,916026997648,918973120296,2025-03-11T08:28:34+05:30,48,voice
CDR-005304,919744215949,916937699779,2025-03-11T08:41:10+05:30,228,voice
CDR-005305,917679658289,918829009322,2025-03-11T08:43:14+05:30,0,sms
CDR-005306,918485143212,916479900999,2025-03-11T08:49:33+05:30,12,voice
CDR-005307,919119219019,916325845808,2025-03-11T09:09:58+05:30,0,sms
CDR-005308,918524624102,919415717273,2025-03-11T09:20:05+05:30,0,sms
CDR-005309,917260443015,916435668733,2025-03-11T09:22:04+05:30,57,voice
CDR-005310,916996582331,917538776094,2025-03-11T09:31:56+05:30,36,voice
CDR-005311,916309630372,918771974035,2025-03-11T09:37:36+05:30,0,sms
CDR-005312,916702951376,917147613772,2025-03-11T09:43:46+05:30,0,sms
CDR-005313,919797302867,918823052386,2025-03-11T10:31:47+05:30,340,voice
CDR-005314,916997171985,916375107792,2025-03-11T10:42:31+05:30,90,voice
CDR-005315,918047654190,918251165584,2025-03-11T11:20:48+05:30,38,voice
CDR-005316,916017179896,916051518115,2025-03-11T11:35:12+05:30,87,voice
CDR-005317,918382865694,918251165584,2025-03-11T12:07:13+05:30,27,voice
CDR-005318,917538776094,916996582331,2025-03-11T12:12:54+05:30,94,voice
CDR-005319,916852224261,916424188799,2025-03-11T12:31:46+05:30,0,sms
CDR-005320,916876538782,918766270784,2025-03-11T12:46:17+05:30,15,voice
CDR-005321,916888840554,916960990031,2025-03-11T12:49:21+05:30,246,voice
CDR-005322,916275552433,916691567852,2025-03-11T12:57:51+05:30,42,voice
CDR-005323,916849321768,919384822654,2025-03-11T13:23:57+05:30,66,voice
CDR-005324,919690393547,918547024696,2025-03-11T14:07:18+05:30,91,voice
CDR-005325,917679658289,918238710435,2025-03-11T14:14:47+05:30,107,voice
CDR-005326,916637885677,916665802686,2025-03-11T14:46:18+05:30,62,voice
CDR-005327,918843189740,917187698223,2025-03-11T14:47:21+05:30,133,voice
CDR-005328,918382865694,918572218538,2025-03-11T15:18:00+05:30,55,voice
CDR-005329,918065255396,918572218538,2025-03-11T15:23:11+05:30,49,voice
CDR-005330,919577944637,918766270784,2025-03-11T15:33:12+05:30,87,voice
CDR-005331,917844273643,917876457943,2025-03-11T15:45:43+05:30,0,sms
CDR-005332,917989228447,918840103823,2025-03-11T16:02:40+05:30,285,voice
CDR-005333,918851286499,918680810632,2025-03-11T16:03:24+05:30,176,voice
CDR-005334,917353300525,917260443015,2025-03-11T16:05:12+05:30,23,voice
CDR-005335,916931872820,916194464851,2025-03-11T16:06:14+05:30,41,voice
CDR-005336,917679658289,918829009322,2025-03-11T16:16:57+05:30,107,voice
CDR-005337,916931872820,916424188799,2025-03-11T16:28:14+05:30,29,voice
CDR-005338,916325845808,919119219019,2025-03-11T16:33:58+05:30,24,voice
CDR-005339,916770012075,918129866499,2025-03-11T16:37:08+05:30,37,voice
CDR-005340,917311481954,918680810632,2025-03-11T16:48:41+05:30,39,voice
CDR-005341,917970653224,916637885677,2025-03-11T17:22:11+05:30,57,voice
CDR-005342,919688936655,919153442407,2025-03-11T17:31:23+05:30,124,voice
CDR-005343,917260443015,916812873288,2025-03-11T17:35:42+05:30,63,voice
CDR-005344,917844273643,917147613772,2025-03-11T17:46:19+05:30,54,voice
CDR-005345,916997171985,916309630372,2025-03-11T18:23:52+05:30,0,sms
CDR-005346,918251165584,916535545166,2025-03-11T18:44:16+05:30,13,voice
CDR-005347,917545969696,918547024696,2025-03-11T19:02:16+05:30,80,voice
CDR-005348,919747267016,918829009322,2025-03-11T19:10:26+05:30,23,voice
CDR-005349,918851286499,918680810632,2025-03-11T19:14:39+05:30,26,voice
CDR-005350,918772528373,916770012075,2025-03-11T19:25:53+05:30,34,voice
CDR-005351,918771974035,916309630372,2025-03-11T19:37:23+05:30,29,voice
CDR-005352,918829009322,919747267016,2025-03-11T19:39:04+05:30,52,voice
CDR-005353,919577944637,918525720621,2025-03-11T19:46:19+05:30,0,sms
CDR-005354,919326047954,917930732092,2025-03-11T19:50:57+05:30,209,voice
CDR-005355,917388520357,917952549560,2025-03-11T19:56:23+05:30,14,voice
CDR-005356,917730176490,917989228447,2025-03-11T20:00:11+05:30,83,voice
CDR-005357,917888064876,918823052386,2025-03-11T20:02:54+05:30,39,voice
CDR-005358,916479900999,919742990720,2025-03-11T20:18:10+05:30,457,voice
CDR-005359,917844273643,918184188031,2025-03-11T20:28:19+05:30,48,voice
CDR-005360,919714540957,916937699779,2025-03-11T20:34:15+05:30,0,sms
CDR-005361,916931872820,919371826549,2025-03-11T20:51:16+05:30,0,sms
CDR-005362,919994738491,917814266084,2025-03-11T20:53:48+05:30,73,voice
CDR-005363,916223553521,918772528373,2025-03-11T20:56:10+05:30,0,sms
CDR-005364,916518301062,916424188799,2025-03-11T21:00:15+05:30,0,sms
CDR-005365,918525720621,919772591901,2025-03-11T21:10:30+05:30,82,voice
CDR-005366,918973120296,917930732092,2025-03-11T21:10:56+05:30,83,voice
CDR-005367,918572218538,919797302867,2025-03-11T21:15:53+05:30,10,voice
CDR-005368,916017179896,916694321946,2025-03-11T21:17:30+05:30,18,voice
CDR-005369,918510841654,917679658289,2025-03-11T21:24:32+05:30,133,voice
CDR-005370,919714540957,919744215949,2025-03-11T21:59:48+05:30,32,voice
CDR-005371,917147613772,917844273643,2025-03-11T22:12:04+05:30,87,voice
CDR-005372,916017179896,916051518115,2025-03-11T22:49:45+05:30,36,voice
CDR-005373,918452335165,919690393547,2025-03-11T22:50:39+05:30,9,voice
CDR-005374,917844273643,919896703780,2025-03-11T23:05:48+05:30,168,voice
CDR-005375,916223553521,917268526587,2025-03-11T23:14:06+05:30,95,voice
CDR-005376,918680810632,918437653138,2025-03-11T23:16:10+05:30,40,voice
CDR-005377,919747267016,918845716772,2025-03-11T23:23:05+05:30,99,voice
CDR-005378,916223553521,918772528373,2025-03-11T23:27:49+05:30,96,voice
CDR-005379,917630871663,916082251340,2025-03-11T23:44:53+05:30,21,voice
CDR-005380,918184188031,917147613772,2025-03-12T03:06:06+05:30,24,voice
CDR-005381,918065255396,918047654190,2025-03-12T03:49:41+05:30,244,voice
CDR-005382,919119219019,916325845808,2025-03-12T04:00:41+05:30,0,sms
CDR-005383,916367453616,916424188799,2025-03-12T05:15:05+05:30,93,voice
CDR-005384,918238710435,917679658289,2025-03-12T05:33:19+05:30,0,sms
CDR-005385,916996582331,917134946256,2025-03-12T06:09:58+05:30,0,sms
CDR-005386,919690393547,918517802039,2025-03-12T06:23:58+05:30,81,voice
CDR-005387,916424188799,916852224261,2025-03-12T06:28:54+05:30,172,voice
CDR-005388,917616371951,918251165584,2025-03-12T06:42:17+05:30,70,voice
CDR-005389,918771974035,916309630372,2025-03-12T07:10:46+05:30,150,voice
CDR-005390,916912523398,919647323963,2025-03-12T07:14:06+05:30,19,voice
CDR-005391,918510841654,918973120296,2025-03-12T07:32:03+05:30,0,sms
CDR-005392,916637885677,917970653224,2025-03-12T07:33:12+05:30,0,sms
CDR-005393,917814266084,918547024696,2025-03-12T07:39:43+05:30,168,voice
CDR-005394,919690393547,917814266084,2025-03-12T08:42:18+05:30,90,voice
CDR-005395,917485979569,918437653138,2025-03-12T08:51:12+05:30,161,voice
CDR-005396,917844273643,917876457943,2025-03-12T08:58:27+05:30,17,voice
CDR-005397,917545969696,918517802039,2025-03-12T09:07:12+05:30,84,voice
CDR-005398,919153442407,917989228447,2025-03-12T09:25:01+05:30,13,voice
CDR-005399,918843189740,918063398568,2025-03-12T09:55:52+05:30,72,voice
CDR-005400,917679658289,919600308487,2025-03-12T10:32:32+05:30,29,voice
CDR-005401,919153442407,916849321768,2025-03-12T10:50:19+05:30,11,voice
CDR-005402,918485143212,917469027111,2025-03-12T11:28:27+05:30,108,voice
CDR-005403,916770012075,919714540957,2025-03-12T11:30:37+05:30,86,voice
CDR-005404,919714540957,919744215949,2025-03-12T11:33:17+05:30,362,voice
CDR-005405,918973120296,918510841654,2025-03-12T11:46:53+05:30,6,voice
CDR-005406,916996582331,917538776094,2025-03-12T12:02:19+05:30,28,voice
CDR-005407,919690393547,917814266084,2025-03-12T13:20:36+05:30,59,voice
CDR-005408,918485143212,917469027111,2025-03-12T13:25:43+05:30,40,voice
CDR-005409,917353300525,917260443015,2025-03-12T13:29:31+05:30,158,voice
CDR-005410,918572218538,918065255396,2025-03-12T13:34:55+05:30,29,voice
CDR-005411,918766270784,916876538782,2025-03-12T13:35:00+05:30,33,voice
CDR-005412,917914834602,916535545166,2025-03-12T13:54:37+05:30,29,voice
CDR-005413,918251165584,917123981476,2025-03-12T14:00:53+05:30,16,voice
CDR-005414,919688936655,919647323963,2025-03-12T14:06:18+05:30,161,voice
CDR-005415,917485979569,919690393547,2025-03-12T14:07:10+05:30,148,voice
CDR-005416,918524624102,918525720621,2025-03-12T14:15:57+05:30,18,voice
CDR-005417,919326047954,918510841654,2025-03-12T14:16:34+05:30,0,sms
CDR-005418,917730176490,919571619646,2025-03-12T14:22:29+05:30,31,voice
CDR-005419,916051518115,916017179896,2025-03-12T14:46:03+05:30,16,voice
CDR-005420,917187698223,918843189740,2025-03-12T14:47:51+05:30,41,voice
CDR-005421,916424188799,919797302867,2025-03-12T14:48:46+05:30,5,voice
CDR-005422,919119219019,916653793670,2025-03-12T14:55:41+05:30,83,voice
CDR-005423,916770012075,918129866499,2025-03-12T15:00:46+05:30,50,voice
CDR-005424,917187698223,919797302867,2025-03-12T15:08:41+05:30,13,voice
CDR-005425,916996582331,919371826549,2025-03-12T15:16:24+05:30,54,voice
CDR-005426,919688936655,919153442407,2025-03-12T15:20:27+05:30,76,voice
CDR-005427,917260443015,916543832315,2025-03-12T15:34:02+05:30,45,voice
CDR-005428,916026997648,918973120296,2025-03-12T16:04:54+05:30,40,voice
CDR-005429,916653793670,918517802039,2025-03-12T16:14:12+05:30,0,sms
CDR-005430,916217338638,918547024696,2025-03-12T16:18:39+05:30,0,sms
CDR-005431,918680810632,917311481954,2025-03-12T16:26:53+05:30,36,voice
CDR-005432,916937699779,919744215949,2025-03-12T16:35:26+05:30,209,voice
CDR-005433,916937699779,919714540957,2025-03-12T17:11:21+05:30,71,voice
CDR-005434,916960990031,916691567852,2025-03-12T17:19:35+05:30,20,voice
CDR-005435,916787800822,916665802686,2025-03-12T17:34:30+05:30,5,voice
CDR-005436,918547024696,918452335165,2025-03-12T17:44:30+05:30,111,voice
CDR-005437,917469027111,918485143212,2025-03-12T18:16:29+05:30,432,voice
CDR-005438,917876457943,918184188031,2025-03-12T18:18:51+05:30,42,voice
CDR-005439,917500083076,916876538782,2025-03-12T18:36:23+05:30,199,voice
CDR-005440,916691567852,916275552433,2025-03-12T19:00:17+05:30,82,voice
CDR-005441,918452335165,917545969696,2025-03-12T19:04:27+05:30,69,voice
CDR-005442,919415717273,919772591901,2025-03-12T19:10:33+05:30,0,sms
CDR-005443,916931872820,916367453616,2025-03-12T19:16:48+05:30,128,voice
CDR-005444,918829009322,916729640279,2025-03-12T19:54:52+05:30,15,voice
CDR-005445,917260443015,917353300525,2025-03-12T20:14:51+05:30,53,voice
CDR-005446,916641395672,917989228447,2025-03-12T20:33:29+05:30,67,voice
CDR-005447,916912523398,917989228447,2025-03-12T20:34:40+05:30,0,sms
CDR-005448,916694321946,919415717273,2025-03-12T20:46:09+05:30,28,voice
CDR-005449,919577944637,918510841654,2025-03-12T20:46:42+05:30,111,voice
CDR-005450,919690393547,916637885677,2025-03-12T20:50:44+05:30,58,voice
CDR-005451,916509638924,917679658289,2025-03-12T20:59:08+05:30,26,voice
CDR-005452,916509638924,917679658289,2025-03-12T21:00:01+05:30,54,voice
CDR-005453,919577944637,918973120296,2025-03-12T21:02:58+05:30,56,voice
CDR-005454,918771974035,916309630372,2025-03-12T21:08:57+05:30,109,voice
CDR-005455,917500083076,917679658289,2025-03-12T21:18:05+05:30,57,voice
CDR-005456,917844273643,916702951376,2025-03-12T21:19:25+05:30,69,voice
CDR-005457,916275552433,916691567852,2025-03-12T21:23:35+05:30,50,voice
CDR-005458,916424188799,916852224261,2025-03-12T21:26:38+05:30,14,voice
CDR-005459,916051518115,918224632063,2025-03-12T22:23:32+05:30,26,voice
CDR-005460,917989228447,916960990031,2025-03-12T22:44:59+05:30,14,voice
CDR-005461,916637885677,917545969696,2025-03-12T22:49:50+05:30,14,voice
CDR-005462,918525720621,916051518115,2025-03-12T23:02:26+05:30,36,voice
CDR-005463,917469027111,918485143212,2025-03-12T23:18:10+05:30,101,voice
CDR-005464,917311481954,919119219019,2025-03-12T23:30:18+05:30,11,voice
CDR-005465,919342059358,918527357736,2025-03-12T23:38:48+05:30,8,voice
CDR-005466,916641395672,919571619646,2025-03-12T23:44:15+05:30,49,voice
CDR-005467,916217338638,916665802686,2025-03-13T00:00:27+05:30,18,voice
CDR-005468,916026997648,919577944637,2025-03-13T04:04:52+05:30,70,voice
CDR-005469,917814266084,919690393547,2025-03-13T04:14:25+05:30,0,sms
CDR-005470,918829009322,919415717273,2025-03-13T04:32:32+05:30,63,voice
CDR-005471,918184188031,917147613772,2025-03-13T05:31:42+05:30,19,voice
CDR-005472,917679658289,917500083076,2025-03-13T05:50:16+05:30,156,voice
CDR-005473,917147613772,917288961107,2025-03-13T06:30:46+05:30,15,voice
CDR-005474,917930732092,918973120296,2025-03-13T06:41:32+05:30,198,voice
CDR-005475,919772591901,918525720621,2025-03-13T06:43:51+05:30,156,voice
CDR-005476,919688936655,916561718843,2025-03-13T06:46:59+05:30,21,voice
CDR-005477,919415717273,918224632063,2025-03-13T07:30:54+05:30,102,voice
CDR-005478,916641395672,919647323963,2025-03-13T07:33:39+05:30,22,voice
CDR-005479,916275552433,916691567852,2025-03-13T07:53:37+05:30,11,voice
CDR-005480,918572218538,917914834602,2025-03-13T07:54:00+05:30,135,voice
CDR-005481,916641395672,919896703780,2025-03-13T09:41:29+05:30,19,voice
CDR-005482,918843189740,916424188799,2025-03-13T10:00:43+05:30,46,voice
CDR-005483,916479900999,919742990720,2025-03-13T11:19:39+05:30,42,voice
CDR-005484,918829009322,919415717273,2025-03-13T11:21:06+05:30,19,voice
CDR-005485,917914834602,918572218538,2025-03-13T11:29:36+05:30,182,voice
CDR-005486,917989228447,919153442407,2025-03-13T12:06:23+05:30,92,voice
CDR-005487,917679658289,918238710435,2025-03-13T12:08:51+05:30,0,sms
CDR-005488,917919104175,918527357736,2025-03-13T12:46:27+05:30,235,voice
CDR-005489,916641395672,919647323963,2025-03-13T13:07:28+05:30,0,sms
CDR-005490,917545969696,919994738491,2025-03-13T13:16:15+05:30,0,sms
CDR-005491,916367453616,919742990720,2025-03-13T13:19:09+05:30,42,voice
CDR-005492,917679658289,919600308487,2025-03-13T14:15:12+05:30,31,voice
CDR-005493,919742990720,916293377920,2025-03-13T14:20:25+05:30,35,voice
CDR-005494,918547024696,917814266084,2025-03-13T15:12:19+05:30,44,voice
CDR-005495,919577944637,917388520357,2025-03-13T15:23:36+05:30,84,voice
CDR-005496,917876457943,917844273643,2025-03-13T15:38:37+05:30,42,voice
CDR-005497,916996582331,919371826549,2025-03-13T15:45:58+05:30,227,voice
CDR-005498,918547024696,917837617691,2025-03-13T16:06:24+05:30,0,sms
CDR-005499,916637885677,917447202903,2025-03-13T16:24:02+05:30,234,voice
CDR-005500,918510841654,916026997648,2025-03-13T16:24:48+05:30,49,voice
CDR-005501,916435668733,918437653138,2025-03-13T16:41:30+05:30,75,voice
CDR-005502,916540081641,916702951376,2025-03-13T16:57:12+05:30,0,sms
CDR-005503,916996582331,916367453616,2025-03-13T17:05:32+05:30,22,voice
CDR-005504,916641395672,917730176490,2025-03-13T17:07:41+05:30,15,voice
CDR-005505,917485979569,918437653138,2025-03-13T17:13:42+05:30,60,voice
CDR-005506,916535545166,919136751526,2025-03-13T17:17:12+05:30,0,sms
CDR-005507,918600238302,918437653138,2025-03-13T17:34:45+05:30,45,voice
CDR-005508,917268526587,916223553521,2025-03-13T17:41:55+05:30,31,voice
CDR-005509,918510841654,918973120296,2025-03-13T17:44:29+05:30,14,voice
CDR-005510,917260443015,916812873288,2025-03-13T17:55:09+05:30,118,voice
CDR-005511,918823052386,919797302867,2025-03-13T18:04:29+05:30,201,voice
CDR-005512,917545969696,917485979569,2025-03-13T18:06:04+05:30,56,voice
CDR-005513,916543832315,917556372626,2025-03-13T19:01:15+05:30,150,voice
CDR-005514,916931872820,916424188799,2025-03-13T19:11:38+05:30,220,voice
CDR-005515,918238710435,917679658289,2025-03-13T19:20:32+05:30,91,voice
CDR-005516,917545969696,919994738491,2025-03-13T19:26:45+05:30,67,voice
CDR-005517,918437653138,918600238302,2025-03-13T20:00:02+05:30,196,voice
CDR-005518,918452335165,917545969696,2025-03-13T20:23:16+05:30,60,voice
CDR-005519,916931872820,916424188799,2025-03-13T20:28:11+05:30,56,voice
CDR-005520,919994738491,918452335165,2025-03-13T20:34:53+05:30,15,voice
CDR-005521,919415717273,918224632063,2025-03-13T20:44:33+05:30,58,voice
CDR-005522,918547024696,917311481954,2025-03-13T21:02:44+05:30,164,voice
CDR-005523,916223553521,918772528373,2025-03-13T21:34:06+05:30,126,voice
CDR-005524,917844273643,917147613772,2025-03-13T22:00:04+05:30,0,sms
CDR-005525,919744215949,919342059358,2025-03-13T22:07:38+05:30,47,voice
CDR-005526,917260443015,916543832315,2025-03-13T22:15:39+05:30,32,voice
CDR-005527,916026997648,918510841654,2025-03-13T22:24:08+05:30,0,sms
CDR-005528,918525720621,919415717273,2025-03-13T22:24:17+05:30,0,sms
CDR-005529,919577944637,918525720621,2025-03-13T22:29:06+05:30,54,voice
CDR-005530,916876538782,916855008436,2025-03-13T22:31:01+05:30,160,voice
CDR-005531,919415717273,918829009322,2025-03-13T22:38:34+05:30,152,voice
CDR-005532,916694321946,919415717273,2025-03-13T22:48:22+05:30,102,voice
CDR-005533,918525720621,919415717273,2025-03-13T23:32:03+05:30,70,voice
CDR-005534,917876457943,918184188031,2025-03-13T23:48:26+05:30,65,voice
CDR-005535,919600233059,919384822654,2025-03-14T00:49:26+05:30,64,voice
CDR-005536,916852224261,916424188799,2025-03-14T01:19:17+05:30,99,voice
CDR-005537,916555122302,917989228447,2025-03-14T01:40:22+05:30,102,voice
CDR-005538,918524624102,919415717273,2025-03-14T02:25:26+05:30,167,voice
CDR-005539,916082251340,919415717273,2025-03-14T03:29:42+05:30,118,voice
CDR-005540,916367453616,916424188799,2025-03-14T04:55:10+05:30,25,voice
CDR-005541,916852224261,916424188799,2025-03-14T05:29:10+05:30,17,voice
CDR-005542,916424188799,916931872820,2025-03-14T06:16:10+05:30,53,voice
CDR-005543,917919104175,917846947792,2025-03-14T06:34:29+05:30,80,voice
CDR-005544,918184188031,917876457943,2025-03-14T06:36:40+05:30,6,voice
CDR-005545,916770012075,919744215949,2025-03-14T07:20:27+05:30,0,sms
CDR-005546,919571619646,916641395672,2025-03-14T07:22:50+05:30,52,voice
CDR-005547,919415717273,918525720621,2025-03-14T07:44:13+05:30,19,voice
CDR-005548,918547024696,918452335165,2025-03-14T07:49:55+05:30,183,voice
CDR-005549,916855008436,916055439146,2025-03-14T08:27:24+05:30,0,sms
CDR-005550,917814266084,918547024696,2025-03-14T08:38:16+05:30,54,voice
CDR-005551,916729640279,919772591901,2025-03-14T08:48:19+05:30,46,voice
CDR-005552,918973120296,918510841654,2025-03-14T08:51:26+05:30,23,voice
CDR-005553,917469027111,916479900999,2025-03-14T09:03:37+05:30,20,voice
CDR-005554,917814266084,919690393547,2025-03-14T09:30:31+05:30,98,voice
CDR-005555,917288961107,919384822654,2025-03-14T09:53:31+05:30,47,voice
CDR-005556,916309630372,916022038739,2025-03-14T10:02:30+05:30,207,voice
CDR-005557,916535545166,918251165584,2025-03-14T10:19:11+05:30,0,sms
CDR-005558,918065255396,917134946256,2025-03-14T10:49:38+05:30,65,voice
CDR-005559,916375107792,919647323963,2025-03-14T12:07:02+05:30,60,voice
CDR-005560,917485979569,917545969696,2025-03-14T12:07:13+05:30,301,voice
CDR-005561,918452335165,917837617691,2025-03-14T12:08:05+05:30,20,voice
CDR-005562,918572218538,918382865694,2025-03-14T12:18:34+05:30,20,voice
CDR-005563,916017179896,917952549560,2025-03-14T12:20:45+05:30,206,voice
CDR-005564,919577944637,916293377920,2025-03-14T12:25:27+05:30,45,voice
CDR-005565,916122729730,916937699779,2025-03-14T12:42:53+05:30,634,voice
CDR-005566,917260443015,917556372626,2025-03-14T13:20:30+05:30,22,voice
CDR-005567,916770012075,919744215949,2025-03-14T13:20:43+05:30,13,voice
CDR-005568,919600233059,916309630372,2025-03-14T13:20:44+05:30,32,voice
CDR-005569,917837617691,916665802686,2025-03-14T13:22:26+05:30,17,voice
CDR-005570,917147613772,917844273643,2025-03-14T13:27:00+05:30,59,voice
CDR-005571,917268526587,916223553521,2025-03-14T13:29:08+05:30,333,voice
CDR-005572,917353300525,917556372626,2025-03-14T15:23:04+05:30,76,voice
CDR-005573,917630871663,916855008436,2025-03-14T15:23:34+05:30,0,sms
CDR-005574,917919104175,919275070531,2025-03-14T16:19:08+05:30,34,voice
CDR-005575,919371826549,916996582331,2025-03-14T16:25:03+05:30,73,voice
CDR-005576,917260443015,917353300525,2025-03-14T16:35:45+05:30,0,sms
CDR-005577,916812873288,917353300525,2025-03-14T16:43:54+05:30,383,voice
CDR-005578,919275070531,917919104175,2025-03-14T16:52:03+05:30,0,sms
CDR-005579,917679658289,916055439146,2025-03-14T16:56:41+05:30,67,voice
CDR-005580,919744215949,916937699779,2025-03-14T17:09:25+05:30,6,voice
CDR-005581,916275552433,916702951376,2025-03-14T17:13:13+05:30,55,voice
CDR-005582,917187698223,919136751526,2025-03-14T17:43:21+05:30,100,voice
CDR-005583,918251165584,918572218538,2025-03-14T17:44:28+05:30,57,voice
CDR-005584,916122729730,916937699779,2025-03-14T17:53:15+05:30,0,sms
CDR-005585,919600233059,916309630372,2025-03-14T18:24:25+05:30,19,voice
CDR-005586,918772528373,916223553521,2025-03-14T19:03:54+05:30,197,voice
CDR-005587,916694321946,919415717273,2025-03-14T19:34:59+05:30,0,sms
CDR-005588,916543832315,917260443015,2025-03-14T19:57:14+05:30,70,voice
CDR-005589,918524624102,919326047954,2025-03-14T20:05:39+05:30,0,sms
CDR-005590,918517802039,916653793670,2025-03-14T20:33:16+05:30,68,voice
CDR-005591,916017179896,919747267016,2025-03-14T20:36:55+05:30,84,voice
CDR-005592,919577944637,916729640279,2025-03-14T21:21:52+05:30,0,sms
CDR-005593,916931872820,916424188799,2025-03-14T21:30:51+05:30,27,voice
CDR-005594,917187698223,919797302867,2025-03-14T21:37:58+05:30,191,voice
CDR-005595,917679658289,918238710435,2025-03-14T21:40:27+05:30,37,voice
CDR-005596,918251165584,917914834602,2025-03-14T21:41:31+05:30,324,voice
CDR-005597,918851286499,917447202903,2025-03-14T21:44:00+05:30,14,voice
CDR-005598,919714540957,919744215949,2025-03-14T21:46:04+05:30,0,sms
CDR-005599,917679658289,918510841654,2025-03-14T22:00:37+05:30,68,voice
CDR-005600,917679658289,918829009322,2025-03-14T22:32:40+05:30,44,voice
CDR-005601,918766270784,919577944637,2025-03-14T22:38:01+05:30,22,voice
CDR-005602,916729640279,919577944637,2025-03-14T22:46:06+05:30,66,voice
CDR-005603,917914834602,918251165584,2025-03-14T22:49:08+05:30,21,voice
CDR-005604,917989228447,916641395672,2025-03-14T22:52:03+05:30,53,voice
CDR-005605,919384822654,916309630372,2025-03-14T22:54:50+05:30,0,sms
CDR-005606,919342059358,918332441743,2025-03-14T23:06:00+05:30,0,sms
CDR-005607,919647323963,916912523398,2025-03-14T23:22:08+05:30,0,sms
CDR-005608,916665802686,917353300525,2025-03-14T23:32:36+05:30,652,voice
CDR-005609,918829009322,919415717273,2025-03-14T23:34:36+05:30,54,voice
CDR-005610,917837617691,918851286499,2025-03-15T01:20:51+05:30,0,sms
CDR-005611,918251165584,918572218538,2025-03-15T04:40:34+05:30,38,voice
CDR-005612,917500083076,916876538782,2025-03-15T06:03:55+05:30,103,voice
CDR-005613,916637885677,917846947792,2025-03-15T06:25:12+05:30,242,voice
CDR-005614,919797302867,916424188799,2025-03-15T07:30:06+05:30,48,voice
CDR-005615,917914834602,918251165584,2025-03-15T08:02:28+05:30,160,voice
CDR-005616,918766270784,919326047954,2025-03-15T08:39:06+05:30,13,voice
CDR-005617,919994738491,918452335165,2025-03-15T08:44:26+05:30,71,voice
CDR-005618,916935101816,916424188799,2025-03-15T09:14:38+05:30,26,voice
CDR-005619,918547024696,917814266084,2025-03-15T09:19:01+05:30,60,voice
CDR-005620,918452335165,917837617691,2025-03-15T09:58:35+05:30,66,voice
CDR-005621,916479900999,916852224261,2025-03-15T10:18:12+05:30,0,sms
CDR-005622,916641395672,917989228447,2025-03-15T11:23:11+05:30,6,voice
CDR-005623,917260443015,916812873288,2025-03-15T11:53:29+05:30,104,voice
CDR-005624,918547024696,917556372626,2025-03-15T12:09:18+05:30,32,voice
CDR-005625,916194464851,917876587248,2025-03-15T12:13:50+05:30,43,voice
CDR-005626,916641395672,917989228447,2025-03-15T12:24:01+05:30,26,voice
CDR-005627,919714540957,916937699779,2025-03-15T12:32:34+05:30,39,voice
CDR-005628,916912523398,917989228447,2025-03-15T12:41:35+05:30,59,voice
CDR-005629,916641395672,919647323963,2025-03-15T12:57:49+05:30,250,voice
CDR-005630,918485143212,917187698223,2025-03-15T13:03:29+05:30,68,voice
CDR-005631,918973120296,918510841654,2025-03-15T13:23:07+05:30,55,voice
CDR-005632,919690393547,916055439146,2025-03-15T13:41:06+05:30,38,voice
CDR-005633,917989228447,916641395672,2025-03-15T14:01:02+05:30,0,sms
CDR-005634,918065255396,918447344267,2025-03-15T14:01:13+05:30,15,voice
CDR-005635,918973120296,916026997648,2025-03-15T14:18:54+05:30,32,voice
CDR-005636,916931872820,916424188799,2025-03-15T14:46:21+05:30,0,sms
CDR-005637,918452335165,918547024696,2025-03-15T14:51:05+05:30,101,voice
CDR-005638,918238710435,918829009322,2025-03-15T14:58:31+05:30,83,voice
CDR-005639,918829009322,918238710435,2025-03-15T15:21:39+05:30,185,voice
CDR-005640,917260443015,916543832315,2025-03-15T15:27:25+05:30,48,voice
CDR-005641,917837617691,918452335165,2025-03-15T15:51:45+05:30,139,voice
CDR-005642,917447202903,916543832315,2025-03-15T15:59:13+05:30,87,voice
CDR-005643,916997171985,917876457943,2025-03-15T16:45:53+05:30,23,voice
CDR-005644,918572218538,917914834602,2025-03-15T16:47:17+05:30,16,voice
CDR-005645,916435668733,918600238302,2025-03-15T16:55:41+05:30,32,voice
CDR-005646,916026997648,919577944637,2025-03-15T17:18:18+05:30,238,voice
CDR-005647,916876538782,916855008436,2025-03-15T17:20:00+05:30,58,voice
CDR-005648,918251165584,918572218538,2025-03-15T17:35:30+05:30,80,voice
CDR-005649,917545969696,917485979569,2025-03-15T17:46:38+05:30,0,sms
CDR-005650,918452335165,918547024696,2025-03-15T17:50:14+05:30,59,voice
CDR-005651,918829009322,919747267016,2025-03-15T17:53:54+05:30,235,voice
CDR-005652,916770012075,919714540957,2025-03-15T18:09:24+05:30,15,voice
CDR-005653,919326047954,918766270784,2025-03-15T18:24:20+05:30,129,voice
CDR-005654,916082251340,917630871663,2025-03-15T18:33:12+05:30,25,voice
CDR-005655,916367453616,916424188799,2025-03-15T18:40:03+05:30,77,voice
CDR-005656,919714540957,916770012075,2025-03-15T18:55:49+05:30,20,voice
CDR-005657,918184188031,917844273643,2025-03-15T19:14:34+05:30,210,voice
CDR-005658,917538776094,919371826549,2025-03-15T19:19:29+05:30,22,voice
CDR-005659,916555122302,917989228447,2025-03-15T19:29:31+05:30,211,voice
CDR-005660,917187698223,916996582331,2025-03-15T19:55:47+05:30,85,voice
CDR-005661,916641395672,919571619646,2025-03-15T19:56:43+05:30,225,voice
CDR-005662,917187698223,918843189740,2025-03-15T19:58:10+05:30,274,voice
CDR-005663,919714540957,916122729730,2025-03-15T20:15:51+05:30,37,voice
CDR-005664,916518301062,916367453616,2025-03-15T20:23:02+05:30,14,voice
CDR-005665,916937699779,919714540957,2025-03-15T20:32:27+05:30,106,voice
CDR-005666,917447202903,916637885677,2025-03-15T20:50:37+05:30,111,voice
CDR-005667,916935101816,916424188799,2025-03-15T20:58:01+05:30,47,voice
CDR-005668,917353300525,916812873288,2025-03-15T21:01:25+05:30,81,voice
CDR-005669,916479900999,918047654190,2025-03-15T21:03:00+05:30,88,voice
CDR-005670,916665802686,917353300525,2025-03-15T21:03:15+05:30,58,voice
CDR-005671,918547024696,918452335165,2025-03-15T21:15:45+05:30,183,voice
CDR-005672,917447202903,916665802686,2025-03-15T21:29:38+05:30,32,voice
CDR-005673,916665802686,918851286499,2025-03-15T21:34:18+05:30,31,voice
CDR-005674,916960990031,916888840554,2025-03-15T21:34:29+05:30,62,voice
CDR-005675,917989228447,916555122302,2025-03-15T21:41:29+05:30,0,sms
CDR-005676,919571619646,916555122302,2025-03-15T21:42:34+05:30,118,voice
CDR-005677,918238710435,917679658289,2025-03-15T22:05:24+05:30,165,voice
CDR-005678,918547024696,917970653224,2025-03-15T22:10:27+05:30,49,voice
CDR-005679,918572218538,918251165584,2025-03-15T22:12:17+05:30,0,sms
CDR-005680,918525720621,919415717273,2025-03-15T22:24:17+05:30,31,voice
CDR-005681,916017179896,919747267016,2025-03-15T22:40:05+05:30,89,voice
CDR-005682,918452335165,917837617691,2025-03-15T22:41:42+05:30,48,voice
CDR-005683,919994738491,917545969696,2025-03-15T22:45:40+05:30,45,voice
CDR-005684,916787800822,916812873288,2025-03-15T22:48:53+05:30,22,voice
CDR-005685,919772591901,918525720621,2025-03-15T23:08:55+05:30,48,voice
CDR-005686,919600233059,919384822654,2025-03-15T23:37:46+05:30,85,voice
CDR-005687,919647323963,919688936655,2025-03-15T23:42:34+05:30,0,sms
CDR-005688,916017179896,917952549560,2025-03-15T23:45:51+05:30,232,voice
CDR-005689,916637885677,917485979569,2025-03-15T23:50:54+05:30,0,sms
CDR-005690,919384822654,919600233059,2025-03-16T01:47:45+05:30,129,voice
CDR-005691,918485143212,916479900999,2025-03-16T02:11:03+05:30,290,voice
CDR-005692,916852224261,916424188799,2025-03-16T04:41:41+05:30,20,voice
CDR-005693,916876538782,917500083076,2025-03-16T05:32:04+05:30,47,voice
CDR-005694,917388520357,916051518115,2025-03-16T06:13:45+05:30,77,voice
CDR-005695,917500083076,917679658289,2025-03-16T06:14:34+05:30,1171,voice
CDR-005696,918525720621,919415717273,2025-03-16T06:37:39+05:30,12,voice
CDR-005697,916876538782,917679658289,2025-03-16T06:58:54+05:30,235,voice
CDR-005698,919384822654,916309630372,2025-03-16T07:21:12+05:30,24,voice
CDR-005699,918547024696,917837617691,2025-03-16T07:23:08+05:30,21,voice
CDR-005700,916937699779,916122729730,2025-03-16T07:54:02+05:30,0,sms
CDR-005701,916996582331,917187698223,2025-03-16T08:44:11+05:30,36,voice
CDR-005702,918843189740,916996582331,2025-03-16T09:01:53+05:30,0,sms
CDR-005703,919326047954,918510841654,2025-03-16T09:09:24+05:30,0,sms
CDR-005704,918843189740,916424188799,2025-03-16T09:15:49+05:30,51,voice
CDR-005705,917485979569,918437653138,2025-03-16T09:18:02+05:30,30,voice
CDR-005706,917268526587,917919104175,2025-03-16T09:22:52+05:30,38,voice
CDR-005707,918227250029,917469027111,2025-03-16T09:30:28+05:30,117,voice
CDR-005708,917545969696,919994738491,2025-03-16T09:34:07+05:30,57,voice
CDR-005709,917447202903,917970653224,2025-03-16T09:35:52+05:30,69,voice
CDR-005710,916812873288,916787800822,2025-03-16T10:14:45+05:30,36,voice
CDR-005711,916665802686,918851286499,2025-03-16T10:22:44+05:30,0,sms
CDR-005712,916122729730,916937699779,2025-03-16T10:46:58+05:30,151,voice
CDR-005713,916026997648,919577944637,2025-03-16T10:54:16+05:30,64,voice
CDR-005714,917814266084,918547024696,2025-03-16T11:13:49+05:30,134,voice
CDR-005715,919342059358,919744215949,2025-03-16T11:14:56+05:30,74,voice
CDR-005716,917844273643,917147613772,2025-03-16T11:22:00+05:30,20,voice
CDR-005717,916996582331,919371826549,2025-03-16T11:23:27+05:30,49,voice
CDR-005718,916729640279,918829009322,2025-03-16T11:46:46+05:30,28,voice
CDR-005719,916935101816,916424188799,2025-03-16T12:03:24+05:30,74,voice
CDR-005720,917388520357,917952549560,2025-03-16T13:06:18+05:30,103,voice
CDR-005721,919415717273,918829009322,2025-03-16T13:52:28+05:30,75,voice
CDR-005722,916367453616,919797302867,2025-03-16T13:54:17+05:30,47,voice
CDR-005723,916017179896,917952549560,2025-03-16T15:11:54+05:30,33,voice
CDR-005724,916275552433,916691567852,2025-03-16T15:55:10+05:30,262,voice
CDR-005725,919384822654,916849321768,2025-03-16T16:03:43+05:30,8,voice
CDR-005726,916051518115,916082251340,2025-03-16T16:08:40+05:30,0,sms
CDR-005727,916996582331,918843189740,2025-03-16T16:13:15+05:30,6,voice
CDR-005728,917545969696,917485979569,2025-03-16T16:31:44+05:30,55,voice
CDR-005729,919326047954,917930732092,2025-03-16T17:04:48+05:30,199,voice
CDR-005730,916051518115,918845716772,2025-03-16T17:19:13+05:30,10,voice
CDR-005731,917952549560,917388520357,2025-03-16T17:32:15+05:30,52,voice
CDR-005732,916665802686,916637885677,2025-03-16T17:42:50+05:30,17,voice
CDR-005733,916026997648,919577944637,2025-03-16T17:56:34+05:30,59,voice
CDR-005734,917970653224,916309630372,2025-03-16T18:22:24+05:30,0,sms
CDR-005735,918843189740,916996582331,2025-03-16T18:25:21+05:30,20,voice
CDR-005736,916637885677,919690393547,2025-03-16T18:53:41+05:30,20,voice
CDR-005737,918510841654,916694321946,2025-03-16T18:59:52+05:30,19,voice
CDR-005738,917447202903,916665802686,2025-03-16T19:55:32+05:30,124,voice
CDR-005739,917485979569,919690393547,2025-03-16T20:15:22+05:30,15,voice
CDR-005740,916665802686,916637885677,2025-03-16T21:05:49+05:30,176,voice
CDR-005741,917679658289,919600308487,2025-03-16T21:16:25+05:30,140,voice
CDR-005742,917388520357,916051518115,2025-03-16T21:17:31+05:30,83,voice
CDR-005743,919371826549,916931872820,2025-03-16T21:27:31+05:30,135,voice
CDR-005744,916935101816,916424188799,2025-03-16T21:34:03+05:30,135,voice
CDR-005745,917500083076,918238710435,2025-03-16T21:58:41+05:30,116,voice
CDR-005746,919747267016,916017179896,2025-03-16T22:04:52+05:30,175,voice
CDR-005747,916424188799,916931872820,2025-03-16T22:16:26+05:30,0,sms
CDR-005748,916849321768,917876457943,2025-03-16T22:20:09+05:30,189,voice
CDR-005749,916424188799,916518301062,2025-03-16T22:22:09+05:30,51,voice
CDR-005750,917268526587,916770012075,2025-03-16T22:48:12+05:30,79,voice
CDR-005751,917837617691,917545969696,2025-03-16T23:31:10+05:30,27,voice
CDR-005752,916217338638,916665802686,2025-03-16T23:43:58+05:30,0,sms
CDR-005753,919994738491,918600238302,2025-03-16T23:45:28+05:30,69,voice
CDR-005754,916424188799,917469027111,2025-03-16T23:47:05+05:30,56,voice
CDR-005755,918771974035,916309630372,2025-03-17T00:02:33+05:30,50,voice
CDR-005756,918525720621,919577944637,2025-03-17T02:06:36+05:30,158,voice
CDR-005757,916637885677,917970653224,2025-03-17T02:47:20+05:30,170,voice
CDR-005758,916935101816,916424188799,2025-03-17T04:44:36+05:30,0,sms
CDR-005759,919690393547,918452335165,2025-03-17T05:04:14+05:30,106,voice
CDR-005760,919577944637,918525720621,2025-03-17T05:13:58+05:30,66,voice
CDR-005761,919415717273,916694321946,2025-03-17T05:45:52+05:30,19,voice
CDR-005762,919275070531,917919104175,2025-03-17T06:02:27+05:30,62,voice
CDR-005763,917147613772,916849321768,2025-03-17T06:05:23+05:30,81,voice
CDR-005764,916122729730,916937699779,2025-03-17T06:14:50+05:30,0,sms
CDR-005765,916518301062,916424188799,2025-03-17T06:45:29+05:30,28,voice
CDR-005766,918851286499,918680810632,2025-03-17T06:52:16+05:30,34,voice
CDR-005767,917730176490,916641395672,2025-03-17T07:54:05+05:30,70,voice
CDR-005768,916535545166,918251165584,2025-03-17T08:10:19+05:30,100,voice
CDR-005769,918065255396,918572218538,2025-03-17T08:17:03+05:30,143,voice
CDR-005770,917730176490,919571619646,2025-03-17T08:34:56+05:30,149,voice
CDR-005771,918525720621,916051518115,2025-03-17T09:08:33+05:30,20,voice
CDR-005772,916641395672,919896703780,2025-03-17T09:57:14+05:30,92,voice
CDR-005773,919747267016,918829009322,2025-03-17T10:34:31+05:30,244,voice
CDR-005774,918600238302,918437653138,2025-03-17T10:35:57+05:30,32,voice
CDR-005775,918251165584,916535545166,2025-03-17T11:21:00+05:30,42,voice
CDR-005776,916912523398,917989228447,2025-03-17T11:45:10+05:30,116,voice
CDR-005777,917844273643,917147613772,2025-03-17T12:45:26+05:30,82,voice
CDR-005778,919571619646,917730176490,2025-03-17T13:12:48+05:30,11,voice
CDR-005779,918065255396,918447344267,2025-03-17T13:22:22+05:30,0,sms
CDR-005780,919577944637,919326047954,2025-03-17T13:23:19+05:30,51,voice
CDR-005781,917630871663,918524624102,2025-03-17T13:43:14+05:30,0,sms
CDR-005782,918843189740,917187698223,2025-03-17T13:49:39+05:30,0,sms
CDR-005783,917388520357,918224632063,2025-03-17T13:53:10+05:30,60,voice
CDR-005784,918517802039,919600308487,2025-03-17T14:43:27+05:30,40,voice
CDR-005785,917952549560,917388520357,2025-03-17T14:55:49+05:30,78,voice
CDR-005786,916275552433,919896703780,2025-03-17T15:13:09+05:30,10,voice
CDR-005787,919690393547,916637885677,2025-03-17T15:40:11+05:30,205,voice
CDR-005788,916935101816,916424188799,2025-03-17T15:49:27+05:30,111,voice
CDR-005789,919275070531,917919104175,2025-03-17T16:22:03+05:30,51,voice
CDR-005790,918382865694,916022038739,2025-03-17T17:04:27+05:30,88,voice
CDR-005791,916309630372,916022038739,2025-03-17T17:31:10+05:30,103,voice
CDR-005792,916937699779,916122729730,2025-03-17T18:08:48+05:30,131,voice
CDR-005793,918184188031,917147613772,2025-03-17T18:36:31+05:30,34,voice
CDR-005794,918547024696,917545969696,2025-03-17T18:41:14+05:30,38,voice
CDR-005795,918572218538,918251165584,2025-03-17T19:09:09+05:30,170,voice
CDR-005796,918452335165,919690393547,2025-03-17T19:30:18+05:30,0,sms
CDR-005797,916931872820,919371826549,2025-03-17T19:42:40+05:30,21,voice
CDR-005798,918510841654,919326047954,2025-03-17T20:52:46+05:30,17,voice
CDR-005799,917260443015,916812873288,2025-03-17T21:00:46+05:30,88,voice
CDR-005800,919747267016,916017179896,2025-03-17T21:28:04+05:30,0,sms
CDR-005801,916217338638,916665802686,2025-03-17T21:47:08+05:30,84,voice
CDR-005802,916997171985,916309630372,2025-03-17T21:57:00+05:30,0,sms
CDR-005803,918829009322,917679658289,2025-03-17T22:00:21+05:30,207,voice
CDR-005804,916217338638,918547024696,2025-03-17T22:40:02+05:30,48,voice
CDR-005805,916223553521,919744215949,2025-03-17T23:26:39+05:30,104,voice
CDR-005806,918547024696,917837617691,2025-03-17T23:29:59+05:30,56,voice
CDR-005807,918452335165,918065255396,2025-03-17T23:54:44+05:30,592,voice
CDR-005808,917679658289,916876538782,2025-03-18T00:15:56+05:30,205,voice
CDR-005809,917989228447,919647323963,2025-03-18T00:40:24+05:30,58,voice
CDR-005810,916665802686,916637885677,2025-03-18T03:46:23+05:30,45,voice
CDR-005811,916876538782,916729640279,2025-03-18T04:12:22+05:30,0,sms
CDR-005812,916375107792,919647323963,2025-03-18T06:19:23+05:30,190,voice
CDR-005813,916367453616,916424188799,2025-03-18T06:26:19+05:30,37,voice
CDR-005814,919742990720,917469027111,2025-03-18T06:52:12+05:30,0,sms
CDR-005815,919275070531,917919104175,2025-03-18T08:05:11+05:30,16,voice
CDR-005816,916641395672,916022038739,2025-03-18T08:53:16+05:30,0,sms
CDR-005817,918527357736,916293377920,2025-03-18T08:54:02+05:30,29,voice
CDR-005818,917447202903,918851286499,2025-03-18T09:10:35+05:30,161,voice
CDR-005819,916082251340,919415717273,2025-03-18T09:13:32+05:30,342,voice
CDR-005820,916082251340,917630871663,2025-03-18T09:28:17+05:30,78,voice
CDR-005821,916812873288,916217338638,2025-03-18T09:53:04+05:30,19,voice
CDR-005822,917545969696,918452335165,2025-03-18T09:57:48+05:30,0,sms
CDR-005823,916997171985,917876457943,2025-03-18T10:20:14+05:30,83,voice
CDR-005824,916051518115,918525720621,2025-03-18T10:58:46+05:30,19,voice
CDR-005825,917500083076,916509638924,2025-03-18T11:01:00+05:30,154,voice
CDR-005826,918452335165,917545969696,2025-03-18T11:17:32+05:30,306,voice
CDR-005827,918437653138,916637885677,2025-03-18T11:20:58+05:30,229,voice
CDR-005828,916479900999,917469027111,2025-03-18T11:31:56+05:30,29,voice
CDR-005829,916375107792,919647323963,2025-03-18T11:43:37+05:30,140,voice
CDR-005830,917388520357,917952549560,2025-03-18T12:44:53+05:30,40,voice
CDR-005831,918600238302,918437653138,2025-03-18T12:45:50+05:30,23,voice
CDR-005832,916691567852,916275552433,2025-03-18T12:47:08+05:30,46,voice
CDR-005833,919577944637,918766270784,2025-03-18T12:56:35+05:30,94,voice
CDR-005834,917147613772,916849321768,2025-03-18T13:25:14+05:30,138,voice
CDR-005835,918766270784,919577944637,2025-03-18T13:43:53+05:30,31,voice
CDR-005836,917952549560,917388520357,2025-03-18T14:22:59+05:30,678,voice
CDR-005837,917556372626,916543832315,2025-03-18T14:23:34+05:30,48,voice
CDR-005838,918766270784,919326047954,2025-03-18T14:29:14+05:30,151,voice
CDR-005839,918572218538,917914834602,2025-03-18T14:30:54+05:30,103,voice
CDR-005840,919571619646,917730176490,2025-03-18T14:53:46+05:30,0,sms
CDR-005841,919600233059,917876457943,2025-03-18T15:11:56+05:30,65,voice
CDR-005842,916424188799,916852224261,2025-03-18T15:15:05+05:30,123,voice
CDR-005843,916931872820,916367453616,2025-03-18T15:22:45+05:30,222,voice
CDR-005844,917876457943,917147613772,2025-03-18T15:27:21+05:30,47,voice
CDR-005845,918843189740,917187698223,2025-03-18T15:31:19+05:30,52,voice
CDR-005846,916223553521,917268526587,2025-03-18T15:45:10+05:30,148,voice
CDR-005847,916217338638,916665802686,2025-03-18T16:01:48+05:30,0,sms
CDR-005848,917268526587,916122729730,2025-03-18T16:38:03+05:30,71,voice
CDR-005849,919772591901,918766270784,2025-03-18T16:48:56+05:30,105,voice
CDR-005850,917876457943,919647323963,2025-03-18T16:50:59+05:30,195,voice
CDR-005851,918525720621,916051518115,2025-03-18T16:59:20+05:30,68,voice
CDR-005852,917952549560,917388520357,2025-03-18T17:17:37+05:30,155,voice
CDR-005853,917538776094,918063398568,2025-03-18T17:37:43+05:30,0,sms
CDR-005854,917930732092,919772591901,2025-03-18T17:42:48+05:30,290,voice
CDR-005855,919571619646,916641395672,2025-03-18T17:44:23+05:30,0,sms
CDR-005856,917147613772,917876457943,2025-03-18T17:53:55+05:30,24,voice
CDR-005857,917876457943,918184188031,2025-03-18T17:57:30+05:30,83,voice
CDR-005858,918843189740,918063398568,2025-03-18T17:58:56+05:30,155,voice
CDR-005859,918547024696,917837617691,2025-03-18T18:07:42+05:30,33,voice
CDR-005860,918843189740,917123981476,2025-03-18T18:11:07+05:30,442,voice
CDR-005861,917187698223,919797302867,2025-03-18T18:22:03+05:30,25,voice
CDR-005862,916855008436,916051518115,2025-03-18T18:29:16+05:30,70,voice
CDR-005863,919994738491,918452335165,2025-03-18T18:30:30+05:30,101,voice
CDR-005864,918766270784,916026997648,2025-03-18T18:42:35+05:30,0,sms
CDR-005865,916217338638,916637885677,2025-03-18T19:16:57+05:30,32,voice
CDR-005866,917679658289,916876538782,2025-03-18T19:26:55+05:30,0,sms
CDR-005867,916375107792,916849321768,2025-03-18T19:56:03+05:30,16,voice
CDR-005868,916217338638,916665802686,2025-03-18T20:08:53+05:30,196,voice
CDR-005869,917919104175,918332441743,2025-03-18T20:14:31+05:30,70,voice
CDR-005870,918251165584,918572218538,2025-03-18T20:17:13+05:30,89,voice
CDR-005871,916194464851,916931872820,2025-03-18T20:38:37+05:30,18,voice
CDR-005872,919577944637,918766270784,2025-03-18T20:52:43+05:30,202,voice
CDR-005873,916935101816,916424188799,2025-03-18T20:55:12+05:30,31,voice
CDR-005874,918823052386,917888064876,2025-03-18T21:14:01+05:30,124,voice
CDR-005875,919742990720,916367453616,2025-03-18T22:17:01+05:30,0,sms
CDR-005876,916223553521,917268526587,2025-03-18T22:30:41+05:30,109,voice
CDR-005877,919747267016,916017179896,2025-03-18T22:30:46+05:30,0,sms
CDR-005878,916479900999,918047654190,2025-03-18T22:34:32+05:30,149,voice
CDR-005879,918437653138,918600238302,2025-03-18T22:37:59+05:30,70,voice
CDR-005880,916194464851,917616371951,2025-03-18T22:50:31+05:30,122,voice
CDR-005881,916424188799,918843189740,2025-03-18T23:16:05+05:30,0,sms
CDR-005882,917844273643,916849321768,2025-03-18T23:31:02+05:30,34,voice
CDR-005883,917353300525,917260443015,2025-03-18T23:42:59+05:30,19,voice
CDR-005884,916367453616,916424188799,2025-03-18T23:47:33+05:30,53,voice
CDR-005885,916637885677,917970653224,2025-03-18T23:54:55+05:30,44,voice
CDR-005886,918843189740,916996582331,2025-03-18T23:56:19+05:30,51,voice
CDR-005887,918973120296,919577944637,2025-03-19T00:16:33+05:30,183,voice
CDR-005888,919772591901,916729640279,2025-03-19T03:44:33+05:30,100,voice
CDR-005889,917288961107,916960990031,2025-03-19T05:29:54+05:30,27,voice
CDR-005890,916555122302,919647323963,2025-03-19T06:07:30+05:30,23,voice
CDR-005891,917545969696,918452335165,2025-03-19T06:20:56+05:30,103,voice
CDR-005892,916435668733,918437653138,2025-03-19T08:00:00+05:30,10,voice
CDR-005893,919571619646,916641395672,2025-03-19T08:01:39+05:30,332,voice
CDR-005894,916561718843,919688936655,2025-03-19T08:31:09+05:30,146,voice
CDR-005895,916424188799,916935101816,2025-03-19T08:51:16+05:30,83,voice
CDR-005896,919577944637,916026997648,2025-03-19T08:53:00+05:30,105,voice
CDR-005897,916937699779,918332441743,2025-03-19T08:59:46+05:30,87,voice
CDR-005898,918572218538,917914834602,2025-03-19T09:04:07+05:30,193,voice
CDR-005899,918547024696,918452335165,2025-03-19T09:34:17+05:30,30,voice
CDR-005900,919647323963,919688936655,2025-03-19T09:39:47+05:30,0,sms
CDR-005901,917930732092,919326047954,2025-03-19T09:50:06+05:30,34,voice
CDR-005902,916691567852,916275552433,2025-03-19T09:59:57+05:30,43,voice
CDR-005903,917268526587,916223553521,2025-03-19T10:34:59+05:30,62,voice
CDR-005904,916555122302,917994279003,2025-03-19T11:35:09+05:30,202,voice
CDR-005905,918452335165,919994738491,2025-03-19T11:36:49+05:30,42,voice
CDR-005906,917187698223,918227250029,2025-03-19T11:44:35+05:30,24,voice
CDR-005907,918600238302,918447344267,2025-03-19T12:07:54+05:30,61,voice
CDR-005908,917268526587,916770012075,2025-03-19T12:08:30+05:30,0,sms
CDR-005909,918973120296,918510841654,2025-03-19T12:52:42+05:30,44,voice
CDR-005910,916665802686,916787800822,2025-03-19T12:53:19+05:30,35,voice
CDR-005911,917353300525,916665802686,2025-03-19T13:21:49+05:30,228,voice
CDR-005912,916375107792,919647323963,2025-03-19T13:30:15+05:30,0,sms
CDR-005913,917679658289,919600308487,2025-03-19T13:36:18+05:30,45,voice
CDR-005914,917485979569,918437653138,2025-03-19T14:04:15+05:30,29,voice
CDR-005915,916849321768,917844273643,2025-03-19T14:26:02+05:30,27,voice
CDR-005916,916543832315,917260443015,2025-03-19T14:55:51+05:30,54,voice
CDR-005917,917989228447,919647323963,2025-03-19T15:18:57+05:30,178,voice
CDR-005918,916691567852,916960990031,2025-03-19T15:24:41+05:30,11,voice
CDR-005919,918452335165,918547024696,2025-03-19T15:25:23+05:30,29,voice
CDR-005920,916641395672,916691567852,2025-03-19T15:58:02+05:30,0,sms
CDR-005921,917538776094,916996582331,2025-03-19T16:06:35+05:30,0,sms
CDR-005922,918238710435,918766270784,2025-03-19T16:40:49+05:30,45,voice
CDR-005923,918065255396,918047654190,2025-03-19T16:49:30+05:30,29,voice
CDR-005924,917447202903,918851286499,2025-03-19T16:52:04+05:30,0,sms
CDR-005925,917876457943,916540081641,2025-03-19T17:02:23+05:30,40,voice
CDR-005926,917989228447,917730176490,2025-03-19T17:05:29+05:30,5,voice
CDR-005927,918238710435,917679658289,2025-03-19T17:23:39+05:30,374,voice
CDR-005928,917814266084,917837617691,2025-03-19T18:30:33+05:30,0,sms
CDR-005929,919600233059,916309630372,2025-03-19T19:04:52+05:30,51,voice
CDR-005930,916122729730,916937699779,2025-03-19T19:18:18+05:30,131,voice
CDR-005931,919371826549,916996582331,2025-03-19T19:35:02+05:30,69,voice
CDR-005932,919747267016,916017179896,2025-03-19T19:38:35+05:30,184,voice
CDR-005933,918771974035,916309630372,2025-03-19T19:44:21+05:30,57,voice
CDR-005934,917469027111,918485143212,2025-03-19T19:49:37+05:30,140,voice
CDR-005935,916852224261,916424188799,2025-03-19T19:56:28+05:30,0,sms
CDR-005936,916375107792,916849321768,2025-03-19T21:03:11+05:30,109,voice
CDR-005937,917844273643,917147613772,2025-03-19T21:04:11+05:30,13,voice
CDR-005938,918510841654,918973120296,2025-03-19T21:04:55+05:30,88,voice
CDR-005939,916424188799,916852224261,2025-03-19T21:11:30+05:30,45,voice
CDR-005940,919714540957,919744215949,2025-03-19T21:18:51+05:30,142,voice
CDR-005941,916931872820,916935101816,2025-03-19T21:37:52+05:30,41,voice
CDR-005942,918766270784,919326047954,2025-03-19T21:44:20+05:30,35,voice
CDR-005943,918525720621,919415717273,2025-03-19T22:15:10+05:30,0,sms
CDR-005944,918524624102,918829009322,2025-03-19T22:22:05+05:30,0,sms
CDR-005945,918772528373,916770012075,2025-03-19T22:23:16+05:30,52,voice
CDR-005946,919415717273,918525720621,2025-03-19T22:26:19+05:30,16,voice
CDR-005947,919577944637,918525720621,2025-03-19T22:26:57+05:30,203,voice
CDR-005948,916812873288,917485979569,2025-03-19T22:48:24+05:30,59,voice
CDR-005949,917989228447,916555122302,2025-03-19T22:52:53+05:30,984,voice
CDR-005950,916535545166,917914834602,2025-03-19T23:08:09+05:30,19,voice
CDR-005951,919415717273,918829009322,2025-03-19T23:19:16+05:30,0,sms
CDR-005952,918829009322,916694321946,2025-03-19T23:22:12+05:30,109,voice
CDR-005953,919275070531,917919104175,2025-03-19T23:31:40+05:30,0,sms
CDR-005954,917485979569,916637885677,2025-03-19T23:40:16+05:30,37,voice
CDR-005955,918224632063,919415717273,2025-03-19T23:50:38+05:30,40,voice
CDR-005956,916876538782,917679658289,2025-03-19T23:53:50+05:30,42,voice
CDR-005957,917679658289,919415717273,2025-03-20T00:06:01+05:30,80,voice
CDR-005958,916852224261,916424188799,2025-03-20T00:07:06+05:30,40,voice
CDR-005959,917447202903,916665802686,2025-03-20T03:07:17+05:30,144,voice
CDR-005960,916931872820,916424188799,2025-03-20T03:23:11+05:30,0,sms
CDR-005961,916852224261,916424188799,2025-03-20T05:03:08+05:30,16,voice
CDR-005962,916637885677,919690393547,2025-03-20T06:18:45+05:30,324,voice
CDR-005963,916309630372,919571619646,2025-03-20T06:26:51+05:30,71,voice
CDR-005964,916694321946,918510841654,2025-03-20T06:30:35+05:30,0,sms
CDR-005965,919577944637,919415717273,2025-03-20T06:31:53+05:30,0,sms
CDR-005966,919647323963,917989228447,2025-03-20T06:35:23+05:30,14,voice
CDR-005967,919744215949,916937699779,2025-03-20T07:10:25+05:30,95,voice
CDR-005968,918973120296,918238710435,2025-03-20T07:55:01+05:30,0,sms
CDR-005969,916876538782,917500083076,2025-03-20T08:20:15+05:30,8,voice
CDR-005970,918843189740,917538776094,2025-03-20T08:35:53+05:30,75,voice
CDR-005971,916543832315,917260443015,2025-03-20T08:48:31+05:30,37,voice
CDR-005972,919384822654,916309630372,2025-03-20T08:53:05+05:30,31,voice
CDR-005973,917260443015,917353300525,2025-03-20T09:38:36+05:30,47,voice
CDR-005974,919577944637,919326047954,2025-03-20T10:26:23+05:30,423,voice
CDR-005975,919688936655,919153442407,2025-03-20T10:33:49+05:30,175,voice
CDR-005976,917556372626,916543832315,2025-03-20T10:45:36+05:30,128,voice
CDR-005977,918973120296,918829009322,2025-03-20T11:37:07+05:30,40,voice
CDR-005978,918382865694,918572218538,2025-03-20T12:05:14+05:30,490,voice
CDR-005979,916543832315,917260443015,2025-03-20T12:32:48+05:30,80,voice
CDR-005980,916051518115,916705754068,2025-03-20T12:49:10+05:30,50,voice
CDR-005981,918238710435,918081943102,2025-03-20T12:49:47+05:30,81,voice
CDR-005982,917616371951,916194464851,2025-03-20T12:56:54+05:30,44,voice
CDR-005983,918766270784,916026997648,2025-03-20T13:01:42+05:30,649,voice
CDR-005984,916960990031,917288961107,2025-03-20T13:04:09+05:30,42,voice
CDR-005985,916637885677,916665802686,2025-03-20T13:24:23+05:30,64,voice
CDR-005986,919742990720,916367453616,2025-03-20T13:28:43+05:30,175,voice
CDR-005987,918973120296,918510841654,2025-03-20T13:59:23+05:30,15,voice
CDR-005988,918184188031,917147613772,2025-03-20T14:16:43+05:30,204,voice
CDR-005989,917538776094,916996582331,2025-03-20T14:51:59+05:30,14,voice
CDR-005990,917353300525,916543832315,2025-03-20T15:00:51+05:30,81,voice
CDR-005991,916665802686,917353300525,2025-03-20T15:04:55+05:30,50,voice
CDR-005992,917545969696,919690393547,2025-03-20T15:15:42+05:30,160,voice
CDR-005993,916729640279,918840103823,2025-03-20T15:21:20+05:30,157,voice
CDR-005994,916912523398,919647323963,2025-03-20T15:24:10+05:30,61,voice
CDR-005995,917469027111,918227250029,2025-03-20T15:35:13+05:30,190,voice
CDR-005996,916217338638,916812873288,2025-03-20T15:41:55+05:30,133,voice
CDR-005997,916641395672,919571619646,2025-03-20T15:55:08+05:30,193,voice
CDR-005998,916702951376,916275552433,2025-03-20T16:13:46+05:30,29,voice
CDR-005999,919797302867,918572218538,2025-03-20T16:15:32+05:30,31,voice
CDR-006000,918332441743,918081943102,2025-03-20T16:33:16+05:30,121,voice
CDR-006001,918823052386,919797302867,2025-03-20T16:39:05+05:30,160,voice
CDR-006002,916026997648,918973120296,2025-03-20T16:43:41+05:30,0,sms
CDR-006003,918973120296,918510841654,2025-03-20T16:45:12+05:30,52,voice
CDR-006004,917353300525,916325845808,2025-03-20T16:47:21+05:30,0,sms
CDR-006005,918680810632,918437653138,2025-03-20T16:50:36+05:30,0,sms
CDR-006006,916509638924,916082251340,2025-03-20T17:26:25+05:30,32,voice
CDR-006007,916275552433,916691567852,2025-03-20T17:36:14+05:30,42,voice
CDR-006008,916194464851,917616371951,2025-03-20T17:39:17+05:30,41,voice
CDR-006009,917970653224,918547024696,2025-03-20T17:48:23+05:30,0,sms
CDR-006010,917952549560,917388520357,2025-03-20T18:08:26+05:30,27,voice
CDR-006011,916996582331,918843189740,2025-03-20T18:31:49+05:30,97,voice
CDR-006012,919714540957,916122729730,2025-03-20T18:38:37+05:30,71,voice
CDR-006013,918823052386,919797302867,2025-03-20T18:44:20+05:30,520,voice
CDR-006014,917260443015,917353300525,2025-03-20T18:44:25+05:30,99,voice
CDR-006015,918525720621,918829009322,2025-03-20T18:52:45+05:30,74,voice
CDR-006016,918771974035,916309630372,2025-03-20T19:06:34+05:30,89,voice
CDR-006017,919577944637,919415717273,2025-03-20T19:30:20+05:30,116,voice
CDR-006018,916367453616,916852224261,2025-03-20T19:39:49+05:30,0,sms
CDR-006019,917814266084,919994738491,2025-03-20T19:44:45+05:30,118,voice
CDR-006020,919342059358,918527357736,2025-03-20T19:55:25+05:30,0,sms
CDR-006021,916509638924,917630871663,2025-03-20T19:57:52+05:30,58,voice
CDR-006022,918227250029,918843189740,2025-03-20T20:12:23+05:30,65,voice
CDR-006023,916694321946,916082251340,2025-03-20T20:17:42+05:30,21,voice
CDR-006024,917485979569,918437653138,2025-03-20T20:55:43+05:30,131,voice
CDR-006025,917538776094,918382865694,2025-03-20T21:15:18+05:30,0,sms
CDR-006026,919994738491,917545969696,2025-03-20T21:45:44+05:30,0,sms
CDR-006027,918251165584,917914834602,2025-03-20T22:01:34+05:30,157,voice
CDR-006028,919326047954,918524624102,2025-03-20T22:29:25+05:30,135,voice
CDR-006029,918973120296,917930732092,2025-03-20T22:44:02+05:30,71,voice
CDR-006030,916641395672,919647323963,2025-03-20T22:47:15+05:30,26,voice
CDR-006031,917914834602,916535545166,2025-03-20T22:57:48+05:30,12,voice
CDR-006032,916996582331,918843189740,2025-03-20T23:46:13+05:30,29,voice
CDR-006033,917447202903,916637885677,2025-03-20T23:53:33+05:30,29,voice
CDR-006034,919326047954,918766270784,2025-03-20T23:55:20+05:30,0,sms
CDR-006035,916729640279,918829009322,2025-03-21T01:13:17+05:30,182,voice
CDR-006036,916702951376,917876457943,2025-03-21T02:26:39+05:30,0,sms
CDR-006037,918680810632,918600238302,2025-03-21T02:32:53+05:30,50,voice
CDR-006038,917260443015,917556372626,2025-03-21T02:39:55+05:30,122,voice
CDR-006039,919600233059,919384822654,2025-03-21T03:23:16+05:30,138,voice
CDR-006040,918227250029,918843189740,2025-03-21T04:13:30+05:30,0,sms
CDR-006041,916217338638,916665802686,2025-03-21T05:12:23+05:30,132,voice
CDR-006042,918547024696,917545969696,2025-03-21T06:51:38+05:30,58,voice
CDR-006043,918227250029,918843189740,2025-03-21T06:52:25+05:30,92,voice
CDR-006044,916852224261,916022038739,2025-03-21T07:03:15+05:30,52,voice
CDR-006045,916017179896,917952549560,2025-03-21T07:07:39+05:30,172,voice
CDR-006046,916424188799,916931872820,2025-03-21T07:41:14+05:30,0,sms
CDR-006047,916479900999,918485143212,2025-03-21T07:48:44+05:30,17,voice
CDR-006048,919577944637,918766270784,2025-03-21T08:09:06+05:30,28,voice
CDR-006049,918829009322,916729640279,2025-03-21T08:24:39+05:30,0,sms
CDR-006050,918525720621,919772591901,2025-03-21T08:51:04+05:30,28,voice
CDR-006051,919690393547,918452335165,2025-03-21T08:51:15+05:30,0,sms
CDR-006052,917630871663,916855008436,2025-03-21T09:07:01+05:30,82,voice
CDR-006053,918452335165,917837617691,2025-03-21T09:40:30+05:30,47,voice
CDR-006054,916665802686,917447202903,2025-03-21T09:51:13+05:30,185,voice
CDR-006055,917556372626,916812873288,2025-03-21T09:58:50+05:30,62,voice
CDR-006056,919742990720,916367453616,2025-03-21T10:00:56+05:30,139,voice
CDR-006057,918527357736,919342059358,2025-03-21T10:05:12+05:30,94,voice
CDR-006058,916518301062,918081943102,2025-03-21T10:07:05+05:30,50,voice
CDR-006059,916561718843,919688936655,2025-03-21T10:22:16+05:30,40,voice
CDR-006060,919153442407,917989228447,2025-03-21T11:24:58+05:30,0,sms
CDR-006061,916082251340,919415717273,2025-03-21T11:26:35+05:30,176,voice
CDR-006062,919797302867,916931872820,2025-03-21T11:59:05+05:30,126,voice
CDR-006063,917260443015,917556372626,2025-03-21T12:10:54+05:30,24,voice
CDR-006064,917989228447,916912523398,2025-03-21T12:24:56+05:30,20,voice
CDR-006065,917679658289,919415717273,2025-03-21T12:37:02+05:30,43,voice
CDR-006066,917876457943,916849321768,2025-03-21T13:01:28+05:30,568,voice
CDR-006067,916694321946,918829009322,2025-03-21T13:19:27+05:30,95,voice
CDR-006068,919415717273,916082251340,2025-03-21T13:25:15+05:30,21,voice
CDR-006069,916665802686,916787800822,2025-03-21T13:28:52+05:30,77,voice
CDR-006070,918251165584,917914834602,2025-03-21T13:30:53+05:30,0,sms
CDR-006071,916223553521,917268526587,2025-03-21T14:45:39+05:30,194,voice
CDR-006072,917260443015,916435668733,2025-03-21T14:52:06+05:30,8,voice
CDR-006073,918437653138,916665802686,2025-03-21T15:13:07+05:30,47,voice
CDR-006074,918485143212,916479900999,2025-03-21T15:26:48+05:30,274,voice
CDR-006075,918332441743,919342059358,2025-03-21T15:39:42+05:30,74,voice
CDR-006076,916367453616,916424188799,2025-03-21T16:02:31+05:30,106,voice
CDR-006077,918238710435,918973120296,2025-03-21T16:16:35+05:30,117,voice
CDR-006078,916997171985,916375107792,2025-03-21T16:43:52+05:30,35,voice
CDR-006079,918527357736,918332441743,2025-03-21T16:43:58+05:30,38,voice
CDR-006080,917989228447,919571619646,2025-03-21T16:58:18+05:30,133,voice
CDR-006081,918766270784,919326047954,2025-03-21T17:00:58+05:30,118,voice
CDR-006082,917545969696,919994738491,2025-03-21T18:00:56+05:30,145,voice
CDR-006083,917469027111,917538776094,2025-03-21T18:02:34+05:30,0,sms
CDR-006084,916026997648,918766270784,2025-03-21T18:18:00+05:30,44,voice
CDR-006085,919742990720,917469027111,2025-03-21T18:27:07+05:30,107,voice
CDR-006086,919600233059,916849321768,2025-03-21T18:34:37+05:30,50,voice
CDR-006087,916543832315,917556372626,2025-03-21T19:08:17+05:30,160,voice
CDR-006088,917485979569,918437653138,2025-03-21T19:15:52+05:30,88,voice
CDR-006089,916996582331,918227250029,2025-03-21T19:30:50+05:30,44,voice
CDR-006090,916424188799,919797302867,2025-03-21T19:43:34+05:30,127,voice
CDR-006091,916935101816,919797302867,2025-03-21T20:01:28+05:30,52,voice
CDR-006092,916479900999,918485143212,2025-03-21T20:03:05+05:30,68,voice
CDR-006093,916017179896,916051518115,2025-03-21T20:03:55+05:30,84,voice
CDR-006094,917469027111,916479900999,2025-03-21T20:23:12+05:30,41,voice
CDR-006095,916935101816,916424188799,2025-03-21T20:32:32+05:30,0,sms
CDR-006096,916424188799,916852224261,2025-03-21T20:48:53+05:30,42,voice
CDR-006097,916876538782,917679658289,2025-03-21T20:54:07+05:30,0,sms
CDR-006098,918572218538,918382865694,2025-03-21T20:55:31+05:30,61,voice
CDR-006099,917630871663,918510841654,2025-03-21T20:55:58+05:30,6,voice
CDR-006100,919797302867,918572218538,2025-03-21T20:59:23+05:30,55,voice
CDR-006101,916849321768,917844273643,2025-03-21T21:00:11+05:30,25,voice
CDR-006102,916702951376,916540081641,2025-03-21T21:38:04+05:30,79,voice
CDR-006103,917353300525,916665802686,2025-03-21T21:49:42+05:30,76,voice
CDR-006104,917538776094,916996582331,2025-03-21T21:56:53+05:30,96,voice
CDR-006105,918227250029,919371826549,2025-03-21T22:03:34+05:30,25,voice
CDR-006106,916555122302,919571619646,2025-03-21T22:14:05+05:30,19,voice
CDR-006107,918547024696,917837617691,2025-03-21T22:19:36+05:30,0,sms
CDR-006108,916876538782,916729640279,2025-03-21T22:26:20+05:30,112,voice
CDR-006109,918485143212,916479900999,2025-03-21T23:09:34+05:30,30,voice
CDR-006110,918525720621,919415717273,2025-03-21T23:25:30+05:30,60,voice
CDR-006111,919744215949,919714540957,2025-03-21T23:31:06+05:30,0,sms
CDR-006112,918766270784,916026997648,2025-03-21T23:44:04+05:30,113,voice
CDR-006113,919994738491,917814266084,2025-03-21T23:49:12+05:30,106,voice
CDR-006114,918600238302,918437653138,2025-03-21T23:55:17+05:30,344,voice
CDR-006115,918525720621,918829009322,2025-03-22T00:23:50+05:30,0,sms
CDR-006116,919384822654,916309630372,2025-03-22T01:58:19+05:30,0,sms
CDR-006117,918437653138,916637885677,2025-03-22T03:55:11+05:30,25,voice
CDR-006118,918525720621,919415717273,2025-03-22T04:48:50+05:30,49,voice
CDR-006119,919577944637,919415717273,2025-03-22T05:06:27+05:30,407,voice
CDR-006120,917616371951,916194464851,2025-03-22T06:02:01+05:30,118,voice
CDR-006121,916812873288,917353300525,2025-03-22T06:29:02+05:30,0,sms
CDR-006122,917260443015,917556372626,2025-03-22T06:32:12+05:30,19,voice
CDR-006123,919772591901,917930732092,2025-03-22T06:48:31+05:30,47,voice
CDR-006124,919415717273,918829009322,2025-03-22T07:17:55+05:30,167,voice
CDR-006125,917311481954,918680810632,2025-03-22T07:44:24+05:30,182,voice
CDR-006126,918437653138,916637885677,2025-03-22T08:28:56+05:30,0,sms
CDR-006127,918547024696,917545969696,2025-03-22T09:02:43+05:30,12,voice
CDR-006128,917469027111,918227250029,2025-03-22T09:32:55+05:30,42,voice
CDR-006129,916665802686,917447202903,2025-03-22T09:36:21+05:30,70,voice
CDR-006130,917288961107,916960990031,2025-03-22T09:51:37+05:30,0,sms
CDR-006131,919797302867,918572218538,2025-03-22T09:59:02+05:30,36,voice
CDR-006132,916935101816,917187698223,2025-03-22T10:44:41+05:30,122,voice
CDR-006133,916641395672,919647323963,2025-03-22T10:46:25+05:30,117,voice
CDR-006134,916770012075,919744215949,2025-03-22T11:02:43+05:30,28,voice
CDR-006135,917930732092,918766270784,2025-03-22T12:38:06+05:30,29,voice
CDR-006136,916937699779,916122729730,2025-03-22T12:41:00+05:30,57,voice
CDR-006137,917730176490,917989228447,2025-03-22T12:51:58+05:30,27,voice
CDR-006138,919994738491,917545969696,2025-03-22T12:58:18+05:30,22,voice
CDR-006139,919384822654,917288961107,2025-03-22T12:59:12+05:30,81,voice
CDR-006140,916051518115,918845716772,2025-03-22T13:02:21+05:30,70,voice
CDR-006141,916812873288,917353300525,2025-03-22T13:07:00+05:30,52,voice
CDR-006142,918452335165,917545969696,2025-03-22T13:12:48+05:30,11,voice
CDR-006143,918437653138,918680810632,2025-03-22T13:53:12+05:30,69,voice
CDR-006144,916937699779,916122729730,2025-03-22T14:54:30+05:30,31,voice
CDR-006145,917888064876,918081943102,2025-03-22T15:21:00+05:30,12,voice
CDR-006146,917989228447,916555122302,2025-03-22T15:34:29+05:30,47,voice
CDR-006147,916912523398,917989228447,2025-03-22T15:56:38+05:30,34,voice
CDR-006148,916691567852,918184188031,2025-03-22T16:05:35+05:30,18,voice
CDR-006149,918437653138,916637885677,2025-03-22T16:19:08+05:30,72,voice
CDR-006150,916223553521,918772528373,2025-03-22T16:19:22+05:30,241,voice
CDR-006151,916960990031,916888840554,2025-03-22T16:23:23+05:30,110,voice
CDR-006152,916017179896,919747267016,2025-03-22T16:26:18+05:30,24,voice
CDR-006153,918772528373,916223553521,2025-03-22T16:34:41+05:30,23,voice
CDR-006154,918766270784,916026997648,2025-03-22T16:45:48+05:30,29,voice
CDR-006155,917914834602,918572218538,2025-03-22T17:03:31+05:30,68,voice
CDR-006156,917970653224,918547024696,2025-03-22T17:13:03+05:30,85,voice
CDR-006157,917970653224,916637885677,2025-03-22T17:26:45+05:30,49,voice
CDR-006158,918843189740,917187698223,2025-03-22T17:27:24+05:30,48,voice
CDR-006159,918843189740,917538776094,2025-03-22T17:30:36+05:30,188,voice
CDR-006160,918524624102,919415717273,2025-03-22T17:49:04+05:30,28,voice
CDR-006161,916309630372,919384822654,2025-03-22T17:56:42+05:30,26,voice
CDR-006162,917837617691,918452335165,2025-03-22T18:17:43+05:30,8,voice
CDR-006163,916996582331,917187698223,2025-03-22T18:48:03+05:30,182,voice
CDR-006164,918772528373,916223553521,2025-03-22T19:26:48+05:30,0,sms
CDR-006165,916435668733,916637885677,2025-03-22T19:36:56+05:30,39,voice
CDR-006166,917837617691,918547024696,2025-03-22T19:47:44+05:30,286,voice
CDR-006167,916217338638,916637885677,2025-03-22T20:28:28+05:30,21,voice
CDR-006168,917187698223,918843189740,2025-03-22T20:35:43+05:30,43,voice
CDR-006169,919647323963,916912523398,2025-03-22T20:43:42+05:30,267,voice
CDR-006170,917989228447,916555122302,2025-03-22T20:47:03+05:30,58,voice
CDR-006171,917989228447,916555122302,2025-03-22T20:55:32+05:30,25,voice
CDR-006172,916812873288,916787800822,2025-03-22T20:58:19+05:30,36,voice
CDR-006173,918227250029,916996582331,2025-03-22T21:13:29+05:30,260,voice
CDR-006174,916543832315,917260443015,2025-03-22T21:32:51+05:30,24,voice
CDR-006175,916665802686,918851286499,2025-03-22T21:55:31+05:30,0,sms
CDR-006176,916424188799,916931872820,2025-03-22T22:02:57+05:30,32,voice
CDR-006177,917260443015,917556372626,2025-03-22T22:05:18+05:30,30,voice
CDR-006178,918766270784,919577944637,2025-03-22T22:09:40+05:30,19,voice
CDR-006179,916996582331,918227250029,2025-03-22T22:09:43+05:30,440,voice
CDR-006180,918547024696,918452335165,2025-03-22T22:16:55+05:30,281,voice
CDR-006181,918843189740,917187698223,2025-03-22T22:25:43+05:30,0,sms
CDR-006182,916122729730,919714540957,2025-03-22T22:58:49+05:30,23,voice
CDR-006183,919896703780,916309630372,2025-03-22T23:06:13+05:30,36,voice
CDR-006184,916543832315,917556372626,2025-03-22T23:29:52+05:30,74,voice
CDR-006185,919371826549,916931872820,2025-03-22T23:56:08+05:30,30,voice
CDR-006186,916367453616,916931872820,2025-03-23T00:20:58+05:30,7,voice
CDR-006187,916852224261,916424188799,2025-03-23T00:38:58+05:30,0,sms
CDR-006188,919600233059,916309630372,2025-03-23T02:50:03+05:30,0,sms
CDR-006189,916194464851,917616371951,2025-03-23T03:32:51+05:30,14,voice
CDR-006190,916424188799,916852224261,2025-03-23T04:23:25+05:30,0,sms
CDR-006191,918184188031,917147613772,2025-03-23T04:34:03+05:30,51,voice
CDR-006192,919742990720,916479900999,2025-03-23T04:52:26+05:30,0,sms
CDR-006193,916275552433,919896703780,2025-03-23T06:03:43+05:30,29,voice
CDR-006194,919896703780,916309630372,2025-03-23T06:47:47+05:30,46,voice
CDR-006195,918452335165,918547024696,2025-03-23T07:02:49+05:30,59,voice
CDR-006196,917970653224,918547024696,2025-03-23T07:28:09+05:30,88,voice
CDR-006197,917919104175,917268526587,2025-03-23T08:04:39+05:30,57,voice
CDR-006198,916017179896,919747267016,2025-03-23T08:40:40+05:30,70,voice
CDR-006199,919772591901,917930732092,2025-03-23T08:58:04+05:30,204,voice
CDR-006200,919714540957,919744215949,2025-03-23T09:00:22+05:30,0,sms
CDR-006201,918600238302,918437653138,2025-03-23T09:02:32+05:30,69,voice
CDR-006202,916637885677,916435668733,2025-03-23T09:05:51+05:30,143,voice
CDR-006203,916424188799,918843189740,2025-03-23T09:15:37+05:30,0,sms
CDR-006204,916026997648,918510841654,2025-03-23T09:35:50+05:30,140,voice
CDR-006205,916082251340,917630871663,2025-03-23T10:08:01+05:30,43,voice
CDR-006206,916997171985,917876457943,2025-03-23T10:22:14+05:30,17,voice
CDR-006207,919415717273,917679658289,2025-03-23T10:33:59+05:30,0,sms
CDR-006208,918851286499,918680810632,2025-03-23T10:37:16+05:30,101,voice
CDR-006209,916026997648,918510841654,2025-03-23T10:47:03+05:30,104,voice
CDR-006210,916555122302,917994279003,2025-03-23T10:59:03+05:30,70,voice
CDR-006211,919415717273,918829009322,2025-03-23T12:01:05+05:30,0,sms
CDR-006212,917260443015,916435668733,2025-03-23T12:05:23+05:30,29,voice
CDR-006213,916217338638,916665802686,2025-03-23T12:11:18+05:30,90,voice
CDR-006214,916540081641,917876457943,2025-03-23T12:12:21+05:30,22,voice
CDR-006215,917919104175,917846947792,2025-03-23T12:36:47+05:30,105,voice
CDR-006216,916122729730,916293377920,2025-03-23T12:38:53+05:30,148,voice
CDR-006217,916996582331,917538776094,2025-03-23T12:53:39+05:30,39,voice
CDR-006218,916931872820,919797302867,2025-03-23T13:04:44+05:30,121,voice
CDR-006219,917730176490,919571619646,2025-03-23T13:18:31+05:30,0,sms
CDR-006220,916876538782,918766270784,2025-03-23T14:15:20+05:30,17,voice
CDR-006221,916435668733,916055439146,2025-03-23T14:17:51+05:30,0,sms
CDR-006222,918251165584,917914834602,2025-03-23T15:19:44+05:30,0,sms
CDR-006223,917876457943,917844273643,2025-03-23T15:22:10+05:30,91,voice
CDR-006224,919994738491,919690393547,2025-03-23T16:03:23+05:30,24,voice
CDR-006225,917500083076,916017179896,2025-03-23T16:05:10+05:30,86,voice
CDR-006226,916479900999,918047654190,2025-03-23T16:36:40+05:30,52,voice
CDR-006227,917844273643,919896703780,2025-03-23T16:43:16+05:30,47,voice
CDR-006228,916665802686,917837617691,2025-03-23T16:47:00+05:30,78,voice
CDR-006229,918251165584,918047654190,2025-03-23T17:09:16+05:30,27,voice
CDR-006230,918547024696,916217338638,2025-03-23T17:16:58+05:30,58,voice
CDR-006231,917485979569,917545969696,2025-03-23T17:50:25+05:30,274,voice
CDR-006232,917730176490,917989228447,2025-03-23T18:33:35+05:30,256,voice
CDR-006233,918437653138,917485979569,2025-03-23T18:54:16+05:30,269,voice
CDR-006234,917485979569,916637885677,2025-03-23T18:57:04+05:30,195,voice
CDR-006235,918547024696,917837617691,2025-03-23T19:18:59+05:30,271,voice
CDR-006236,917500083076,919136751526,2025-03-23T19:19:25+05:30,121,voice
CDR-006237,916435668733,916637885677,2025-03-23T19:20:53+05:30,63,voice
CDR-006238,916849321768,917876457943,2025-03-23T20:07:24+05:30,31,voice
CDR-006239,916017179896,917952549560,2025-03-23T20:09:33+05:30,16,voice
CDR-006240,917970653224,918547024696,2025-03-23T20:27:11+05:30,87,voice
CDR-006241,918524624102,918525720621,2025-03-23T20:30:32+05:30,0,sms
CDR-006242,916217338638,916665802686,2025-03-23T20:47:55+05:30,59,voice
CDR-006243,916876538782,918766270784,2025-03-23T20:48:13+05:30,9,voice
CDR-006244,916367453616,916424188799,2025-03-23T20:59:27+05:30,43,voice
CDR-006245,916665802686,916637885677,2025-03-23T21:02:59+05:30,50,voice
CDR-006246,919415717273,918524624102,2025-03-23T21:14:41+05:30,18,voice
CDR-006247,918829009322,918525720621,2025-03-23T21:33:25+05:30,181,voice
CDR-006248,916912523398,917989228447,2025-03-23T21:33:31+05:30,11,voice
CDR-006249,916424188799,916931872820,2025-03-23T21:35:52+05:30,28,voice
CDR-006250,918829009322,917679658289,2025-03-23T21:43:13+05:30,59,voice
CDR-006251,917556372626,917260443015,2025-03-23T21:55:11+05:30,97,voice
CDR-006252,916912523398,919647323963,2025-03-23T21:58:17+05:30,67,voice
CDR-006253,916309630372,919600233059,2025-03-23T22:24:36+05:30,52,voice
CDR-006254,918382865694,918572218538,2025-03-23T22:24:41+05:30,37,voice
CDR-006255,917679658289,916509638924,2025-03-23T22:29:24+05:30,0,sms
CDR-006256,918527357736,918332441743,2025-03-23T23:04:23+05:30,71,voice
CDR-006257,916479900999,916852224261,2025-03-23T23:51:48+05:30,24,voice
CDR-006258,916729640279,919772591901,2025-03-23T23:56:40+05:30,155,voice
CDR-006259,919714540957,916770012075,2025-03-24T01:02:27+05:30,100,voice
CDR-006260,918238710435,918973120296,2025-03-24T01:17:12+05:30,73,voice
CDR-006261,916665802686,916637885677,2025-03-24T04:32:26+05:30,374,voice
CDR-006262,919896703780,916309630372,2025-03-24T05:57:06+05:30,32,voice
CDR-006263,918525720621,919415717273,2025-03-24T06:05:12+05:30,26,voice
CDR-006264,916665802686,916787800822,2025-03-24T06:07:59+05:30,329,voice
CDR-006265,918452335165,917545969696,2025-03-24T06:14:53+05:30,0,sms
CDR-006266,917837617691,916665802686,2025-03-24T06:18:05+05:30,73,voice
CDR-006267,918600238302,919994738491,2025-03-24T06:29:43+05:30,159,voice
CDR-006268,916217338638,919690393547,2025-03-24T06:38:21+05:30,27,voice
CDR-006269,917187698223,918485143212,2025-03-24T06:48:52+05:30,5,voice
CDR-006270,918184188031,917844273643,2025-03-24T07:01:13+05:30,69,voice
CDR-006271,917545969696,919994738491,2025-03-24T07:40:13+05:30,53,voice
CDR-006272,919896703780,917844273643,2025-03-24T07:42:00+05:30,24,voice
CDR-006273,917311481954,918680810632,2025-03-24T08:00:28+05:30,0,sms
CDR-006274,916518301062,918382865694,2025-03-24T08:24:51+05:30,48,voice
CDR-006275,916937699779,919744215949,2025-03-24T08:36:20+05:30,14,voice
CDR-006276,919571619646,917846947792,2025-03-24T08:52:02+05:30,372,voice
CDR-006277,919690393547,918547024696,2025-03-24T08:52:50+05:30,31,voice
CDR-006278,919744215949,916223553521,2025-03-24T09:00:04+05:30,23,voice
CDR-006279,917814266084,918547024696,2025-03-24T09:44:54+05:30,69,voice
CDR-006280,916996582331,917187698223,2025-03-24T10:17:17+05:30,110,voice
CDR-006281,917989228447,916912523398,2025-03-24T10:53:22+05:30,65,voice
CDR-006282,919371826549,916996582331,2025-03-24T11:16:44+05:30,246,voice
CDR-006283,916424188799,916935101816,2025-03-24T11:25:16+05:30,22,voice
CDR-006284,916637885677,919690393547,2025-03-24T11:58:07+05:30,27,voice
CDR-006285,916637885677,916665802686,2025-03-24T12:17:34+05:30,67,voice
CDR-006286,917545969696,919690393547,2025-03-24T12:24:53+05:30,33,voice
CDR-006287,917914834602,916535545166,2025-03-24T13:09:11+05:30,21,voice
CDR-006288,917616371951,916194464851,2025-03-24T13:55:13+05:30,153,voice
CDR-006289,916017179896,919747267016,2025-03-24T13:56:50+05:30,48,voice
CDR-006290,918843189740,917187698223,2025-03-24T14:11:26+05:30,0,sms
CDR-006291,916641395672,918382865694,2025-03-24T14:19:10+05:30,16,voice
CDR-006292,917260443015,917353300525,2025-03-24T14:32:21+05:30,31,voice
CDR-006293,918680810632,917311481954,2025-03-24T14:42:26+05:30,57,voice
CDR-006294,918572218538,917914834602,2025-03-24T14:52:03+05:30,39,voice
CDR-006295,916637885677,916665802686,2025-03-24T14:54:51+05:30,11,voice
CDR-006296,917837617691,916543832315,2025-03-24T14:55:47+05:30,105,voice
CDR-006297,916375107792,916849321768,2025-03-24T15:14:03+05:30,45,voice
CDR-006298,917485979569,917545969696,2025-03-24T15:14:31+05:30,74,voice
CDR-006299,919371826549,918227250029,2025-03-24T15:21:16+05:30,128,voice
CDR-006300,919571619646,917730176490,2025-03-24T15:28:39+05:30,28,voice
CDR-006301,919384822654,917970653224,2025-03-24T15:41:13+05:30,265,voice
CDR-006302,918772528373,916223553521,2025-03-24T16:00:20+05:30,58,voice
CDR-006303,916509638924,917630871663,2025-03-24T16:01:05+05:30,40,voice
CDR-006304,919119219019,916325845808,2025-03-24T16:03:15+05:30,10,voice
CDR-006305,918227250029,919371826549,2025-03-24T16:06:43+05:30,12,voice
CDR-006306,916937699779,918332441743,2025-03-24T16:38:41+05:30,53,voice
CDR-006307,919577944637,916293377920,2025-03-24T16:40:27+05:30,0,sms
CDR-006308,919688936655,919153442407,2025-03-24T16:42:49+05:30,56,voice
CDR-006309,916691567852,919600308487,2025-03-24T16:50:20+05:30,47,voice
CDR-006310,917914834602,916931872820,2025-03-24T16:50:54+05:30,51,voice
CDR-006311,917679658289,916509638924,2025-03-24T17:10:32+05:30,69,voice
CDR-006312,918452335165,917837617691,2025-03-24T17:26:54+05:30,41,voice
CDR-006313,916637885677,918437653138,2025-03-24T17:41:42+05:30,51,voice
CDR-006314,918843189740,916996582331,2025-03-24T18:03:06+05:30,82,voice
CDR-006315,917500083076,916509638924,2025-03-24T19:10:28+05:30,97,voice
CDR-006316,916509638924,917500083076,2025-03-24T19:38:23+05:30,221,voice
CDR-006317,919896703780,916309630372,2025-03-24T20:28:31+05:30,32,voice
CDR-006318,917469027111,917538776094,2025-03-24T20:29:30+05:30,75,voice
CDR-006319,916912523398,919647323963,2025-03-24T20:42:45+05:30,80,voice
CDR-006320,918452335165,918547024696,2025-03-24T20:47:45+05:30,72,voice
CDR-006321,918382865694,918251165584,2025-03-24T20:56:33+05:30,0,sms
CDR-006322,916694321946,919415717273,2025-03-24T21:13:11+05:30,47,voice
CDR-006323,919571619646,917730176490,2025-03-24T21:41:25+05:30,142,voice
CDR-006324,917616371951,916194464851,2025-03-24T21:43:57+05:30,130,voice
CDR-006325,919384822654,917288961107,2025-03-24T21:57:07+05:30,106,voice
CDR-006326,918843189740,916996582331,2025-03-24T22:03:28+05:30,39,voice
CDR-006327,918845716772,919747267016,2025-03-24T22:06:29+05:30,42,voice
CDR-006328,919714540957,916770012075,2025-03-24T22:31:32+05:30,113,voice
CDR-006329,919797302867,916367453616,2025-03-24T22:38:13+05:30,266,voice
CDR-006330,916641395672,919647323963,2025-03-24T22:48:20+05:30,81,voice
CDR-006331,916937699779,916122729730,2025-03-24T22:49:54+05:30,0,sms
CDR-006332,916367453616,916931872820,2025-03-24T22:56:33+05:30,127,voice
CDR-006333,916694321946,919415717273,2025-03-24T23:34:58+05:30,13,voice
CDR-006334,919747267016,917952549560,2025-03-24T23:40:03+05:30,27,voice
CDR-006335,918525720621,919772591901,2025-03-25T00:47:20+05:30,8,voice
CDR-006336,919384822654,916309630372,2025-03-25T01:54:44+05:30,0,sms
CDR-006337,916935101816,916931872820,2025-03-25T01:55:47+05:30,62,voice
CDR-006338,916637885677,918437653138,2025-03-25T05:13:26+05:30,14,voice
CDR-006339,918332441743,919342059358,2025-03-25T05:41:08+05:30,5,voice
CDR-006340,916694321946,918510841654,2025-03-25T05:53:04+05:30,345,voice
CDR-006341,919742990720,916293377920,2025-03-25T07:01:30+05:30,0,sms
CDR-006342,916665802686,918437653138,2025-03-25T07:06:42+05:30,10,voice
CDR-006343,917919104175,918332441743,2025-03-25T07:12:58+05:30,0,sms
CDR-006344,916960990031,917288961107,2025-03-25T07:59:00+05:30,208,voice
CDR-006345,916996582331,917538776094,2025-03-25T08:32:10+05:30,32,voice
CDR-006346,916694321946,916082251340,2025-03-25T08:58:58+05:30,62,voice
CDR-006347,918251165584,918047654190,2025-03-25T08:59:16+05:30,16,voice
CDR-006348,916518301062,916424188799,2025-03-25T09:06:42+05:30,5,voice
CDR-006349,916960990031,916691567852,2025-03-25T09:48:59+05:30,363,voice
CDR-006350,919797302867,917187698223,2025-03-25T09:49:57+05:30,64,voice
CDR-006351,916937699779,919714540957,2025-03-25T10:01:25+05:30,0,sms
CDR-006352,919153442407,916849321768,2025-03-25T10:02:54+05:30,382,voice
CDR-006353,919326047954,918510841654,2025-03-25T10:24:56+05:30,38,voice
CDR-006354,919571619646,917730176490,2025-03-25T10:34:32+05:30,0,sms
CDR-006355,918517802039,918766270784,2025-03-25T10:47:04+05:30,22,voice
CDR-006356,917187698223,919797302867,2025-03-25T10:49:42+05:30,0,sms
CDR-006357,919119219019,917311481954,2025-03-25T10:53:58+05:30,28,voice
CDR-006358,916509638924,917630871663,2025-03-25T10:55:38+05:30,142,voice
CDR-006359,917970653224,918547024696,2025-03-25T10:56:55+05:30,0,sms
CDR-006360,917989228447,916912523398,2025-03-25T11:03:33+05:30,95,voice
CDR-006361,919326047954,918524624102,2025-03-25T11:14:12+05:30,40,voice
CDR-006362,918517802039,917545969696,2025-03-25T12:03:47+05:30,163,voice
CDR-006363,917970653224,918547024696,2025-03-25T12:26:24+05:30,101,voice
CDR-006364,919896703780,916309630372,2025-03-25T12:27:12+05:30,53,voice
CDR-006365,919326047954,916705754068,2025-03-25T12:29:10+05:30,69,voice
CDR-006366,918485143212,916479900999,2025-03-25T12:33:33+05:30,9,voice
CDR-006367,917485979569,917545969696,2025-03-25T14:09:20+05:30,13,voice
CDR-006368,918525720621,919577944637,2025-03-25T14:44:14+05:30,17,voice
CDR-006369,919896703780,916641395672,2025-03-25T16:22:58+05:30,209,voice
CDR-006370,916694321946,918829009322,2025-03-25T16:26:03+05:30,30,voice
CDR-006371,916996582331,918843189740,2025-03-25T16:40:41+05:30,32,voice
CDR-006372,919896703780,916309630372,2025-03-25T17:15:00+05:30,55,voice
CDR-006373,917888064876,916852224261,2025-03-25T17:37:20+05:30,33,voice
CDR-006374,919994738491,917837617691,2025-03-25T17:45:43+05:30,49,voice
CDR-006375,916931872820,916935101816,2025-03-25T17:51:14+05:30,165,voice
CDR-006376,919384822654,917288961107,2025-03-25T18:01:06+05:30,15,voice
CDR-006377,916435668733,918437653138,2025-03-25T19:33:02+05:30,19,voice
CDR-006378,916223553521,918772528373,2025-03-25T19:38:22+05:30,20,voice
CDR-006379,917630871663,916876538782,2025-03-25T20:02:57+05:30,140,voice
CDR-006380,916702951376,917147613772,2025-03-25T20:22:50+05:30,0,sms
CDR-006381,916375107792,916849321768,2025-03-25T20:56:38+05:30,23,voice
CDR-006382,916540081641,916702951376,2025-03-25T21:08:06+05:30,77,voice
CDR-006383,918238710435,918766270784,2025-03-25T21:08:36+05:30,0,sms
CDR-006384,918766270784,919326047954,2025-03-25T21:16:18+05:30,46,voice
CDR-006385,919690393547,916217338638,2025-03-25T22:32:06+05:30,75,voice
CDR-006386,917970653224,916637885677,2025-03-25T22:32:34+05:30,17,voice
CDR-006387,916424188799,917469027111,2025-03-25T23:02:06+05:30,0,sms
CDR-006388,916641395672,916691567852,2025-03-25T23:02:34+05:30,10,voice
CDR-006389,918517802039,917545969696,2025-03-25T23:03:06+05:30,20,voice
CDR-006390,918843189740,916424188799,2025-03-25T23:04:37+05:30,33,voice
CDR-006391,918224632063,919415717273,2025-03-25T23:06:02+05:30,47,voice
CDR-006392,916637885677,917485979569,2025-03-25T23:07:56+05:30,53,voice
CDR-006393,918823052386,917888064876,2025-03-25T23:10:44+05:30,0,sms
CDR-006394,919744215949,916937699779,2025-03-25T23:45:57+05:30,19,voice
CDR-006395,917556372626,916543832315,2025-03-25T23:49:12+05:30,601,voice
CDR-006396,917268526587,916770012075,2025-03-25T23:58:16+05:30,212,voice
CDR-006397,916424188799,916367453616,2025-03-26T05:53:30+05:30,0,sms
CDR-006398,918525720621,916051518115,2025-03-26T06:36:16+05:30,76,voice
CDR-006399,917630871663,916082251340,2025-03-26T06:38:45+05:30,16,voice
CDR-006400,916367453616,916852224261,2025-03-26T06:42:31+05:30,32,voice
CDR-006401,916694321946,916082251340,2025-03-26T07:04:55+05:30,87,voice
CDR-006402,916509638924,917679658289,2025-03-26T07:18:43+05:30,125,voice
CDR-006403,917187698223,918485143212,2025-03-26T07:22:27+05:30,110,voice
CDR-006404,916849321768,919600233059,2025-03-26T08:42:25+05:30,104,voice
CDR-006405,916641395672,919647323963,2025-03-26T08:42:57+05:30,13,voice
CDR-006406,918766270784,918840103823,2025-03-26T08:44:36+05:30,38,voice
CDR-006407,919119219019,916325845808,2025-03-26T08:51:01+05:30,50,voice
CDR-006408,917288961107,919384822654,2025-03-26T08:51:03+05:30,0,sms
CDR-006409,917679658289,917846947792,2025-03-26T09:10:34+05:30,0,sms
CDR-006410,918047654190,918251165584,2025-03-26T09:11:57+05:30,61,voice
CDR-006411,918452335165,919994738491,2025-03-26T09:14:05+05:30,28,voice
CDR-006412,918184188031,917876457943,2025-03-26T09:22:47+05:30,81,voice
CDR-006413,916852224261,916424188799,2025-03-26T09:38:30+05:30,12,voice
CDR-006414,917545969696,918517802039,2025-03-26T10:07:55+05:30,205,voice
CDR-006415,917930732092,918973120296,2025-03-26T10:24:15+05:30,25,voice
CDR-006416,916555122302,919384822654,2025-03-26T10:39:22+05:30,99,voice
CDR-006417,917545969696,919690393547,2025-03-26T10:43:43+05:30,307,voice
CDR-006418,917485979569,919690393547,2025-03-26T11:05:05+05:30,32,voice
CDR-006419,918524624102,919415717273,2025-03-26T11:17:02+05:30,27,voice
CDR-006420,919577944637,919326047954,2025-03-26T11:17:31+05:30,48,voice
CDR-006421,919415717273,918224632063,2025-03-26T11:32:45+05:30,75,voice
CDR-006422,919153442407,917846947792,2025-03-26T11:39:38+05:30,0,sms
CDR-006423,919571619646,916555122302,2025-03-26T11:58:33+05:30,80,voice
CDR-006424,916275552433,919896703780,2025-03-26T12:41:39+05:30,70,voice
CDR-006425,918184188031,916691567852,2025-03-26T12:48:47+05:30,41,voice
CDR-006426,916082251340,919415717273,2025-03-26T12:57:46+05:30,96,voice
CDR-006427,916641395672,917730176490,2025-03-26T13:00:21+05:30,103,voice
CDR-006428,918547024696,918452335165,2025-03-26T13:07:37+05:30,22,voice
CDR-006429,919714540957,916122729730,2025-03-26T13:16:25+05:30,69,voice
CDR-006430,918437653138,916665802686,2025-03-26T13:24:04+05:30,105,voice
CDR-006431,916309630372,919600233059,2025-03-26T13:28:00+05:30,51,voice
CDR-006432,916691567852,916275552433,2025-03-26T13:48:11+05:30,107,voice
CDR-006433,918851286499,918680810632,2025-03-26T14:18:48+05:30,54,voice
CDR-006434,917814266084,918547024696,2025-03-26T14:20:17+05:30,29,voice
CDR-006435,917919104175,918527357736,2025-03-26T14:37:47+05:30,68,voice
CDR-006436,918527357736,918332441743,2025-03-26T15:17:15+05:30,348,voice
CDR-006437,916217338638,916665802686,2025-03-26T15:19:41+05:30,28,voice
CDR-006438,917679658289,917500083076,2025-03-26T15:35:34+05:30,136,voice
CDR-006439,916937699779,919744215949,2025-03-26T15:41:36+05:30,0,sms
CDR-006440,916729640279,919772591901,2025-03-26T16:22:27+05:30,11,voice
CDR-006441,918680810632,917556372626,2025-03-26T16:36:24+05:30,0,sms
CDR-006442,919744215949,919714540957,2025-03-26T16:51:48+05:30,115,voice
CDR-006443,916637885677,916665802686,2025-03-26T16:53:49+05:30,0,sms
CDR-006444,916931872820,916935101816,2025-03-26T17:01:16+05:30,220,voice
CDR-006445,917538776094,916996582331,2025-03-26T17:14:58+05:30,34,voice
CDR-006446,917844273643,918184188031,2025-03-26T17:16:24+05:30,74,voice
CDR-006447,917616371951,916194464851,2025-03-26T17:39:02+05:30,34,voice
CDR-006448,917876457943,917844273643,2025-03-26T17:40:10+05:30,0,sms
CDR-006449,918332441743,919342059358,2025-03-26T17:43:15+05:30,92,voice
CDR-006450,916424188799,916852224261,2025-03-26T17:43:26+05:30,88,voice
CDR-006451,916787800822,916637885677,2025-03-26T17:50:32+05:30,32,voice
CDR-006452,917187698223,919797302867,2025-03-26T18:37:47+05:30,28,voice
CDR-006453,917844273643,919896703780,2025-03-26T18:44:14+05:30,27,voice
CDR-006454,916849321768,917147613772,2025-03-26T18:46:07+05:30,127,voice
CDR-006455,916017179896,919747267016,2025-03-26T18:50:10+05:30,20,voice
CDR-006456,917837617691,917814266084,2025-03-26T18:56:42+05:30,56,voice
CDR-006457,917730176490,916641395672,2025-03-26T19:05:19+05:30,714,voice
CDR-006458,916729640279,916665802686,2025-03-26T19:29:24+05:30,51,voice
CDR-006459,916424188799,916518301062,2025-03-26T19:35:19+05:30,49,voice
CDR-006460,917469027111,918485143212,2025-03-26T20:11:45+05:30,142,voice
CDR-006461,916912523398,919647323963,2025-03-26T20:13:27+05:30,12,voice
CDR-006462,918065255396,918047654190,2025-03-26T20:17:46+05:30,126,voice
CDR-006463,918766270784,916026997648,2025-03-26T20:21:50+05:30,10,voice
CDR-006464,917679658289,916876538782,2025-03-26T20:34:39+05:30,332,voice
CDR-006465,918680810632,918851286499,2025-03-26T20:41:23+05:30,16,voice
CDR-006466,919342059358,918332441743,2025-03-26T21:39:59+05:30,35,voice
CDR-006467,918547024696,917311481954,2025-03-26T21:51:41+05:30,38,voice
CDR-006468,916641395672,917730176490,2025-03-26T21:52:18+05:30,13,voice
CDR-006469,918525720621,919415717273,2025-03-26T21:57:29+05:30,0,sms
CDR-006470,917485979569,918437653138,2025-03-26T21:58:36+05:30,21,voice
CDR-006471,917500083076,918238710435,2025-03-26T22:16:45+05:30,11,voice
CDR-006472,916960990031,916691567852,2025-03-26T22:20:30+05:30,5,voice
CDR-006473,918525720621,916051518115,2025-03-26T22:22:34+05:30,59,voice
CDR-006474,919326047954,918766270784,2025-03-26T22:27:05+05:30,120,voice
CDR-006475,916787800822,916665802686,2025-03-26T22:38:13+05:30,315,voice
CDR-006476,919326047954,917930732092,2025-03-26T22:56:43+05:30,58,voice
CDR-006477,916424188799,916852224261,2025-03-26T23:07:47+05:30,59,voice
CDR-006478,919571619646,916641395672,2025-03-26T23:09:03+05:30,649,voice
CDR-006479,919415717273,918829009322,2025-03-26T23:11:13+05:30,60,voice
CDR-006480,916931872820,919371826549,2025-03-26T23:24:10+05:30,49,voice
CDR-006481,916555122302,917989228447,2025-03-26T23:29:03+05:30,296,voice
CDR-006482,918452335165,919994738491,2025-03-26T23:41:59+05:30,51,voice
CDR-006483,916543832315,917260443015,2025-03-26T23:42:06+05:30,22,voice
CDR-006484,917888064876,918823052386,2025-03-26T23:54:41+05:30,57,voice
CDR-006485,918845716772,916051518115,2025-03-26T23:59:18+05:30,33,voice
CDR-006486,917469027111,916479900999,2025-03-26T23:59:43+05:30,81,voice
CDR-006487,918973120296,916026997648,2025-03-27T04:43:34+05:30,56,voice
CDR-006488,918525720621,919415717273,2025-03-27T06:05:34+05:30,149,voice
CDR-006489,916543832315,917353300525,2025-03-27T06:06:55+05:30,51,voice
CDR-006490,917679658289,916055439146,2025-03-27T06:16:21+05:30,58,voice
CDR-006491,916812873288,917260443015,2025-03-27T06:23:09+05:30,335,voice
CDR-006492,916641395672,916022038739,2025-03-27T07:00:41+05:30,0,sms
CDR-006493,918510841654,916694321946,2025-03-27T07:33:29+05:30,77,voice
CDR-006494,917485979569,919690393547,2025-03-27T07:55:15+05:30,139,voice
CDR-006495,917469027111,918485143212,2025-03-27T09:09:06+05:30,105,voice
CDR-006496,917288961107,916691567852,2025-03-27T09:11:36+05:30,18,voice
CDR-006497,918437653138,918680810632,2025-03-27T09:26:09+05:30,0,sms
CDR-006498,916931872820,919371826549,2025-03-27T09:30:40+05:30,73,voice
CDR-006499,919994738491,917814266084,2025-03-27T10:33:26+05:30,360,voice
CDR-006500,916555122302,917994279003,2025-03-27T10:55:38+05:30,84,voice
CDR-006501,918600238302,919994738491,2025-03-27T11:37:44+05:30,0,sms
CDR-006502,916812873288,917353300525,2025-03-27T11:51:06+05:30,11,voice
CDR-006503,917630871663,916876538782,2025-03-27T11:53:09+05:30,0,sms
CDR-006504,916479900999,918485143212,2025-03-27T11:55:44+05:30,82,voice
CDR-006505,918771974035,916309630372,2025-03-27T11:58:54+05:30,59,voice
CDR-006506,917147613772,916849321768,2025-03-27T12:13:44+05:30,39,voice
CDR-006507,916876538782,916855008436,2025-03-27T12:26:12+05:30,309,voice
CDR-006508,916729640279,916876538782,2025-03-27T13:23:05+05:30,76,voice
CDR-006509,919415717273,918224632063,2025-03-27T14:00:47+05:30,110,voice
CDR-006510,919371826549,917538776094,2025-03-27T14:17:28+05:30,37,voice
CDR-006511,919577944637,918973120296,2025-03-27T14:55:51+05:30,0,sms
CDR-006512,916367453616,916996582331,2025-03-27T15:00:21+05:30,0,sms
CDR-006513,916937699779,919744215949,2025-03-27T15:06:12+05:30,20,voice
CDR-006514,916996582331,919371826549,2025-03-27T15:37:53+05:30,39,voice
CDR-006515,918227250029,917469027111,2025-03-27T15:46:22+05:30,58,voice
CDR-006516,918238710435,918081943102,2025-03-27T16:09:59+05:30,163,voice
CDR-006517,918517802039,916653793670,2025-03-27T16:56:33+05:30,149,voice
CDR-006518,919415717273,919772591901,2025-03-27T17:36:45+05:30,90,voice
CDR-006519,917914834602,918251165584,2025-03-27T17:44:32+05:30,29,voice
CDR-006520,918973120296,918510841654,2025-03-27T17:51:30+05:30,67,voice
CDR-006521,919747267016,916017179896,2025-03-27T18:12:45+05:30,56,voice
CDR-006522,917187698223,916996582331,2025-03-27T18:38:29+05:30,52,voice
CDR-006523,918766270784,916026997648,2025-03-27T18:52:03+05:30,25,voice
CDR-006524,916367453616,919797302867,2025-03-27T18:56:10+05:30,391,voice
CDR-006525,916876538782,916855008436,2025-03-27T18:58:23+05:30,19,voice
CDR-006526,918766270784,919577944637,2025-03-27T19:03:36+05:30,95,voice
CDR-006527,918572218538,917914834602,2025-03-27T19:05:57+05:30,0,sms
CDR-006528,919714540957,919744215949,2025-03-27T19:13:16+05:30,25,voice
CDR-006529,917888064876,916852224261,2025-03-27T19:17:19+05:30,0,sms
CDR-006530,916694321946,918829009322,2025-03-27T19:38:14+05:30,161,voice
CDR-006531,916367453616,916424188799,2025-03-27T19:51:00+05:30,225,voice
CDR-006532,916637885677,916787800822,2025-03-27T20:01:09+05:30,311,voice
CDR-006533,916996582331,917187698223,2025-03-27T20:10:44+05:30,391,voice
CDR-006534,917679658289,916876538782,2025-03-27T20:10:57+05:30,184,voice
CDR-006535,919326047954,917930732092,2025-03-27T20:46:06+05:30,62,voice
CDR-006536,917500083076,916017179896,2025-03-27T20:49:59+05:30,140,voice
CDR-006537,918572218538,918251165584,2025-03-27T20:54:49+05:30,13,voice
CDR-006538,917268526587,916770012075,2025-03-27T21:00:09+05:30,181,voice
CDR-006539,916912523398,919153442407,2025-03-27T21:21:53+05:30,0,sms
CDR-006540,916637885677,916217338638,2025-03-27T21:29:48+05:30,0,sms
CDR-006541,916367453616,916518301062,2025-03-27T21:47:09+05:30,0,sms
CDR-006542,918766270784,916876538782,2025-03-27T21:50:53+05:30,70,voice
CDR-006543,918525720621,916051518115,2025-03-27T22:05:01+05:30,63,voice
CDR-006544,917545969696,918452335165,2025-03-27T22:10:21+05:30,11,voice
CDR-006545,919688936655,916561718843,2025-03-27T22:15:08+05:30,0,sms
CDR-006546,916876538782,917679658289,2025-03-27T22:15:40+05:30,312,voice
CDR-006547,916375107792,916849321768,2025-03-27T22:24:53+05:30,22,voice
CDR-006548,918843189740,916996582331,2025-03-27T22:39:00+05:30,23,voice
CDR-006549,916555122302,917989228447,2025-03-27T23:07:14+05:30,33,voice
CDR-006550,916217338638,916665802686,2025-03-27T23:19:59+05:30,13,voice
CDR-006551,917447202903,916665802686,2025-03-27T23:37:32+05:30,0,sms
CDR-006552,918437653138,917485979569,2025-03-27T23:50:10+05:30,66,voice
CDR-006553,917837617691,917545969696,2025-03-27T23:52:55+05:30,0,sms
CDR-006554,919384822654,916309630372,2025-03-28T00:35:04+05:30,113,voice
CDR-006555,917260443015,916543832315,2025-03-28T02:48:31+05:30,28,voice
CDR-006556,916931872820,916935101816,2025-03-28T04:33:56+05:30,585,voice
CDR-006557,919415717273,918224632063,2025-03-28T04:36:37+05:30,0,sms
CDR-006558,918517802039,917545969696,2025-03-28T04:39:00+05:30,9,voice
CDR-006559,919384822654,916849321768,2025-03-28T05:04:21+05:30,54,voice
CDR-006560,916996582331,917538776094,2025-03-28T06:07:55+05:30,135,voice
CDR-006561,919690393547,917545969696,2025-03-28T06:11:40+05:30,42,voice
CDR-006562,916479900999,919742990720,2025-03-28T06:26:43+05:30,129,voice
CDR-006563,917469027111,916479900999,2025-03-28T06:35:03+05:30,153,voice
CDR-006564,918766270784,919577944637,2025-03-28T06:54:49+05:30,0,sms
CDR-006565,917388520357,916051518115,2025-03-28T07:08:34+05:30,0,sms
CDR-006566,917260443015,916812873288,2025-03-28T07:14:53+05:30,122,voice
CDR-006567,916931872820,917469027111,2025-03-28T07:29:33+05:30,88,voice
CDR-006568,917888064876,916852224261,2025-03-28T07:34:00+05:30,258,voice
CDR-006569,918452335165,917837617691,2025-03-28T07:39:23+05:30,0,sms
CDR-006570,916509638924,917630871663,2025-03-28T07:50:04+05:30,97,voice
CDR-006571,919577944637,918525720621,2025-03-28T08:20:26+05:30,0,sms
CDR-006572,916855008436,918063398568,2025-03-28T08:23:03+05:30,36,voice
CDR-006573,916051518115,916705754068,2025-03-28T08:29:46+05:30,159,voice
CDR-006574,917187698223,916996582331,2025-03-28T09:01:38+05:30,106,voice
CDR-006575,919690393547,917814266084,2025-03-28T09:05:18+05:30,71,voice
CDR-006576,916367453616,916518301062,2025-03-28T09:17:06+05:30,14,voice
CDR-006577,918525720621,919577944637,2025-03-28T09:48:22+05:30,84,voice
CDR-006578,919747267016,918845716772,2025-03-28T09:50:56+05:30,27,voice
CDR-006579,916931872820,917914834602,2025-03-28T10:17:36+05:30,16,voice
CDR-006580,918851286499,916665802686,2025-03-28T10:17:45+05:30,132,voice
CDR-006581,917876457943,916997171985,2025-03-28T10:25:06+05:30,0,sms
CDR-006582,916637885677,917970653224,2025-03-28T11:10:51+05:30,0,sms
CDR-006583,916937699779,919744215949,2025-03-28T12:00:40+05:30,63,voice
CDR-006584,916691567852,916275552433,2025-03-28T12:03:44+05:30,9,voice
CDR-006585,917844273643,918129866499,2025-03-28T12:05:27+05:30,7,voice
CDR-006586,916665802686,916637885677,2025-03-28T12:06:30+05:30,95,voice
CDR-006587,919577944637,919326047954,2025-03-28T13:03:21+05:30,40,voice
CDR-006588,919797302867,916931872820,2025-03-28T13:23:03+05:30,24,voice
CDR-006589,918973120296,919577944637,2025-03-28T13:33:56+05:30,170,voice
CDR-006590,917876457943,916849321768,2025-03-28T13:37:33+05:30,38,voice
CDR-006591,918845716772,919747267016,2025-03-28T13:51:36+05:30,34,voice
CDR-006592,919571619646,916641395672,2025-03-28T14:16:25+05:30,92,voice
CDR-006593,916543832315,917556372626,2025-03-28T14:33:41+05:30,240,voice
CDR-006594,916960990031,916691567852,2025-03-28T15:07:02+05:30,54,voice
CDR-006595,916694321946,916082251340,2025-03-28T15:23:10+05:30,26,voice
CDR-006596,917952549560,917388520357,2025-03-28T15:35:21+05:30,44,voice
CDR-006597,917814266084,916705754068,2025-03-28T15:53:25+05:30,0,sms
CDR-006598,916082251340,919415717273,2025-03-28T16:20:43+05:30,30,voice
CDR-006599,919744215949,916223553521,2025-03-28T16:37:17+05:30,141,voice
CDR-006600,916641395672,917730176490,2025-03-28T16:45:30+05:30,89,voice
CDR-006601,919714540957,916122729730,2025-03-28T17:02:00+05:30,0,sms
CDR-006602,916937699779,919714540957,2025-03-28T17:02:44+05:30,0,sms
CDR-006603,919415717273,918081943102,2025-03-28T17:12:46+05:30,55,voice
CDR-006604,916424188799,917469027111,2025-03-28T17:25:52+05:30,30,voice
CDR-006605,918680810632,918437653138,2025-03-28T17:27:33+05:30,38,voice
CDR-006606,917353300525,916325845808,2025-03-28T17:29:22+05:30,52,voice
CDR-006607,919119219019,916325845808,2025-03-28T17:38:35+05:30,76,voice
CDR-006608,918525720621,916051518115,2025-03-28T18:06:17+05:30,37,voice
CDR-006609,919714540957,916122729730,2025-03-28T18:25:39+05:30,85,voice
CDR-006610,916960990031,916309630372,2025-03-28T18:35:26+05:30,211,voice
CDR-006611,917814266084,918547024696,2025-03-28T18:49:03+05:30,19,voice
CDR-006612,916555122302,917989228447,2025-03-28T18:52:55+05:30,24,voice
CDR-006613,917500083076,916017179896,2025-03-28T19:10:20+05:30,22,voice
CDR-006614,916518301062,918081943102,2025-03-28T19:26:36+05:30,50,voice
CDR-006615,917485979569,918437653138,2025-03-28T19:39:36+05:30,317,voice
CDR-006616,916051518115,918845716772,2025-03-28T19:46:55+05:30,77,voice
CDR-006617,916931872820,916424188799,2025-03-28T19:53:24+05:30,24,voice
CDR-006618,917388520357,917952549560,2025-03-28T19:59:04+05:30,15,voice
CDR-006619,916367453616,916424188799,2025-03-28T20:04:08+05:30,74,voice
CDR-006620,918382865694,918572218538,2025-03-28T20:17:17+05:30,11,voice
CDR-006621,919153442407,919688936655,2025-03-28T20:56:14+05:30,113,voice
CDR-006622,916051518115,916082251340,2025-03-28T21:16:21+05:30,22,voice
CDR-006623,917260443015,916435668733,2025-03-28T22:05:56+05:30,24,voice
CDR-006624,916855008436,917630871663,2025-03-28T22:22:00+05:30,136,voice
CDR-006625,919326047954,919577944637,2025-03-28T22:28:44+05:30,54,voice
CDR-006626,916997171985,916309630372,2025-03-28T22:45:57+05:30,32,voice
CDR-006627,917679658289,919577944637,2025-03-28T22:57:35+05:30,46,voice
CDR-006628,916637885677,917970653224,2025-03-28T23:06:38+05:30,132,voice
CDR-006629,917147613772,916702951376,2025-03-28T23:22:45+05:30,69,voice
CDR-006630,916729640279,918829009322,2025-03-29T02:27:25+05:30,84,voice
CDR-006631,919797302867,916424188799,2025-03-29T03:14:56+05:30,0,sms
CDR-006632,916694321946,919415717273,2025-03-29T05:04:13+05:30,5,voice
CDR-006633,916509638924,916082251340,2025-03-29T06:12:36+05:30,62,voice
CDR-006634,919714540957,916937699779,2025-03-29T06:24:27+05:30,48,voice
CDR-006635,917545969696,918547024696,2025-03-29T06:26:04+05:30,47,voice
CDR-006636,916641395672,917730176490,2025-03-29T06:33:33+05:30,243,voice
CDR-006637,917187698223,918227250029,2025-03-29T07:17:39+05:30,0,sms
CDR-006638,917876457943,918184188031,2025-03-29T07:18:45+05:30,272,voice
CDR-006639,917538776094,919371826549,2025-03-29T07:27:21+05:30,0,sms
CDR-006640,918517802039,919600308487,2025-03-29T07:36:50+05:30,63,voice
CDR-006641,916702951376,916375107792,2025-03-29T08:24:14+05:30,147,voice
CDR-006642,919647323963,916641395672,2025-03-29T08:27:36+05:30,274,voice
CDR-006643,918224632063,916051518115,2025-03-29T08:45:39+05:30,33,voice
CDR-006644,916555122302,916055439146,2025-03-29T08:46:11+05:30,529,voice
CDR-006645,918973120296,918238710435,2025-03-29T09:14:03+05:30,22,voice
CDR-006646,919688936655,919647323963,2025-03-29T09:31:24+05:30,51,voice
CDR-006647,917679658289,919577944637,2025-03-29T09:46:43+05:30,59,voice
CDR-006648,916017179896,919747267016,2025-03-29T09:48:35+05:30,134,voice
CDR-006649,917469027111,918227250029,2025-03-29T10:08:36+05:30,33,voice
CDR-006650,917538776094,919371826549,2025-03-29T10:32:38+05:30,0,sms
CDR-006651,916540081641,916702951376,2025-03-29T10:49:56+05:30,175,voice
CDR-006652,918843189740,916424188799,2025-03-29T10:57:22+05:30,63,voice
CDR-006653,919326047954,917930732092,2025-03-29T10:59:55+05:30,13,voice
CDR-006654,917630871663,916855008436,2025-03-29T11:02:09+05:30,0,sms
CDR-006655,916876538782,916855008436,2025-03-29T11:16:52+05:30,17,voice
CDR-006656,918452335165,917545969696,2025-03-29T11:25:24+05:30,76,voice
CDR-006657,919744215949,916937699779,2025-03-29T11:31:08+05:30,23,voice
CDR-006658,917353300525,917260443015,2025-03-29T11:37:02+05:30,28,voice
CDR-006659,916849321768,917844273643,2025-03-29T11:50:42+05:30,0,sms
CDR-006660,919415717273,918829009322,2025-03-29T12:22:20+05:30,142,voice
CDR-006661,916561718843,919688936655,2025-03-29T12:30:58+05:30,44,voice
CDR-006662,918973120296,918510841654,2025-03-29T12:46:53+05:30,24,voice
CDR-006663,916543832315,917556372626,2025-03-29T13:10:44+05:30,149,voice
CDR-006664,916017179896,917952549560,2025-03-29T13:43:55+05:30,275,voice
CDR-006665,918452335165,916435668733,2025-03-29T14:13:13+05:30,74,voice
CDR-006666,919577944637,919326047954,2025-03-29T14:36:15+05:30,0,sms
CDR-006667,917914834602,919136751526,2025-03-29T14:36:21+05:30,53,voice
CDR-006668,917260443015,917545969696,2025-03-29T14:39:46+05:30,137,voice
CDR-006669,917930732092,918766270784,2025-03-29T14:43:57+05:30,71,voice
CDR-006670,916637885677,917970653224,2025-03-29T14:59:46+05:30,25,voice
CDR-006671,916694321946,919415717273,2025-03-29T15:24:25+05:30,342,voice
CDR-006672,917288961107,919384822654,2025-03-29T15:52:41+05:30,55,voice
CDR-006673,916694321946,918224632063,2025-03-29T15:55:01+05:30,123,voice
CDR-006674,918452335165,919690393547,2025-03-29T16:16:18+05:30,32,voice
CDR-006675,916309630372,917970653224,2025-03-29T16:34:46+05:30,23,voice
CDR-006676,916935101816,917187698223,2025-03-29T16:41:20+05:30,0,sms
CDR-006677,917630871663,918524624102,2025-03-29T16:44:09+05:30,122,voice
CDR-006678,918851286499,918680810632,2025-03-29T16:56:48+05:30,65,voice
CDR-006679,917989228447,919647323963,2025-03-29T17:01:45+05:30,0,sms
CDR-006680,918680810632,918437653138,2025-03-29T17:10:25+05:30,14,voice
CDR-006681,916812873288,919690393547,2025-03-29T17:17:09+05:30,0,sms
CDR-006682,918437653138,917485979569,2025-03-29T17:21:46+05:30,0,sms
CDR-006683,918527357736,916293377920,2025-03-29T17:44:51+05:30,6,voice
CDR-006684,917288961107,916960990031,2025-03-29T18:07:15+05:30,42,voice
CDR-006685,917837617691,917814266084,2025-03-29T18:32:44+05:30,65,voice
CDR-006686,919275070531,917919104175,2025-03-29T18:50:50+05:30,45,voice
CDR-006687,919747267016,918845716772,2025-03-29T19:05:35+05:30,176,voice
CDR-006688,917260443015,917353300525,2025-03-29T19:08:02+05:30,0,sms
CDR-006689,916935101816,916424188799,2025-03-29T19:53:16+05:30,83,voice
CDR-006690,919690393547,917814266084,2025-03-29T20:01:58+05:30,114,voice
CDR-006691,918047654190,918251165584,2025-03-29T20:04:44+05:30,26,voice
CDR-006692,916637885677,916665802686,2025-03-29T20:23:33+05:30,99,voice
CDR-006693,918829009322,917679658289,2025-03-29T20:35:43+05:30,52,voice
CDR-006694,916691567852,916275552433,2025-03-29T20:59:04+05:30,35,voice
CDR-006695,916641395672,919571619646,2025-03-29T21:37:08+05:30,94,voice
CDR-006696,919688936655,919153442407,2025-03-29T21:47:49+05:30,23,voice
CDR-006697,916852224261,916424188799,2025-03-29T22:03:40+05:30,88,voice
CDR-006698,918973120296,918510841654,2025-03-29T22:04:20+05:30,46,voice
CDR-006699,917876587248,919371826549,2025-03-29T22:11:49+05:30,59,voice
CDR-006700,916543832315,917260443015,2025-03-29T22:16:58+05:30,40,voice
CDR-006701,916852224261,916424188799,2025-03-29T22:31:29+05:30,140,voice
CDR-006702,916931872820,916935101816,2025-03-29T22:32:12+05:30,172,voice
CDR-006703,917260443015,916812873288,2025-03-29T22:40:49+05:30,189,voice
CDR-006704,917914834602,918572218538,2025-03-29T23:14:09+05:30,65,voice
CDR-006705,916424188799,916852224261,2025-03-29T23:29:15+05:30,0,sms
CDR-006706,919747267016,918829009322,2025-03-29T23:41:27+05:30,44,voice
CDR-006707,918437653138,916637885677,2025-03-29T23:53:39+05:30,104,voice
CDR-006708,917353300525,916543832315,2025-03-30T02:53:39+05:30,43,voice
CDR-006709,917679658289,919577944637,2025-03-30T07:04:14+05:30,0,sms
CDR-006710,918547024696,918452335165,2025-03-30T07:35:10+05:30,63,voice
CDR-006711,916641395672,919571619646,2025-03-30T07:44:14+05:30,31,voice
CDR-006712,918845716772,916051518115,2025-03-30T08:10:18+05:30,65,voice
CDR-006713,918973120296,917930732092,2025-03-30T08:14:01+05:30,23,voice
CDR-006714,916641395672,919647323963,2025-03-30T08:28:56+05:30,35,voice
CDR-006715,918572218538,918251165584,2025-03-30T09:02:08+05:30,0,sms
CDR-006716,918527357736,919342059358,2025-03-30T09:17:17+05:30,123,voice
CDR-006717,918829009322,919415717273,2025-03-30T09:17:35+05:30,118,voice
CDR-006718,916435668733,916055439146,2025-03-30T10:00:20+05:30,75,voice
CDR-006719,917353300525,916812873288,2025-03-30T10:26:01+05:30,127,voice
CDR-006720,919714540957,916770012075,2025-03-30T10:52:06+05:30,7,voice
CDR-006721,916543832315,917556372626,2025-03-30T11:05:28+05:30,0,sms
CDR-006722,916535545166,918251165584,2025-03-30T11:39:39+05:30,116,voice
CDR-006723,917814266084,919690393547,2025-03-30T11:44:05+05:30,29,voice
CDR-006724,917353300525,917556372626,2025-03-30T12:36:42+05:30,22,voice
CDR-006725,919742990720,916367453616,2025-03-30T12:46:56+05:30,60,voice
CDR-006726,919577944637,916026997648,2025-03-30T12:47:29+05:30,17,voice
CDR-006727,917919104175,918332441743,2025-03-30T13:05:06+05:30,42,voice
CDR-006728,916479900999,918485143212,2025-03-30T13:06:03+05:30,45,voice
CDR-006729,916367453616,919742990720,2025-03-30T13:51:41+05:30,0,sms
CDR-006730,917919104175,919275070531,2025-03-30T13:51:51+05:30,95,voice
CDR-006731,919275070531,917919104175,2025-03-30T14:27:10+05:30,149,voice
CDR-006732,916518301062,918382865694,2025-03-30T14:45:00+05:30,47,voice
CDR-006733,918525720621,916051518115,2025-03-30T15:15:47+05:30,108,voice
CDR-006734,918251165584,916535545166,2025-03-30T15:48:41+05:30,54,voice
CDR-006735,919577944637,918973120296,2025-03-30T15:53:39+05:30,53,voice
CDR-006736,918452335165,918547024696,2025-03-30T15:57:01+05:30,343,voice
CDR-006737,916787800822,916665802686,2025-03-30T16:15:15+05:30,22,voice
CDR-006738,919384822654,916309630372,2025-03-30T16:26:58+05:30,148,voice
CDR-006739,917914834602,918251165584,2025-03-30T16:40:39+05:30,44,voice
CDR-006740,918771974035,916309630372,2025-03-30T17:01:13+05:30,150,voice
CDR-006741,916787800822,916637885677,2025-03-30T17:03:04+05:30,0,sms
CDR-006742,916555122302,919384822654,2025-03-30T17:06:31+05:30,105,voice
CDR-006743,917730176490,917989228447,2025-03-30T17:16:07+05:30,25,voice
CDR-006744,917970653224,918547024696,2025-03-30T17:19:41+05:30,243,voice
CDR-006745,917914834602,916194464851,2025-03-30T17:24:06+05:30,133,voice
CDR-006746,916555122302,917989228447,2025-03-30T17:30:10+05:30,0,sms
CDR-006747,917545969696,919994738491,2025-03-30T18:02:10+05:30,60,voice
CDR-006748,916997171985,917876457943,2025-03-30T18:29:07+05:30,14,voice
CDR-006749,916051518115,918845716772,2025-03-30T18:46:21+05:30,19,voice
CDR-006750,919384822654,917288961107,2025-03-30T19:14:13+05:30,16,voice
CDR-006751,918184188031,917844273643,2025-03-30T19:33:16+05:30,0,sms
CDR-006752,916555122302,919647323963,2025-03-30T19:40:00+05:30,127,voice
CDR-006753,918823052386,917888064876,2025-03-30T20:09:40+05:30,120,voice
CDR-006754,918510841654,918973120296,2025-03-30T20:29:58+05:30,54,voice
CDR-006755,916535545166,917914834602,2025-03-30T20:39:17+05:30,0,sms
CDR-006756,919384822654,919600233059,2025-03-30T20:43:23+05:30,85,voice
CDR-006757,918527357736,919342059358,2025-03-30T21:05:42+05:30,0,sms
CDR-006758,918047654190,918065255396,2025-03-30T21:34:43+05:30,30,voice
CDR-006759,918527357736,919342059358,2025-03-30T21:47:43+05:30,70,voice
CDR-006760,916367453616,916518301062,2025-03-30T22:10:39+05:30,161,voice
CDR-006761,916367453616,916518301062,2025-03-30T22:16:53+05:30,104,voice
CDR-006762,916026997648,918973120296,2025-03-30T22:42:07+05:30,33,voice
CDR-006763,916017179896,919747267016,2025-03-30T23:21:30+05:30,45,voice
CDR-006764,916309630372,919896703780,2025-03-30T23:35:49+05:30,55,voice
CDR-006765,918600238302,919994738491,2025-03-30T23:49:44+05:30,0,sms
CDR-006766,917545969696,918452335165,2025-03-30T23:53:05+05:30,27,voice
CDR-006767,916876538782,917500083076,2025-03-31T00:01:39+05:30,0,sms
CDR-006768,917730176490,919571619646,2025-03-31T03:16:53+05:30,134,voice
CDR-006769,919797302867,916424188799,2025-03-31T04:02:04+05:30,89,voice
CDR-006770,918829009322,919415717273,2025-03-31T04:25:09+05:30,0,sms
CDR-006771,919600233059,916309630372,2025-03-31T04:50:12+05:30,23,voice
CDR-006772,916694321946,919415717273,2025-03-31T05:38:44+05:30,15,voice
CDR-006773,919647323963,916641395672,2025-03-31T06:06:24+05:30,23,voice
CDR-006774,917952549560,916705754068,2025-03-31T06:09:09+05:30,51,voice
CDR-006775,917730176490,916641395672,2025-03-31T06:14:17+05:30,260,voice
CDR-006776,918525720621,916017179896,2025-03-31T06:18:48+05:30,30,voice
CDR-006777,917989228447,916912523398,2025-03-31T06:47:13+05:30,0,sms
CDR-006778,918973120296,917930732092,2025-03-31T06:56:34+05:30,0,sms
CDR-006779,916935101816,916424188799,2025-03-31T07:27:01+05:30,30,voice
CDR-006780,919326047954,919577944637,2025-03-31T08:44:01+05:30,0,sms
CDR-006781,919772591901,918766270784,2025-03-31T09:14:42+05:30,36,voice
CDR-006782,918766270784,919326047954,2025-03-31T09:17:36+05:30,46,voice
CDR-006783,917914834602,916931872820,2025-03-31T09:34:52+05:30,28,voice
CDR-006784,919571619646,916555122302,2025-03-31T09:36:50+05:30,62,voice
CDR-006785,917545969696,917485979569,2025-03-31T10:08:00+05:30,70,voice
CDR-006786,916694321946,916017179896,2025-03-31T10:11:28+05:30,0,sms
CDR-006787,916026997648,919326047954,2025-03-31T10:16:05+05:30,62,voice
CDR-006788,918047654190,919600308487,2025-03-31T10:36:58+05:30,100,voice
CDR-006789,916996582331,917187698223,2025-03-31T10:45:03+05:30,115,voice
CDR-006790,919326047954,916705754068,2025-03-31T10:59:33+05:30,33,voice
CDR-006791,917814266084,918547024696,2025-03-31T11:26:08+05:30,85,voice
CDR-006792,916665802686,918437653138,2025-03-31T11:31:31+05:30,232,voice
CDR-006793,916479900999,918485143212,2025-03-31T11:39:36+05:30,28,voice
CDR-006794,918572218538,917914834602,2025-03-31T11:46:04+05:30,0,sms
CDR-006795,916876538782,917679658289,2025-03-31T12:23:34+05:30,46,voice
CDR-006796,916509638924,917630871663,2025-03-31T13:20:36+05:30,85,voice
CDR-006797,916082251340,917630871663,2025-03-31T13:30:16+05:30,32,voice
CDR-006798,918238710435,918829009322,2025-03-31T13:36:27+05:30,27,voice
CDR-006799,917876457943,916849321768,2025-03-31T13:49:51+05:30,242,voice
CDR-006800,917952549560,916705754068,2025-03-31T13:56:14+05:30,0,sms
CDR-006801,917989228447,916555122302,2025-03-31T14:11:23+05:30,58,voice
CDR-006802,916026997648,919577944637,2025-03-31T14:37:27+05:30,20,voice
CDR-006803,917538776094,916996582331,2025-03-31T14:47:19+05:30,32,voice
CDR-006804,916996582331,919371826549,2025-03-31T14:54:58+05:30,36,voice
CDR-006805,919275070531,917919104175,2025-03-31T14:57:31+05:30,21,voice
CDR-006806,916017179896,918829009322,2025-03-31T15:04:49+05:30,126,voice
CDR-006807,916849321768,919384822654,2025-03-31T15:05:23+05:30,0,sms
CDR-006808,918973120296,919577944637,2025-03-31T15:06:40+05:30,15,voice
CDR-006809,917837617691,918452335165,2025-03-31T15:21:02+05:30,21,voice
CDR-006810,916194464851,916931872820,2025-03-31T15:23:30+05:30,15,voice
CDR-006811,916309630372,917970653224,2025-03-31T15:35:48+05:30,37,voice
CDR-006812,918437653138,918600238302,2025-03-31T15:37:44+05:30,0,sms
CDR-006813,916540081641,916702951376,2025-03-31T16:02:41+05:30,38,voice
CDR-006814,917837617691,918452335165,2025-03-31T16:50:40+05:30,17,voice
CDR-006815,916653793670,919119219019,2025-03-31T16:56:13+05:30,27,voice
CDR-006816,916555122302,917989228447,2025-03-31T17:43:32+05:30,18,voice
CDR-006817,917500083076,916017179896,2025-03-31T17:49:43+05:30,115,voice
CDR-006818,918829009322,918973120296,2025-03-31T18:02:49+05:30,71,voice
CDR-006819,917545969696,916637885677,2025-03-31T18:26:48+05:30,129,voice
CDR-006820,916518301062,916479900999,2025-03-31T18:46:51+05:30,218,voice
CDR-006821,918547024696,917837617691,2025-03-31T19:01:11+05:30,99,voice
CDR-006822,916325845808,919119219019,2025-03-31T19:11:17+05:30,20,voice
CDR-006823,919647323963,916912523398,2025-03-31T19:16:38+05:30,761,voice
CDR-006824,916729640279,919577944637,2025-03-31T19:35:46+05:30,18,voice
CDR-006825,918452335165,919690393547,2025-03-31T19:49:51+05:30,28,voice
CDR-006826,918510841654,917679658289,2025-03-31T19:51:37+05:30,48,voice
CDR-006827,918184188031,917147613772,2025-03-31T20:21:08+05:30,7,voice
CDR-006828,916309630372,919896703780,2025-03-31T20:21:53+05:30,0,sms
CDR-006829,916479900999,918485143212,2025-03-31T20:30:02+05:30,30,voice
CDR-006830,918680810632,918437653138,2025-03-31T20:47:49+05:30,0,sms
CDR-006831,916729640279,916665802686,2025-03-31T20:53:30+05:30,34,voice
CDR-006832,916026997648,918766270784,2025-03-31T20:55:18+05:30,67,voice
CDR-006833,919647323963,916641395672,2025-03-31T21:16:14+05:30,0,sms
CDR-006834,919415717273,916082251340,2025-03-31T21:27:30+05:30,344,voice
CDR-006835,916217338638,916812873288,2025-03-31T21:46:12+05:30,83,voice
CDR-006836,918251165584,918572218538,2025-03-31T21:49:22+05:30,104,voice
CDR-006837,918572218538,918251165584,2025-03-31T21:55:50+05:30,17,voice
CDR-006838,918452335165,919690393547,2025-03-31T22:06:39+05:30,46,voice
CDR-006839,916325845808,917353300525,2025-03-31T22:09:41+05:30,862,voice
CDR-006840,919714540957,916122729730,2025-03-31T22:11:18+05:30,0,sms
CDR-006841,917545969696,918452335165,2025-03-31T22:12:05+05:30,185,voice
CDR-006842,917447202903,917970653224,2025-03-31T22:22:04+05:30,68,voice
CDR-006843,916555122302,917989228447,2025-03-31T22:34:40+05:30,0,sms
CDR-006844,918771974035,916309630372,2025-03-31T22:45:11+05:30,132,voice
CDR-006845,917630871663,916509638924,2025-03-31T22:56:27+05:30,65,voice
CDR-006846,917538776094,916996582331,2025-03-31T23:10:13+05:30,73,voice
CDR-006847,916217338638,918547024696,2025-03-31T23:33:35+05:30,0,sms
CDR-006848,918843189740,917187698223,2025-03-31T23:50:14+05:30,47,voice
